periode,timeframe,session,n_barer,n_barer_ATR_nul,ATR_pct_p10,ATR_pct_p50,ATR_pct_p90,R_usd_p10,R_usd_p50,R_usd_p90,risiko_pct_af_MLL_brutto_p50,risiko_pct_af_MLL_brutto_p90,risiko_pct_af_MLL_netto_p50,risiko_pct_af_MLL_netto_p90,omk_R_netto_p50,omk_R_netto_p90,be_WR_pct_brutto,be_WR_pct_netto_p50,be_WR_pct_netto_p90
hele,1m,RTH,1372987,0,0.026440008436520487,0.05351951468878873,0.11454242427325743,15.408179316466681,31.18903238003852,66.7507431694835,1.559451619001926,3.337537158474175,1.682951619001926,3.461037158474175,0.07919450561668723,0.16030446876761936,33.33333333333333,35.973150187222906,38.67681562558731
hele,3m,RTH,457660,0,0.04976413217156509,0.09575328726699645,0.1964615139782065,29.000545664301274,55.80118568771485,114.48991188593962,2.790059284385743,5.724495594296981,2.9135592843857427,5.847995594296981,0.04426429240822566,0.08517081121829001,33.33333333333333,34.80880974694085,36.172360373943
hele,5m,RTH,274593,0,0.06790629083421681,0.12501042727723427,0.2528646954814531,39.573070046548196,72.85107660008104,147.3594299387716,3.642553830004052,7.367971496938581,3.766053830004052,7.491471496938581,0.033904783776349194,0.06241618345777671,33.33333333333333,34.46349279254497,35.41387278192589
hele,15m,RTH,91525,0,0.12996792872273025,0.21994774306129586,0.42912481668347585,75.74011014245829,128.17674674640077,250.0767781704624,6.408837337320038,12.50383890852312,6.532337337320038,12.627338908523122,0.01927026596241302,0.032611518491085685,33.33333333333333,33.97567553208044,34.42038394970286
hele,1m,døgn,4818664,0,0.010651613605113734,0.027591208679088222,0.07668014336965075,6.20733434451608,16.079052769825452,44.686120350097674,0.8039526384912726,2.2343060175048834,0.9274526384912727,2.3578060175048834,0.1536160142863233,0.397916378095962,33.33333333333333,38.45386714287744,46.597212603198734
hele,3m,døgn,1646567,0,0.02021176815984238,0.050564658927624594,0.1315066562059197,11.778610012829745,29.46706063666251,76.63681897056176,1.4733530318331256,3.8318409485280878,1.5968530318331255,3.9553409485280877,0.08382240870427572,0.2097021632699783,33.33333333333333,36.12741362347586,40.32340544233261
hele,5m,døgn,991771,0,0.02805252951342081,0.06787165243692829,0.16859747834861083,16.34789209924111,39.55288417414433,98.25186648243644,1.9776442087072168,4.912593324121822,2.1011442087072165,5.036093324121822,0.062448037648153,0.15108981543343197,33.33333333333333,35.41493458827177,38.36966051444773
hele,15m,døgn,332382,0,0.06017887852436457,0.12713026895784169,0.2800000971498129,35.0698432488587,74.08643553787181,163.17285661502495,3.7043217768935905,8.158642830751248,3.827821776893591,8.282142830751248,0.033339436322908006,0.07043088223898503,33.33333333333333,34.44464787743027,35.681029407966165
K3 2016-2026,1m,RTH,1044096,0,0.02663312580919456,0.05658833789935522,0.1228824930709555,15.520720396566222,32.97741979422825,71.61100166203003,1.6488709897114124,3.580550083101502,1.7723709897114124,3.7040500831015017,0.0748997348917253,0.15914209759154135,33.33333333333333,35.829991163057514,38.63806991971805
K3 2016-2026,3m,RTH,348036,0,0.04999288412763853,0.1006416433277128,0.21045767744703958,29.13385315422263,58.64992406565791,122.6463161090368,2.932496203282896,6.1323158054518405,3.055996203282896,6.2558158054518405,0.04211429152465508,0.08478109596255552,33.33333333333333,34.737143050821835,36.15936986541852
K3 2016-2026,5m,RTH,208823,0,0.0680767577482427,0.13150721335363644,0.27101015766016207,39.672411345365916,76.63714365396517,157.93387947803606,3.831857182698258,7.896693973901803,3.955357182698258,8.020193973901803,0.03222980244609108,0.062259890848751984,33.33333333333333,34.40766008153637,35.408663028291734
K3 2016-2026,15m,RTH,69610,0,0.12964006055402716,0.23192009612208075,0.4587048458262957,75.54904168846487,135.15375521610378,267.3148359537321,6.757687760805188,13.365741797686603,6.881187760805188,13.489241797686605,0.018275481846958267,0.03269399520943483,33.33333333333333,33.94251606156528,34.42313317364783
K3 2016-2026,1m,døgn,3741289,0,0.01118258902905462,0.02902162911296423,0.08099216309025387,6.51676558257187,16.912644581871035,47.198992962476346,0.8456322290935517,2.3599496481238176,0.9691322290935518,2.4834496481238175,0.14604457558622363,0.3790223798452582,33.33333333333333,38.20148585287412,45.96741266150861
K3 2016-2026,3m,døgn,1254602,0,0.021665787312380756,0.05334641372162566,0.1398467497303154,12.62595421416301,31.08815606041457,81.49709187283862,1.5544078030207285,4.074854593641931,1.6779078030207284,4.198354593641931,0.0794514796955231,0.19562877847533838,33.33333333333333,35.98171598985076,39.854292615844614
K3 2016-2026,5m,døgn,753153,0,0.029782787651766132,0.0712275428345438,0.1792530646859285,17.35621733194323,41.50856286225874,104.46151597637169,2.075428143112937,5.223075798818584,2.198928143112937,5.346575798818584,0.05950579421880741,0.14231211517834458,33.33333333333333,35.316859807293575,38.07707050594482
K3 2016-2026,15m,døgn,251176,0,0.061767905031484036,0.1323938003629473,0.29610038792566645,35.99586433614763,77.15381109951115,172.5554620675614,3.8576905549755574,8.62777310337807,3.9811905549755573,8.75127310337807,0.032013972671006655,0.06861899403036847,33.33333333333333,34.400465755700225,35.62063313434562
2010,1m,RTH,11897,0,0.03327928226722626,0.05697645331711147,0.09599410557158179,19.393834534048775,33.203597935079884,55.941524962895,1.6601798967539942,2.79707624814475,1.7836798967539942,2.92057624814475,0.07438952865377352,0.1273600638885548,33.33333333333333,35.81298428845911,37.57866879628516
2010,3m,RTH,3957,0,0.061544325566955584,0.10457877535822284,0.16640405812326178,35.86557116739903,60.94432712775794,96.97362891191204,3.0472163563878967,4.848681445595602,3.1707163563878966,4.972181445595602,0.04052879269340566,0.06886832977418521,33.33333333333333,34.68429308978019,35.628944325806174
2010,5m,RTH,2369,0,0.08436631596094599,0.13883893833564342,0.20937801515655624,49.16531428940088,80.90977970447956,122.01713211263471,4.045488985223978,6.100856605631736,4.168988985223978,6.224356605631736,0.030527829998074373,0.05023867448623108,33.33333333333333,34.35092766660248,35.007955816207705
2010,15m,RTH,781,0,0.16652834747784973,0.2404210353345575,0.3726683097169189,97.0460597761917,140.10776255156674,217.17618417063167,7.005388127578336,10.858809208531584,7.128888127578337,10.982309208531584,0.017629287307267615,0.025451831900195964,33.33333333333333,33.92097624357559,34.181727730006536
2010,1m,døgn,49787,0,0.01434301604648924,0.02688663067993009,0.0714647395566188,8.35853603125207,15.66845289503606,41.64679162401517,0.7834226447518029,2.082339581200759,0.9069226447518031,2.2058395812007587,0.15764160102766264,0.2955062933026661,33.33333333333333,38.588053367588756,43.18354311008888
2010,3m,døgn,19595,0,0.026163963695090362,0.05043986227342005,0.12219619089745908,15.24731148295086,29.394334138458273,71.21105220740326,1.4697167069229138,3.560552610370163,1.5932167069229137,3.6840526103701623,0.0840297993608353,0.16199577445806937,33.33333333333333,36.13432664536118,38.733192481935646
2010,5m,døgn,12125,0,0.038250777597986396,0.07249156293129812,0.15829642023747437,22.291023153002552,42.24518321384329,92.24882185759056,2.1122591606921644,4.612441092879528,2.2357591606921643,4.735941092879528,0.05846820423282264,0.11080693711047361,33.33333333333333,35.28227347442742,37.02689790368245
2010,15m,døgn,4181,0,0.09149981749034873,0.15683663278827903,0.2758732799418649,53.32243364067563,91.39811612369748,160.76791261892117,4.569905806184874,8.03839563094606,4.693405806184874,8.16189563094606,0.027024627035606753,0.04632196678502358,33.33333333333333,34.234154234520226,34.87739889283412
2011,1m,RTH,26340,0,0.033133895328913976,0.05757042406233098,0.1112148902175078,19.309108841877908,33.549740326564006,64.81158942315486,1.6774870163282,3.2405794711577425,1.8009870163282002,3.3640794711577424,0.07362203155583913,0.12791890192260763,33.33333333333333,35.78740105186131,37.59729673075359
2011,3m,RTH,8780,0,0.06285290921899732,0.10358068953453103,0.19141808310475805,36.628161376462884,60.3626826331433,111.55080211012881,3.018134131657165,5.57754010550644,3.141634131657165,5.70104010550644,0.04091932132342063,0.06743445232360824,33.33333333333333,34.69731071078069,35.581148410786945
2011,5m,RTH,5268,0,0.08476633629079122,0.1361102478235767,0.24709794665311297,49.398430136821496,79.31960802166756,143.99879939156813,3.965980401083378,7.199939969578406,4.089480401083378,7.323439969578406,0.031139841239140546,0.05000159886634772,33.33333333333333,34.371328041304686,35.00005329554492
2011,15m,RTH,1756,0,0.16631408199617548,0.23788155356160468,0.4299902416218086,96.92119442409123,138.62785415356075,250.58111320752516,6.931392707678038,12.529055660376258,7.054892707678038,12.652555660376258,0.017817489494343752,0.02548462317077567,33.33333333333333,33.92724964981146,34.18282077235919
2011,1m,døgn,106728,0,0.013763711363246493,0.03097651639412427,0.08072760078542966,8.020940434045526,18.051874693839864,47.04481663371699,0.9025937346919931,2.3522408316858496,1.026093734691993,2.4757408316858496,0.13682789416028696,0.3079439401160896,33.33333333333333,37.89426313867623,43.598131337202986
2011,3m,døgn,39949,0,0.02480563089339051,0.05863044084257048,0.13996571165586488,14.455729459432254,34.16747570541637,81.56641812457183,1.7083737852708187,4.0783209062285914,1.8318737852708187,4.201820906228591,0.07229097113570042,0.17086650717729654,33.33333333333333,35.74303237119001,39.028883572576554
2011,5m,døgn,24428,0,0.03585665898260043,0.0820803597487399,0.1850159169923723,20.895826588700228,47.83315044717567,107.81987578647488,2.3916575223587833,5.390993789323745,2.515157522358783,5.514493789323745,0.051637828142584635,0.11820542227671302,33.33333333333333,35.05459427141949,37.27351407589043
2011,15m,døgn,8321,0,0.08505822022187623,0.1664121755370516,0.34821653160783184,49.56852841650059,96.97835941597218,202.92666595978008,4.848917970798609,10.146333297989004,4.972417970798609,10.269833297989003,0.025469599763029146,0.04983000461998335,33.33333333333333,34.18231999210097,34.99433348733278
2012,1m,RTH,41366,0,0.029961691204804308,0.0490111333466072,0.08004081054141318,17.460475166511756,28.561728069068813,46.64458275111395,1.4280864034534406,2.3322291375556974,1.5515864034534403,2.4557291375556973,0.08647936128056116,0.14146235871500493,33.33333333333333,36.21597870935204,38.04874529050017
2012,3m,RTH,13790,0,0.056449436264829796,0.0903959761733155,0.13565535946764154,32.89647347769221,52.679159074761344,79.05451728336278,2.633957953738067,3.9527258641681393,2.757457953738067,4.07622586416814,0.04688761256134809,0.07508403603428682,33.33333333333333,34.896253752044935,35.83613453447623
2012,5m,RTH,8274,0,0.07735475326532464,0.11912509680515013,0.17071981322577526,45.079256012900586,69.42134141416929,99.48867835545279,3.4710670707084645,4.9744339177726395,3.5945670707084645,5.0979339177726395,0.03557983683728339,0.054792386095537465,33.33333333333333,34.519327894576115,35.15974620318458
2012,15m,RTH,2758,0,0.14785010830125062,0.2099688310406758,0.281739009440649,86.16112911363682,122.36143597726422,164.18622514163263,6.118071798863212,8.209311257081632,6.241571798863211,8.332811257081632,0.0201860985238208,0.02866721950974924,33.33333333333333,34.00620328412736,34.28890731699164
2012,1m,døgn,145070,0,0.010971766951693605,0.022818069241163776,0.059281929417460244,6.393906908768965,13.297458030980604,34.54713718731913,0.6648729015490301,1.7273568593659567,0.7883729015490302,1.8508568593659567,0.18574978726454217,0.38630528021947313,33.33333333333333,39.52499290881807,46.210176007315766
2012,3m,døgn,53271,0,0.020342999759978938,0.04303882373411428,0.1021319220083021,11.855086540125326,25.08130491929244,59.518398869558126,1.254065245964622,2.9759199434779062,1.377565245964622,3.099419943477906,0.09847972455771574,0.20834938586402665,33.33333333333333,36.615990818590525,40.27831286213422
2012,5m,døgn,32393,0,0.02954471235653008,0.059655114119398854,0.13145882575209958,17.21747657289147,34.76461430422088,76.60894529529355,1.7382307152110439,3.8304472647646777,1.8617307152110438,3.9539472647646776,0.07104925653382295,0.14345888565813691,33.33333333333333,35.70164188446077,38.11529618860456
2012,15m,døgn,11014,0,0.07071346587279385,0.12212323788607465,0.21544832028505836,41.20897937202935,71.16853811048887,125.55466312932062,3.558426905524443,6.277733156466032,3.6819269055244432,6.401233156466032,0.03470634742392935,0.05993839403843655,33.33333333333333,34.49021158079764,35.33127980128122
2013,1m,RTH,81937,0,0.024905654880256037,0.040188177912296195,0.06863426664645705,14.514019438018009,23.42006256016973,39.99730523088931,1.1710031280084865,1.9998652615444654,1.2945031280084864,2.1233652615444654,0.1054651324544583,0.17018028744885572,33.33333333333333,36.84883774848194,39.00600958162852
2013,3m,RTH,27313,0,0.04731857552560885,0.07438016268280893,0.11640038783786505,27.575373073303815,43.34578360503373,67.83349001639424,2.1672891802516867,3.391674500819712,2.2907891802516867,3.5151745008197115,0.05698362780810727,0.08957267753026708,33.33333333333333,35.232787593603575,36.319089251008904
2013,5m,RTH,16388,0,0.0648536318894592,0.09810852290637045,0.14718512149305407,37.79410251990124,57.173722808916445,85.7736014012922,2.8586861404458226,4.2886800700646095,2.9821861404458216,4.412180070064609,0.043201664657306044,0.06535411551958009,33.33333333333333,34.7733888219102,35.51180385065267
2013,15m,RTH,5463,0,0.12535746602986172,0.17527921851100453,0.24689668523062056,73.05331690356222,102.145717379473,143.88151228499643,5.10728586897365,7.194075614249822,5.2307858689736495,7.317575614249822,0.024181141053852606,0.03381092364268784,33.33333333333333,34.13937136846175,34.46036412142293
2013,1m,døgn,246544,0,0.009093074694864457,0.019636971359868152,0.051743225006845604,5.299080209179211,11.443641429676763,30.153881804989343,0.5721820714838382,1.5076940902494673,0.6956820714838382,1.6311940902494673,0.21584038746774886,0.46611862861098924,33.33333333333333,40.528012915591624,48.87062095369964
2013,3m,døgn,89455,0,0.015888768851226337,0.0360217459409706,0.08658263885903514,9.259338935740661,20.992032664560025,50.45689862149132,1.0496016332280014,2.5228449310745664,1.173101633228001,2.646344931074566,0.1176636888608695,0.2667577045593068,33.33333333333333,37.255456295362315,42.22525681864356
2013,5m,døgn,54494,0,0.022508584855531193,0.04892851859349175,0.10895073609032717,13.117102910409356,28.513583495543255,63.49213096399905,1.4256791747771627,3.174606548199953,1.5491791747771626,3.2981065481999527,0.08662537981667096,0.18830377538908297,33.33333333333333,36.220845993889036,39.610125846302765
2013,15m,døgn,18586,0,0.05363226958265006,0.09621177965653559,0.17164044607646983,31.25474142198515,56.06837671264268,100.02518635552357,2.803418835632134,5.001259317776178,2.926918835632134,5.124759317776179,0.044053353260685185,0.0790280104823549,33.33333333333333,34.801778442022844,35.967600349411825
2014,1m,RTH,80190,0,0.022956732925341047,0.04308067140503294,0.08500706128998464,13.378265679571749,25.10569206799699,49.53871503735145,1.2552846033998497,2.4769357518675723,1.3787846033998497,2.6004357518675723,0.09838406339527334,0.1846278179230012,33.33333333333333,36.612802113175775,39.48759393076671
2014,3m,RTH,26730,0,0.044039411841334565,0.0785159147822449,0.14533260724611138,25.664407644656137,45.755934498501034,84.69403019874386,2.2877967249250517,4.234701509937194,2.4112967249250516,4.358201509937193,0.053982068710378334,0.09624223713845943,33.33333333333333,35.132735623679274,36.54140790461531
2014,5m,RTH,16038,0,0.06044537684653745,0.10242795748492996,0.187404687183376,35.22514781108816,59.690916503917784,109.21195550298421,2.984545825195889,5.4605977751492105,3.108045825195889,5.5840977751492105,0.04137983041956747,0.07012035874384655,33.33333333333333,34.71266101398558,35.67067862479489
2014,15m,RTH,5346,0,0.115535250067161,0.17898090881585266,0.3128944010918808,67.32932232913875,104.30291442152628,182.34234118030446,5.215145721076315,9.117117059015223,5.338645721076315,9.240617059015223,0.023681025937247455,0.03668535367897047,33.33333333333333,34.12270086457492,34.55617845596568
2014,1m,døgn,247768,0,0.007821003332855988,0.019293905637728787,0.0584925545395126,4.557767902255156,11.243716449442829,34.08712108344637,0.5621858224721414,1.7043560541723182,0.6856858224721414,1.8278560541723183,0.21967825417518286,0.5419319397062727,33.33333333333333,40.65594180583943,51.39773132354243
2014,3m,døgn,89774,0,0.013454369217796292,0.03501462083697848,0.09769727865352022,7.840668205362967,20.405120438957585,56.93406610812544,1.0202560219478793,2.846703305406272,1.1437560219478793,2.970203305406272,0.12104804808146141,0.3150241713908084,33.33333333333333,37.36826826938205,43.834139046360285
2014,5m,døgn,54581,0,0.019235155458651378,0.04753249778801426,0.12345355485874812,11.209479195083677,27.70003841094319,71.94379362948405,1.3850019205471595,3.5971896814742026,1.5085019205471595,3.7206896814742025,0.08916955144091789,0.22034922024596004,33.33333333333333,36.30565171469726,40.678307341532
2014,15m,døgn,18567,0,0.045833022260007,0.09241524549118285,0.19625445914913545,26.709652052241676,53.85590846244172,114.36924861375017,2.692795423122086,5.718462430687509,2.816295423122086,5.841962430687509,0.04586312013885236,0.09247593334334932,33.33333333333333,34.862104004628414,36.415864444778315
2015,1m,RTH,87161,0,0.02742593162114134,0.050146380859766686,0.09574002765264118,15.982735911536327,29.223304909837633,55.79345851485318,1.4611652454918818,2.789672925742659,1.5846652454918817,2.913172925742659,0.08452158329185101,0.15454175140422335,33.33333333333333,36.1507194430617,38.48472504680744
2015,3m,RTH,29054,0,0.0518605129796144,0.09058523879579407,0.16377041440301685,30.222232544000086,52.789453760636945,95.4388466975021,2.6394726880318475,4.771942334875105,2.7629726880318475,4.895442334875105,0.04678964883977933,0.0817279133959541,33.33333333333333,34.89298829465932,36.05759711319847
2015,5m,RTH,17433,0,0.0711261711621331,0.11750491259708011,0.20759957329922815,41.44948750644469,68.4771628650744,120.98072733585819,3.4238581432537205,6.049036366792909,3.5473581432537205,6.172536366792909,0.03607041963562105,0.05959060415457563,33.33333333333333,34.535680654520704,35.31968680515252
2015,15m,RTH,5811,0,0.13576808406134516,0.20492747916079224,0.35787075855641987,79.12020866758951,119.42353775574328,208.55276325633923,5.9711768877871645,10.427638162816962,6.094676887787164,10.551138162816962,0.020682689915382396,0.031218320092876617,33.33333333333333,34.02275633051275,34.373944003095886
2015,1m,døgn,281478,0,0.009436539128966265,0.025829124243152302,0.06994617750292158,5.499237542796381,15.052180443939436,40.761834401602584,0.7526090221969719,2.0380917200801294,0.8761090221969718,2.1615917200801293,0.16409582712852605,0.44915317456411613,33.33333333333333,38.80319423761753,48.305105818803874
2015,3m,døgn,99921,0,0.016734675530669717,0.04698867852619157,0.11801247449410193,9.752299512253085,27.3831222979234,68.77294963618284,1.36915611489617,3.438647481809142,1.49265611489617,3.5621474818091423,0.0902015472569873,0.25327359941074584,33.33333333333333,36.340051575232906,41.77578664702486
2015,5m,døgn,60597,0,0.02374375599350097,0.06355411203517768,0.1500917151796623,13.836911242772626,37.03679432962014,87.46744793810001,1.851839716481007,4.373372396905,1.9753397164810071,4.496872396905,0.06669043702911999,0.17850804693294423,33.33333333333333,35.556347900970664,39.28360156443148
2015,15m,døgn,20537,0,0.05711840622931311,0.11787352459050777,0.24328880729716992,33.28632241419451,68.69197519036432,141.77898534049876,3.434598759518216,7.088949267024938,3.5580987595182156,7.212449267024938,0.035957620859714,0.07420465386654997,33.33333333333333,34.531920695323805,35.80682179555166
2016,1m,RTH,98100,0,0.023852161749298006,0.04391353710457113,0.09576284722901023,13.900085781020906,25.591052883059874,55.806756851177994,1.2795526441529934,2.7903378425589,1.4030526441529936,2.9138378425589,0.09651810776785652,0.1776967451074778,33.33333333333333,36.55060359226188,39.256558170249264
2016,3m,RTH,32700,0,0.04515674362997851,0.07944601172687255,0.16531623578214552,26.315543917806277,46.29795779395224,96.33968956440312,2.3148978896976122,4.8169844782201565,2.4383978896976126,4.9404844782201565,0.05335008535627085,0.09386087582742698,33.33333333333333,35.1116695118757,36.46202919424757
2016,5m,RTH,19620,0,0.061416712966169004,0.10388573079684618,0.21089347097770897,35.79120364816465,60.54044847917008,122.90027914696968,3.027022423958504,6.1450139573484845,3.1505224239585035,6.2685139573484845,0.04079916926790159,0.06901137006767837,33.33333333333333,34.69330564226338,35.63371233558928
2016,15m,RTH,6540,0,0.11749206099046793,0.1841423917766455,0.3519932010838625,68.46967346280509,107.31082023175793,205.12755786363172,5.365541011587896,10.256377893181586,5.489041011587896,10.379877893181586,0.023017250268596183,0.0360743653739147,33.33333333333333,34.10057500895321,34.53581217913049
2016,1m,døgn,336245,0,0.009064021448004665,0.023650521745947364,0.06391769418486166,5.282149139039198,13.782578052668285,37.24867546316998,0.6891289026334142,1.8624337731584992,0.8126289026334141,1.985933773158499,0.17921175490980168,0.46761269607968065,33.33333333333333,39.30705849699339,48.920423202656025
2016,3m,døgn,116433,0,0.017074920695683136,0.043697573347405184,0.10933776798221315,9.950580784616303,25.465197843933844,63.71767766931453,1.2732598921966922,3.1858838834657264,1.3967598921966922,3.3093838834657263,0.09699512311420694,0.24822671700303153,33.33333333333333,36.5665041038069,41.607557233434385
2016,5m,døgn,70087,0,0.024484035869633342,0.05854498411870851,0.13855502727118504,14.268316743387526,34.11767494501857,80.7443276925558,1.7058837472509285,4.037216384627789,1.8293837472509284,4.16071638462779,0.0723964925505757,0.17311081920101112,33.33333333333333,35.746549751685855,39.10369397336704
2016,15m,døgn,23375,0,0.05379493022110685,0.10739868682404141,0.23489758434367317,31.34953353565223,62.58765873357837,136.88891625211897,3.1293829366789185,6.844445812605949,3.252882936678919,6.967945812605949,0.03946464926119439,0.07878905168977877,33.33333333333333,34.64882164203981,35.95963505632596
2017,1m,RTH,97530,0,0.017949224834760316,0.02965731078408712,0.05831794937268721,10.460090264704922,17.28309443253461,33.9853681764272,0.8641547216267306,1.69926840882136,0.9876547216267304,1.8227684088213596,0.1429142223400626,0.23613562957446085,33.33333333333333,38.09714074466875,41.20452098581536
2017,3m,RTH,32510,0,0.03373702141386642,0.05479675237972473,0.09852365563966878,19.660586599144796,31.933355416808382,57.41564556057338,1.596667770840419,2.8707822780286687,1.7201677708404193,2.9942822780286686,0.07734858951737891,0.12563206025596732,33.33333333333333,35.9116196505793,37.52106867519891
2017,5m,RTH,19506,0,0.046014702356484354,0.07257036135831535,0.12512956024472438,26.815527945264822,42.291103785171856,72.92050252821558,2.114555189258593,3.646025126410779,2.2380551892585925,3.769525126410779,0.0584047182540829,0.09211081007151464,33.33333333333333,35.2801572751361,36.40369366905049
2017,15m,RTH,6502,0,0.08878857558380589,0.12917210227468254,0.2082571903797959,51.74243030721872,75.27633432159399,121.36396026572986,3.7638167160797,6.0681980132864926,3.8873167160796998,6.1916980132864925,0.03281243731605983,0.047736451224796986,33.33333333333333,34.42708124386866,34.924548374159905
2017,1m,døgn,341471,0,0.0062289242807960655,0.013732216121398983,0.037403630637139494,3.629967913876715,8.002586266906471,21.79733979009941,0.4001293133453236,1.0898669895049706,0.5236293133453236,1.2133669895049704,0.3086502185192711,0.6804467859227169,33.33333333333333,43.621673950642375,56.01489286409057
2017,3m,døgn,116251,0,0.012542079130662832,0.02605108049491296,0.06457872064377629,7.309022034185072,15.181527669215475,37.633895242367075,0.7590763834607738,1.8816947621183535,0.8825763834607737,2.0051947621183537,0.16269772409061128,0.3379385078397011,33.33333333333333,38.75659080302038,44.59795026132337
2017,5m,døgn,69804,0,0.017807175976587198,0.035318191828342685,0.08220970306411247,10.377309872115955,20.582029469884986,47.90852655764219,1.0291014734942492,2.3954263278821095,1.1526014734942494,2.5189263278821095,0.12000760197477638,0.2380192973250187,33.33333333333333,37.33358673249255,41.26730991083396
2017,15m,døgn,23271,0,0.038576829318990064,0.06963534708921125,0.13111098513060812,22.48103305393465,40.58069486970874,76.40623769471318,2.029034743485437,3.8203118847356587,2.152534743485437,3.9438118847356587,0.06086638013297597,0.10987039581651693,33.33333333333333,35.3622126710992,36.99567986055057
2018,1m,RTH,97350,0,0.02917308255153626,0.06293535894017951,0.13715569528119656,17.00090558773327,36.67620977597902,79.9288529820701,1.8338104887989508,3.9964426491035057,1.957310488798951,4.119942649103505,0.0673461084239133,0.14528637832659044,33.33333333333333,35.578203614130445,38.17621261088635
2018,3m,RTH,32450,0,0.05459886716727845,0.11026675266274145,0.23626289814221108,31.81803583040319,64.2590527817392,137.68456652135492,3.2129526390869603,6.884228326067746,3.3364526390869607,7.007728326067746,0.03843816385935499,0.07762892760718788,33.33333333333333,34.6146054619785,35.92096425357293
2018,5m,RTH,19470,0,0.07442808442841849,0.14181647199053538,0.30495325600581713,43.37371048150516,82.6449672172044,177.71455946995,4.132248360860219,8.885727973497499,4.25574836086022,9.009227973497499,0.029886877385130135,0.05694693797537348,33.33333333333333,34.32956257950434,35.231564599179116
2018,15m,RTH,6490,0,0.14335741566342644,0.24600162243642204,0.5411110468929708,83.54296755201841,143.3599054910493,315.33787368734767,7.1679952745524655,15.766893684367385,7.2914952745524655,15.890393684367385,0.017229364123920822,0.02956562440781799,33.33333333333333,33.90764547079736,34.318854146927265
2018,1m,døgn,349178,0,0.011987141352159602,0.029113271177038026,0.08636068358269842,6.98562649438453,16.966049911130682,50.32755196465334,0.848302495556534,2.5163775982326673,0.9718024955565339,2.6398775982326668,0.14558485994067127,0.35358317568507164,33.33333333333333,38.18616199802238,45.11943918950239
2018,3m,døgn,116670,0,0.024007599735839647,0.05416045811736314,0.14899547694761314,13.990668822057913,31.562548572474547,86.82860414599104,1.5781274286237275,4.3414302072995525,1.7016274286237274,4.4649302072995525,0.07825730531042095,0.1765462418036602,33.33333333333333,35.94191017701403,39.21820806012201
2018,5m,døgn,70043,0,0.03313733543483616,0.07286381131193433,0.19042297598957406,19.31111359800512,42.462114680142854,110.97089348768418,2.123105734007143,5.5485446743842095,2.246605734007143,5.6720446743842095,0.058169500473679435,0.12790562222142,33.33333333333333,35.27231668245599,37.59685407404733
2018,15m,døgn,23413,0,0.06648286843327107,0.1357782799682587,0.3162394271692363,38.74355640817305,79.12615043430243,184.29168857714416,3.9563075217151216,9.214584428857208,4.0798075217151215,9.338084428857208,0.031215975836595435,0.06375253665496422,33.33333333333333,34.37386586121985,35.45841788849881
2019,1m,RTH,97740,0,0.02281117289487316,0.04488592228690709,0.08868531826600282,13.293439116216284,26.15772007191797,51.6822560726958,1.3078860035958986,2.58411280363479,1.4313860035958985,2.70761280363479,0.09442718989690747,0.18580594372899267,33.33333333333333,36.48090632989692,39.52686479096643
2019,3m,RTH,32580,0,0.04291577225723559,0.08116451950056915,0.1508536584677295,25.009595440626615,47.29943538415168,87.91147800865404,2.3649717692075836,4.395573900432702,2.4884717692075835,4.519073900432702,0.05222049650797767,0.09876209339533883,33.33333333333333,35.074016550265924,36.62540311317796
2019,5m,RTH,19548,0,0.05963847978229097,0.10684883850326038,0.19175185213493007,34.75492047792788,62.26722912616003,111.74530935015186,3.1133614563080014,5.587265467507593,3.2368614563080014,5.710765467507592,0.0396677358996873,0.0710690735707394,33.33333333333333,34.655591196656246,35.702302452357976
2019,15m,RTH,6516,0,0.117993872409073,0.19002489333043587,0.32110022371068786,68.76210908511138,110.73890683724481,187.12436636964046,5.536945341862241,9.356218318482021,5.660445341862241,9.479718318482023,0.022304717291278822,0.03592094602502868,33.33333333333333,34.0768239097093,34.530698200834294
2019,1m,døgn,349846,0,0.01152699196608235,0.025004754052883403,0.061008665790427255,6.71746983815415,14.571770471858333,35.55341007602939,0.7285885235929166,1.7776705038014695,0.8520885235929165,1.9011705038014695,0.16950582667841496,0.36769796657512444,33.33333333333333,38.98352755594717,45.58993221917082
2019,3m,døgn,116671,0,0.022826651257054117,0.046289378098714626,0.1051150561117209,13.302459286560858,26.975597980806935,61.256850099666465,1.3487798990403468,3.062842504983323,1.4722798990403467,3.1863425049833234,0.09156423526764443,0.18567995186389177,33.33333333333333,36.38547450892148,39.52266506212973
2019,5m,døgn,70004,0,0.03148381394091793,0.06187257406103906,0.1346883877412185,18.347507412209335,36.05686125981112,78.49100484007248,1.802843062990556,3.924550242003624,1.926343062990556,4.048050242003624,0.06850291217867413,0.1346231913045787,33.33333333333333,35.61676373928914,37.820773043485964
2019,15m,døgn,23336,0,0.06246688154183605,0.11605994977025838,0.21866612213604636,36.40319988732038,67.63509632811576,127.42986933600238,3.3817548164057887,6.3714934668001195,3.505254816405789,6.4949934668001195,0.036519501482706024,0.06785117841052156,33.33333333333333,34.55065004942353,35.59503928035072
2020,1m,RTH,98256,0,0.0375010578877186,0.07789434518741198,0.1791865379311275,21.854116494646888,45.39370860141621,104.42274684474386,2.26968543007081,5.221137342237192,2.39318543007081,5.344637342237192,0.05441282671404957,0.11302218511625362,33.33333333333333,35.14709422380165,37.10073950387512
2020,3m,RTH,32756,0,0.07034705691082083,0.13908796639655324,0.3094806129128346,40.99545088534995,81.05490329725535,180.35292198108348,4.052745164862767,9.017646099054176,4.176245164862767,9.141146099054176,0.030473171965379554,0.0602505881966021,33.33333333333333,34.34910573217931,35.34168627322007
2020,5m,RTH,19655,0,0.09536434462815704,0.18287931761329052,0.39759447476268306,55.57452547550479,106.57475113232118,231.7021561127012,5.328737556616058,11.58510780563506,5.452237556616059,11.70860780563506,0.023176221138281574,0.04444482396746679,33.33333333333333,34.10587403794272,34.814827465582226
2020,15m,RTH,6554,0,0.1747270250758674,0.3223993369287816,0.6603965413269501,101.8239211332125,187.88143758861676,384.85268842369345,9.394071879430838,19.242634421184672,9.517571879430838,19.366134421184675,0.01314658937708318,0.024257561717075306,33.33333333333333,33.771552979236105,34.141918723902506
2020,1m,døgn,349672,0,0.018378827143628918,0.045392643202705696,0.12730198281528843,10.710445306221187,26.45301675280877,74.18650350543749,1.3226508376404387,3.7093251752718737,1.4461508376404386,3.8328251752718736,0.09337309324985543,0.23061599488922765,33.33333333333333,36.445769774995185,41.02053316297425
2020,3m,døgn,116803,0,0.03506743164654293,0.08291899058790525,0.220202393617626,20.43589646633936,48.32187095500766,128.32514690460772,2.416093547750383,6.416257345230386,2.539593547750383,6.539757345230386,0.051115570469111374,0.12086575239690678,33.33333333333333,35.037185682303715,37.36219174656356
2020,5m,døgn,70150,0,0.04797593824392125,0.11073991088299517,0.2848295288214066,27.958457771027547,64.53479046617426,165.98725621596293,3.226739523308713,8.299362810798145,3.350239523308713,8.422862810798145,0.038273929199715714,0.08834535943809924,33.33333333333333,34.60913097332386,36.278178647936635
2020,15m,døgn,23426,0,0.09589334454218221,0.20120813230987533,0.4822060775978949,55.8828054654021,117.25605118490296,281.01041378094925,5.862802559245148,14.050520689047461,5.986302559245148,14.174020689047463,0.021065010947937363,0.04419964208182384,33.33333333333333,34.035500364931245,34.80665473606079
2021,1m,RTH,98100,0,0.02761422839932209,0.05342167763633006,0.10937775421272462,16.09246774198894,31.132016859347708,63.740980045007404,1.5566008429673852,3.18704900225037,1.6801008429673852,3.31054900225037,0.07933954331967388,0.15348795719846098,33.33333333333333,35.97798477732246,38.44959857328203
2021,3m,RTH,32700,0,0.05157972507011305,0.09613226764619753,0.18522232447195205,30.05860058185908,56.022040293498065,107.94016180927477,2.8011020146749033,5.397008090463738,2.924602014674903,5.520508090463738,0.04408979014478301,0.0821728209071371,33.33333333333333,34.8029930048261,36.07242736357124
2021,5m,RTH,19620,0,0.07134377564965425,0.1261450514865476,0.23355586751621168,41.57629869759251,73.51229020430046,136.10701735374752,3.6756145102150226,6.805350867687376,3.799114510215023,6.928850867687377,0.033599823830634964,0.059408847793009575,33.33333333333333,34.45332746102117,35.313628259766986
2021,15m,RTH,6540,0,0.14056479734989563,0.22199099914935433,0.3868022302928702,81.91554130362518,129.36747466427772,225.41286772547303,6.468373733213886,11.270643386273651,6.591873733213886,11.394143386273651,0.019092898271396343,0.03015300847621722,33.33333333333333,33.96976327571321,34.3384336158739
2021,1m,døgn,353393,0,0.012235700722104325,0.027522863284877373,0.0718322485544318,7.130476952813516,16.039223807895137,41.86096116758067,0.8019611903947569,2.0930480583790336,0.9254611903947567,2.216548058379033,0.1539974770340301,0.3464003903759624,33.33333333333333,38.466582567801,44.880013012532075
2021,3m,døgn,117825,0,0.023478724599347328,0.05072242619388558,0.12323101100866353,13.682461547515649,29.55900108874876,71.81410397540876,1.4779500544374382,3.590705198770438,1.6014500544374384,3.714205198770438,0.08356168710113052,0.18052307353962835,33.33333333333333,36.118722903371015,39.35076911798761
2021,5m,døgn,70695,0,0.03191049357069796,0.0681848986502246,0.158586541399002,18.596159233259943,39.73543153740489,92.4178928656824,1.9867715768702447,4.62089464328412,2.1102715768702445,4.74439464328412,0.06216114697722282,0.1328231259499315,33.33333333333333,35.40537156590742,37.76077086499772
2021,15m,døgn,23565,0,0.06453848705325789,0.1276675681320441,0.25940859472367955,37.61044871515657,74.39955200463002,151.1729526611715,3.7199776002315015,7.558647633058576,3.8434776002315014,7.682147633058577,0.03319912463782426,0.06567324123213124,33.33333333333333,34.43997082126081,35.52244137440437
2022,1m,RTH,97710,0,0.06176846380702051,0.10041690887485907,0.1750380358084073,35.99618996817927,58.51895781591287,102.00516574770744,2.9259478907956433,5.100258287385372,3.0494478907956433,5.223758287385372,0.04220854390963374,0.06861837328307346,33.33333333333333,34.740284796987794,35.620612442769115
2022,3m,RTH,32570,0,0.11280338826881738,0.1809301741314566,0.2964975905708775,65.73730254753602,105.43886827684764,172.78693588108456,5.271943413842383,8.639346794054227,5.395443413842383,8.762846794054227,0.023425896398248353,0.037573796068331965,33.33333333333333,34.11419654660828,34.585793202277735
2022,5m,RTH,19542,0,0.15441249414354863,0.23805149054457786,0.3748546523608275,89.98542508709438,138.7268866297582,218.4502972097958,6.93634433148791,10.92251486048979,7.05984433148791,11.04601486048979,0.01780476777363832,0.027448889628001284,33.33333333333333,33.92682559245461,34.24829632093338
2022,15m,RTH,6514,0,0.29292757411382925,0.41872445128771285,0.6197916764170496,170.70647309057512,244.01586123242754,361.1897973487998,12.200793061621376,18.059489867439993,12.324293061621376,18.182989867439993,0.010122292819736853,0.014469281573537185,33.33333333333333,33.67074309399123,33.8156427191179
2022,1m,døgn,354112,0,0.022635889019292987,0.05046405222378261,0.12102226087994984,13.19129068488318,29.40843107393156,70.52693275039957,1.470421553696578,3.5263466375199783,1.5939215536965778,3.6498466375199783,0.0839895196700447,0.18724475557426457,33.33333333333333,36.13298398900149,39.57482518580882
2022,3m,døgn,118045,0,0.04347189702335121,0.09164804748860729,0.20730985204556196,25.33368270932815,53.40881615446078,120.81188937807168,2.6704408077230393,6.040594468903585,2.793940807723039,6.164094468903585,0.04624704642126209,0.09749865538467567,33.33333333333333,34.8749015473754,36.58328851282253
2022,5m,døgn,70827,0,0.06007633751990476,0.12226693457645255,0.26524349762684757,35.010086453099696,71.25227879377348,154.57330067702168,3.562613939688674,7.728665033851084,3.686113939688674,7.852165033851084,0.03466555795568248,0.07055109687585964,33.33333333333333,34.48885193185608,35.68503656252865
2022,15m,døgn,23609,0,0.12646854157372353,0.23218703704617852,0.41690746876618295,73.70080728750312,135.30931770903098,242.95699649818076,6.765465885451549,12.147849824909038,6.888965885451549,12.271349824909038,0.018254470880649076,0.03351387998492081,33.33333333333333,33.941815696021635,34.45046266616403
2023,1m,RTH,97140,0,0.03825982175276616,0.060843951861412574,0.10374195093661653,22.29629372464201,35.45742138675679,60.456659327822656,1.7728710693378396,3.0228329663911326,1.8963710693378395,3.146332966391133,0.06966101604483961,0.11078074378036151,33.33333333333333,35.655367201494656,37.02602479267871
2023,3m,RTH,32380,0,0.0691907828365273,0.10828621736643435,0.17541967022311752,40.321620605814644,63.10487603246328,102.22756701922397,3.155243801623164,5.111378350961199,3.278743801623164,5.234878350961199,0.0391411909083452,0.06125745848103508,33.33333333333333,34.63803969694484,35.3752486160345
2023,5m,RTH,19428,0,0.09304540759726243,0.14093760012877987,0.22117987823244753,54.22314173138066,82.13279585104776,128.89478583874111,4.106639792552388,6.444739291937056,4.230139792552388,6.568239291937056,0.030073248748211007,0.045552506239197876,33.33333333333333,34.335774958273696,34.85175020797327
2023,15m,RTH,6476,0,0.17958566413837557,0.24883481536155638,0.3693624186066131,104.65534163327975,145.01097700010058,215.24964306718988,7.250548850005029,10.762482153359494,7.374048850005029,10.885982153359494,0.01703319329670632,0.023601279817212474,33.33333333333333,33.90110644322355,34.12004266057375
2023,1m,døgn,353358,0,0.011886462121393259,0.026780519352401395,0.07325184009396281,6.926954665863135,15.606615457805438,42.68824233315777,0.7803307728902719,2.134412116657888,0.9038307728902719,2.2579121166578884,0.1582662177260745,0.35657805185070574,33.33333333333333,38.608873924202484,45.219268395023526
2023,3m,døgn,117815,0,0.023098453122546048,0.048828050557934134,0.1251345970109219,13.460854541694934,28.4550347431417,72.92343775408484,1.4227517371570848,3.646171887704242,1.546251737157085,3.7696718877042423,0.08680361919415071,0.1834950368805754,33.33333333333333,36.22678730647169,39.44983456268585
2023,5m,døgn,70689,0,0.031925613994935265,0.06539679713623496,0.15777035548872476,18.604970811688474,38.110637499112286,91.94225236460923,1.9055318749556145,4.597112618230462,2.029031874955614,4.7206126182304615,0.06481130104573911,0.13276021925508777,33.33333333333333,35.49371003485797,37.75867397516959
2023,15m,døgn,23563,0,0.06971037314981263,0.12605856833618473,0.24457154027056024,40.62441705678481,73.46189128359501,142.5265108080717,3.6730945641797503,7.1263255404035855,3.7965945641797507,7.249825540403585,0.03362287516482145,0.060800872485466374,33.33333333333333,34.454095838827385,35.360029082848875
2024,1m,RTH,97740,0,0.032928521958449024,0.053965367687301286,0.09480959560909058,19.189425456505752,31.4488576734517,55.25123993715363,1.572442883672585,2.7625619968576816,1.695942883672585,2.8860619968576815,0.0785402136270853,0.1287167250338711,33.33333333333333,35.951340454236174,37.623890834462365
2024,3m,RTH,32580,0,0.06029797530216305,0.09656925260919466,0.1584844794539487,35.13924808708853,56.27669765053429,92.35841524658315,2.8138348825267143,4.617920762329157,2.937334882526714,4.741420762329157,0.04389027969250948,0.07029177157936861,33.33333333333333,34.79634265641698,35.67639238597895
2024,5m,RTH,19548,0,0.0818826489280126,0.12597440227588846,0.19890750413277983,47.71793248928862,73.41284267029675,115.91533710841877,3.670642133514838,5.795766855420938,3.7941421335148378,5.919266855420938,0.03364533931375367,0.05176251103265015,33.33333333333333,34.45484464379179,35.058750367755
2024,15m,RTH,6516,0,0.15369164037646935,0.22272315314737784,0.3291509391847357,89.56534034579127,129.7941447281659,191.81600131929656,6.489707236408295,9.590800065964828,6.613207236408295,9.714300065964828,0.019030135061328394,0.027577632124100457,33.33333333333333,33.96767116871095,34.252587737470016
2024,1m,døgn,354954,0,0.010786439220638763,0.025083001875648818,0.06694851439213313,6.285905320219445,14.617370173053104,39.014916247159505,0.7308685086526552,1.950745812357975,0.8543685086526551,2.074245812357975,0.1689770438023495,0.392942603201187,33.33333333333333,38.965901460078314,46.43142010670623
2024,3m,døgn,118354,0,0.020697589884273702,0.04638534781934976,0.11501134012294664,12.061727480959343,27.03152529520427,67.02400857004838,1.3515762647602134,3.3512004285024193,1.4750762647602134,3.4747004285024192,0.09137479195371684,0.20477995490180045,33.33333333333333,36.37915973179056,40.15933183006002
2024,5m,døgn,71013,0,0.028419633518322433,0.06184606964221521,0.1453030956891183,16.56182562913758,36.04141554469734,84.6768320437906,1.8020707772348667,4.233841602189529,1.9255707772348667,4.357341602189529,0.06853226940925199,0.14913814788972535,33.33333333333333,35.617742313641735,38.30460492965751
2024,15m,døgn,23671,0,0.0618319794436322,0.11776604124065759,0.2271879437842617,36.0332043405711,68.62933819340562,132.39604611971635,3.4314669096702803,6.619802305985817,3.5549669096702803,6.743302305985817,0.0359904388563277,0.0685478864620135,33.33333333333333,34.53301462854426,35.618262882067114
2025,1m,RTH,96960,0,0.026989095004662757,0.057012177943824086,0.12216291089132077,15.728165004917267,33.22441681854292,71.19165795102609,1.6612208409271458,3.5595828975513046,1.7847208409271462,3.683082897551304,0.07434291517635497,0.15704311339904625,33.33333333333333,35.8114305058785,38.568103779968204
2025,3m,RTH,32320,0,0.05089396168827059,0.10038117573518676,0.20546151703749402,29.65896511345657,58.49813397143744,119.73475366877001,2.924906698571872,5.986737683438501,3.0484066985718714,6.110237683438501,0.04222356931098791,0.0832800471019033,33.33333333333333,34.740785643699596,36.10933490339678
2025,5m,RTH,19392,0,0.0689985818767141,0.13033226563999809,0.2623577089931971,40.209613574473906,75.95243112436529,152.89157849287557,3.7976215562182647,7.6445789246437785,3.9211215562182646,7.7680789246437785,0.032520355228843154,0.06142809603141787,33.33333333333333,34.41734517429477,35.380936534380595
2025,15m,RTH,6464,0,0.13509501200397572,0.23001332618380604,0.4448783527196489,78.72796919543688,134.0425659668748,259.25730883090256,6.702128298343741,12.962865441545128,6.825628298343741,13.08636544154513,0.018426982866873186,0.03137385641837035,33.33333333333333,33.94756609556244,34.37912854727901
2025,1m,døgn,352509,0,0.012781905162503814,0.02836610434481006,0.08060953695360615,7.448783052500723,16.53063096798151,46.97601375508352,0.8265315483990754,2.348800687754176,0.9500315483990754,2.472300687754176,0.14941958384917006,0.3315977902502629,33.33333333333333,38.31398612830567,44.386593008342096
2025,3m,døgn,117530,0,0.024307396919243267,0.05250148355030469,0.13930411198266257,14.165378628658207,30.59576455377556,81.18086429901643,1.529788227688778,4.059043214950822,1.653288227688778,4.182543214950822,0.08073012837014484,0.174368794849421,33.33333333333333,36.024337612338165,39.145626494980704
2025,5m,døgn,70518,0,0.032601178284588014,0.06998344996500035,0.1786489979746412,18.998662657126513,40.7835553016036,104.10949005970191,2.03917776508018,5.205474502985095,2.16267776508018,5.328974502985095,0.060563626246013344,0.13000915088546638,33.33333333333333,35.35212087486712,37.66697169618221
2025,15m,døgn,23506,0,0.0656218612844609,0.13147672239196942,0.29145637554186127,38.241795882132436,76.6193747411441,169.84911741077508,3.830968737057205,8.492455870538754,3.954468737057205,8.615955870538754,0.032237276907376086,0.06458901777774637,33.33333333333333,34.40790923024586,35.48630059259155
2026,1m,RTH,67470,0,0.031234591353805484,0.06066352431801933,0.1165375666065922,18.202270457343683,35.35227543156894,67.91343231565767,1.7676137715784472,3.3956716157828835,1.8911137715784472,3.5191716157828834,0.0698682042351844,0.13569735744628214,33.33333333333333,35.662273474506144,37.856578581542735
2026,3m,RTH,22490,0,0.059042242265044974,0.10927773738653436,0.18880490905700184,34.40745710237761,63.68269423937676,110.02794880205839,3.184134711968838,5.501397440102919,3.3076347119688383,5.624897440102919,0.03878604786172893,0.07178676428568943,33.33333333333333,34.62620159539097,35.72622547618965
2026,5m,RTH,13494,0,0.0816957167605721,0.14215071640349825,0.23532634523947116,47.608995899391,82.83975149130265,137.1387809517542,4.141987574565132,6.85693904758771,4.265487574565133,6.98043904758771,0.029816603731886458,0.051880951376661745,33.33333333333333,34.32722012439622,35.06269837922206
2026,15m,RTH,4498,0,0.16824304763121783,0.2509755662098776,0.38401267921562676,98.0453184375685,146.2585209644683,223.78722893969868,7.312926048223414,11.189361446984933,7.436426048223414,11.312861446984932,0.01688790494881344,0.02519243183580232,33.33333333333333,33.896263498293784,34.173081061193415
2026,1m,døgn,246551,0,0.01818143134304344,0.03614358551752643,0.07908228727255692,10.595410929471994,21.063035896193703,46.08599373095527,1.0531517948096851,2.304299686547764,1.176651794809685,2.427799686547764,0.11726704603140108,0.23311979275192576,33.33333333333333,37.24223486771337,41.10399309173086
2026,3m,døgn,82205,0,0.034681018572089654,0.06587709372470575,0.13690498083404845,20.210710383070968,38.39053513900953,79.78274663085007,1.9195267569504764,3.9891373315425036,2.0430267569504763,4.112637331542504,0.06433877493648622,0.12221242862004628,33.33333333333333,35.477959164549546,37.40708095400154
2026,5m,døgn,49323,0,0.04666544686889817,0.08718802422446552,0.17475167108212367,27.194755817319095,50.80969299704953,101.8382838398184,2.5404846498524765,5.091914191990919,2.6639846498524764,5.215414191990919,0.048612771585599436,0.09082633493193863,33.33333333333333,34.953759052853314,36.36087783106463
2026,15m,døgn,16441,0,0.093013713045005,0.16191638504681527,0.28020244081738377,54.20467141410711,94.35839254988207,163.29077441073858,4.717919627494103,8.164538720536928,4.841419627494103,8.28803872053693,0.02617679183856643,0.04556802828173158,33.33333333333333,34.20589306128555,34.852267609391056
