tabel,afgoerelse,k,raekke_8,handler_n,dage_med_handel_n,tvetydig_n,censureret_n,middel_R_brutto,middel_R_netto,middel_R_netto_ci95_lo,middel_R_netto_ci95_hi,win_rate_pct_brutto,win_rate_pct_brutto_ci95_lo,win_rate_pct_brutto_ci95_hi,win_rate_pct_netto,win_rate_pct_netto_ci95_lo,win_rate_pct_netto_ci95_hi,udfald_maal_pct,udfald_stop_pct,udfald_tidsexit_pct,N_tid_p5,N_tid_p50,N_tid_p95,N_tid_med,N_tid_sd,t_v,p_FWE,N_tid_handler_n_middel,N_tid_udfaldne_n_middel,N_med_handler_n,N_med_middel_R_netto,N_med_middel_R_netto_ci95_lo,N_med_middel_R_netto_ci95_hi,N_med_minus_model,N_med_minus_model_ci95_lo,N_med_minus_model_ci95_hi,N_med_fortsaettelsesfund,MDE_R_sidak3,MDE_R_ukorr,long_n,short_n,long_middel_R_netto,short_middel_R_netto,forskel,forskel_ci95_lo,forskel_ci95_hi,overnat,n,ci95_lo,ci95_hi,aar,optaelling,model,dage_med_aabningsretning_n,signaler_n,dage_med_signal_n,sprunget_over_hul_n,afvist_kontrakter_nul_n,dage_uden_signal_n,signalminut_p10,signalminut_p50,signalminut_p90,risiko_pt_p10,risiko_pt_p50,risiko_pt_p90,omk_R_netto_p50,omk_R_netto_p90,be_WR_pct_netto_p50,kontrakter_p50,kontrakter_maks,kontrakter_loftet_n,betingelse_ok,rth_dage_n,aabning_ned_n,aabning_op_n,r_aabning_nul_n,mangler_bar_n,rul_n,vindue_barer_n,vindue_barer_uden_naeste_minut_n,modeldage_n,puljens_minutter_n,celler_uden_handlebar_bar_n
hoved,forsigtig,1.0,4.0,1168.0,1168.0,0.0,0.0,-0.011830979969894172,-0.07121932131234096,-0.14159148916031783,-0.000847153464364106,39.81164383561644,37.04215437051737,42.64793098970568,39.726027397260275,36.95783990302894,42.561573905599346,39.554794520547944,60.18835616438356,0.2568493150684932,-0.11614422800568996,-0.07949446748455868,-0.047242346096408816,-0.07949446748455868,0.020849880024757742,0.39689178846072876,0.7025948103792415,1168.0,0.0,1168.0,-0.08317904651508101,-0.1535254548030215,-0.01283263822714055,-0.011959725202740051,-0.11141116066270908,0.08749171025722897,False,0.10619816271701306,0.08912573632909848,,,,,,,,,,,,,,,,,,,,,,,,,,,,,,,,,,,,,,,,,,,,
hoved,forsigtig,1.5,4.0,1154.0,1154.0,0.0,0.0,0.015227878861142179,-0.05091588417031942,-0.12210907804774176,0.020277309707102925,40.81455805892548,38.01387794240976,43.676188656524246,40.81455805892548,38.01387794240976,43.676188656524246,40.72790294627383,59.18544194107452,0.08665511265164645,-0.14401289805805084,-0.09550435574457578,-0.03776309854476933,-0.09550435574457578,0.032565465243415644,1.3691949812776474,0.25349301397205587,1154.0,0.0,1145.0,-0.010734943446439701,-0.08263659257591821,0.06116670568303881,0.04018094072387972,-0.0609502934784089,0.14131217492616832,False,0.10684040368074951,0.08966473057654369,,,,,,,,,,,,,,,,,,,,,,,,,,,,,,,,,,,,,,,,,,,,
hoved,forsigtig,2.0,4.0,688.0,688.0,2.0,0.0,0.011710562883530897,-0.06163994214126833,-0.15394823786843467,0.030668353585898027,40.69767441860465,37.08825021460706,44.41040119344999,40.69767441860465,37.08825021460706,44.41040119344999,40.55232558139535,59.156976744186046,0.29069767441860467,-0.10787540436084583,-0.045105330043248605,0.021740648692580848,-0.045105330043248605,0.04067152552131076,-0.4065402486404411,0.9660678642714571,688.0,0.0,639.0,-0.06522407461657621,-0.1609600339517076,0.03051188471855519,-0.003584132475307887,-0.13645199202892527,0.12928372707830948,False,0.13837072153056637,0.1161262316341816,,,,,,,,,,,,,,,,,,,,,,,,,,,,,,,,,,,,,,,,,,,,
hoved,bedste_fald,1.0,4.0,1168.0,1168.0,0.0,0.0,-0.011830979969894172,-0.07121932131234096,-0.14159148916031783,-0.000847153464364106,39.81164383561644,37.04215437051737,42.64793098970568,39.726027397260275,36.95783990302894,42.561573905599346,39.554794520547944,60.18835616438356,0.2568493150684932,-0.11614422800568996,-0.07949446748455868,-0.047242346096408816,-0.07949446748455868,0.020849880024757742,0.39689178846072876,0.6986027944111777,1168.0,0.0,1168.0,-0.08102747125027279,-0.15139396435747748,-0.0106609781430681,-0.009808149937931832,-0.10927377854922131,0.08965747867335765,False,0.10619816271701306,0.08912573632909848,,,,,,,,,,,,,,,,,,,,,,,,,,,,,,,,,,,,,,,,,,,,
hoved,bedste_fald,1.5,4.0,1154.0,1154.0,0.0,0.0,0.015227878861142179,-0.05091588417031942,-0.12210907804774176,0.020277309707102925,40.81455805892548,38.01387794240976,43.676188656524246,40.81455805892548,38.01387794240976,43.676188656524246,40.72790294627383,59.18544194107452,0.08665511265164645,-0.14401289805805084,-0.09550435574457578,-0.03776309854476933,-0.09550435574457578,0.032540852133247034,1.3702306071050996,0.2554890219560878,1154.0,0.0,1145.0,-0.010734943446439701,-0.08263659257591821,0.06116670568303881,0.04018094072387972,-0.0609502934784089,0.14131217492616832,False,0.10684040368074951,0.08966473057654369,,,,,,,,,,,,,,,,,,,,,,,,,,,,,,,,,,,,,,,,,,,,
hoved,bedste_fald,2.0,4.0,688.0,688.0,2.0,0.0,0.0190471605630015,-0.05430334446179772,-0.1466407642201731,0.03803407529657767,40.98837209302326,37.37332125434769,44.70349729720759,40.98837209302326,37.37332125434769,44.70349729720759,40.843023255813954,58.866279069767444,0.29069767441860467,-0.10765989329877672,-0.04420191643452155,0.024997019354650242,-0.04420191643452155,0.040825135527817635,-0.2474315858766276,0.9321357285429142,688.0,0.0,639.0,-0.06522407461657621,-0.1609600339517076,0.03051188471855519,-0.010920730154778492,-0.14380878516605017,0.1219673248564932,False,0.13837072153056637,0.1161262316341816,,,,,,,,,,,,,,,,,,,,,,,,,,,,,,,,,,,,,,,,,,,,
side,forsigtig,1.0,,,,,,,,,,,,,,,,,,,,,,,,,,,,,,,,,,,,,,531.0,637.0,-0.0590066808265372,-0.08139971707052275,0.022393036243985552,-0.11904612813483989,0.163832200622811,,,,,,,,,,,,,,,,,,,,,,,,,,,,,,,,,,,,,
side,forsigtig,1.5,,,,,,,,,,,,,,,,,,,,,,,,,,,,,,,,,,,,,,522.0,632.0,-0.09140416496092392,-0.01747461427681381,-0.07392955068411011,-0.21677365382532687,0.06891455245710665,,,,,,,,,,,,,,,,,,,,,,,,,,,,,,,,,,,,,
side,forsigtig,2.0,,,,,,,,,,,,,,,,,,,,,,,,,,,,,,,,,,,,,,266.0,422.0,-0.1497843437164225,-0.006079726930389169,-0.14370461678603333,-0.33209472122378714,0.04468548765172051,,,,,,,,,,,,,,,,,,,,,,,,,,,,,,,,,,,,,
overnat,forsigtig,1.0,,,,,,,-0.1275563687495509,,,,,,,,,,,,,,,,,,,,,,,,,,,,,,,,,,,,,,positivt,627.0,-0.22274525406035467,-0.03236748343874714,,,,,,,,,,,,,,,,,,,,,,,,,,,,,,,,,
overnat,forsigtig,1.0,,,,,,,-0.0026424089498565994,,,,,,,,,,,,,,,,,,,,,,,,,,,,,,,,,,,,,,negativt,537.0,-0.10758413241858544,0.10229931451887225,,,,,,,,,,,,,,,,,,,,,,,,,,,,,,,,,
overnat,forsigtig,1.0,,,,,,,-0.22636800373287325,,,,,,,,,,,,,,,,,,,,,,,,,,,,,,,,,,,,,,nul,3.0,-3.835267111400583,3.382531103934836,,,,,,,,,,,,,,,,,,,,,,,,,,,,,,,,,
overnat,forsigtig,1.0,,,,,,,-1.108246469574209,,,,,,,,,,,,,,,,,,,,,,,,,,,,,,,,,,,,,,ukendt,1.0,,,,,,,,,,,,,,,,,,,,,,,,,,,,,,,,,,,
overnat,forsigtig,1.5,,,,,,,-0.07974737956843732,,,,,,,,,,,,,,,,,,,,,,,,,,,,,,,,,,,,,,positivt,618.0,-0.17669955709555257,0.017204797958677936,,,,,,,,,,,,,,,,,,,,,,,,,,,,,,,,,
overnat,forsigtig,1.5,,,,,,,-0.019080027464062028,,,,,,,,,,,,,,,,,,,,,,,,,,,,,,,,,,,,,,negativt,532.0,-0.12458669477965172,0.08642663985152767,,,,,,,,,,,,,,,,,,,,,,,,,,,,,,,,,
overnat,forsigtig,1.5,,,,,,,0.5989737214958569,,,,,,,,,,,,,,,,,,,,,,,,,,,,,,,,,,,,,,nul,3.0,-2.992262310317423,4.190209753309137,,,,,,,,,,,,,,,,,,,,,,,,,,,,,,,,,
overnat,forsigtig,1.5,,,,,,,-1.1193963128609299,,,,,,,,,,,,,,,,,,,,,,,,,,,,,,,,,,,,,,ukendt,1.0,,,,,,,,,,,,,,,,,,,,,,,,,,,,,,,,,,,
overnat,forsigtig,2.0,,,,,,,-0.10887326653388736,,,,,,,,,,,,,,,,,,,,,,,,,,,,,,,,,,,,,,positivt,368.0,-0.23428369743387184,0.016537164366097132,,,,,,,,,,,,,,,,,,,,,,,,,,,,,,,,,
overnat,forsigtig,2.0,,,,,,,-0.004901517639143938,,,,,,,,,,,,,,,,,,,,,,,,,,,,,,,,,,,,,,negativt,317.0,-0.14239705062619348,0.13259401534790563,,,,,,,,,,,,,,,,,,,,,,,,,,,,,,,,,
overnat,forsigtig,2.0,,,,,,,0.17354936167415214,,,,,,,,,,,,,,,,,,,,,,,,,,,,,,,,,,,,,,nul,2.0,-15.629980577445723,15.977079300794026,,,,,,,,,,,,,,,,,,,,,,,,,,,,,,,,,
overnat,forsigtig,2.0,,,,,,,-1.1362357404617438,,,,,,,,,,,,,,,,,,,,,,,,,,,,,,,,,,,,,,ukendt,1.0,,,,,,,,,,,,,,,,,,,,,,,,,,,,,,,,,,,
aar,forsigtig,1.0,,165.0,165.0,0.0,0.0,-0.023035003442654484,-0.14678417607686667,-0.33505819901554806,0.04148984686181473,40.0,32.834532063406655,47.620505324628915,40.0,32.834532063406655,47.620505324628915,38.78787878787879,60.0,1.2121212121212122,,,,,,,,,,,,,,,,,,,,,,,,,,,,,,,2019.0,,,,,,,,,,,,,,,,,,,,,,,,,,,,,,,,
aar,forsigtig,1.0,,251.0,251.0,0.0,0.0,-0.05766064472660064,-0.11720572651228091,-0.2688106919342331,0.03439923890967132,37.84860557768924,32.0742096015207,43.98933975882123,37.84860557768924,32.0742096015207,43.98933975882123,37.84860557768924,62.15139442231076,0.0,,,,,,,,,,,,,,,,,,,,,,,,,,,,,,,2020.0,,,,,,,,,,,,,,,,,,,,,,,,,,,,,,,,
aar,forsigtig,1.0,,252.0,252.0,0.0,0.0,0.0028451164613599216,-0.049908282994677415,-0.20232351486352518,0.10250694887417033,40.476190476190474,34.602876147603325,46.63550475389057,40.07936507936508,34.221500522334566,46.23514625005492,40.07936507936508,59.523809523809526,0.3968253968253968,,,,,,,,,,,,,,,,,,,,,,,,,,,,,,,2021.0,,,,,,,,,,,,,,,,,,,,,,,,,,,,,,,,
aar,forsigtig,1.0,,251.0,251.0,0.0,0.0,-0.08588064058189948,-0.1191971551371454,-0.269562749443531,0.03116843916924017,36.65338645418327,30.93510277142545,42.77404160796651,36.65338645418327,30.93510277142545,42.77404160796651,36.65338645418327,63.34661354581673,0.0,,,,,,,,,,,,,,,,,,,,,,,,,,,,,,,2022.0,,,,,,,,,,,,,,,,,,,,,,,,,,,,,,,,
aar,forsigtig,1.0,,249.0,249.0,0.0,0.0,0.10158266757980895,0.052004949271218806,-0.10354740093984059,0.2075572994822782,44.17670682730924,38.14345758848193,50.3869044275964,44.17670682730924,38.14345758848193,50.3869044275964,44.17670682730924,55.82329317269076,0.0,,,,,,,,,,,,,,,,,,,,,,,,,,,,,,,2023.0,,,,,,,,,,,,,,,,,,,,,,,,,,,,,,,,
aar,forsigtig,1.5,,165.0,165.0,0.0,0.0,0.014029331275879103,-0.12563650919900066,-0.31610141137671943,0.06482839297871815,41.21212121212121,33.98490930582349,48.83921445941988,41.21212121212121,33.98490930582349,48.83921445941988,40.60606060606061,58.78787878787879,0.6060606060606061,,,,,,,,,,,,,,,,,,,,,,,,,,,,,,,2019.0,,,,,,,,,,,,,,,,,,,,,,,,,,,,,,,,
aar,forsigtig,1.5,,241.0,241.0,0.0,0.0,0.0852343019894813,0.018748124338360487,-0.13964908674664775,0.17714533542336872,43.56846473029046,37.45767977882008,49.88106581217791,43.56846473029046,37.45767977882008,49.88106581217791,43.56846473029046,56.43153526970954,0.0,,,,,,,,,,,,,,,,,,,,,,,,,,,,,,,2020.0,,,,,,,,,,,,,,,,,,,,,,,,,,,,,,,,
aar,forsigtig,1.5,,251.0,251.0,0.0,0.0,0.022360070194537986,-0.03674687417927081,-0.1901806911104528,0.11668694275191119,41.03585657370518,35.1301393408177,47.211823302057496,41.03585657370518,35.1301393408177,47.211823302057496,41.03585657370518,58.96414342629482,0.0,,,,,,,,,,,,,,,,,,,,,,,,,,,,,,,2021.0,,,,,,,,,,,,,,,,,,,,,,,,,,,,,,,,
aar,forsigtig,1.5,,250.0,250.0,0.0,0.0,-0.002228655580742238,-0.03891794350289884,-0.19191853928332395,0.11408265227752626,40.0,34.12283231365492,46.17983367625397,40.0,34.12283231365492,46.17983367625397,40.0,60.0,0.0,,,,,,,,,,,,,,,,,,,,,,,,,,,,,,,2022.0,,,,,,,,,,,,,,,,,,,,,,,,,,,,,,,,
aar,forsigtig,1.5,,247.0,247.0,0.0,0.0,-0.041856469465062565,-0.095515194273428,-0.24858097379159091,0.057550585244734914,38.46153846153846,32.6151143726907,44.66136924051274,38.46153846153846,32.6151143726907,44.66136924051274,38.46153846153846,61.53846153846154,0.0,,,,,,,,,,,,,,,,,,,,,,,,,,,,,,,2023.0,,,,,,,,,,,,,,,,,,,,,,,,,,,,,,,,
aar,forsigtig,2.0,,107.0,107.0,2.0,0.0,-0.04065672111628039,-0.19320910732955043,-0.4303215860343427,0.043903371375241806,39.25233644859813,30.526551533434336,48.72309003145466,39.25233644859813,30.526551533434336,48.72309003145466,38.3177570093458,60.74766355140187,0.9345794392523364,,,,,,,,,,,,,,,,,,,,,,,,,,,,,,,2019.0,,,,,,,,,,,,,,,,,,,,,,,,,,,,,,,,
aar,forsigtig,2.0,,133.0,133.0,0.0,0.0,0.010372667540241378,-0.06537838570580382,-0.2776194150303449,0.14686264361873724,40.6015037593985,32.63304154847606,49.097641377991444,40.6015037593985,32.63304154847606,49.097641377991444,40.6015037593985,59.3984962406015,0.0,,,,,,,,,,,,,,,,,,,,,,,,,,,,,,,2020.0,,,,,,,,,,,,,,,,,,,,,,,,,,,,,,,,
aar,forsigtig,2.0,,154.0,154.0,0.0,0.0,0.005683384962448269,-0.05766346193601946,-0.2531246439258647,0.13779772005382576,40.25974025974026,32.842326443078136,48.15126027099323,40.25974025974026,32.842326443078136,48.15126027099323,40.25974025974026,59.09090909090909,0.6493506493506493,,,,,,,,,,,,,,,,,,,,,,,,,,,,,,,2021.0,,,,,,,,,,,,,,,,,,,,,,,,,,,,,,,,
aar,forsigtig,2.0,,147.0,147.0,0.0,0.0,-0.06711869069059691,-0.1055927859442155,-0.30382645365207356,0.09264088176364255,37.414965986394556,30.006537310021496,45.46439734595923,37.414965986394556,30.006537310021496,45.46439734595923,37.414965986394556,62.585034013605444,0.0,,,,,,,,,,,,,,,,,,,,,,,,,,,,,,,2022.0,,,,,,,,,,,,,,,,,,,,,,,,,,,,,,,,
aar,forsigtig,2.0,,147.0,147.0,0.0,0.0,0.13618216250176784,0.0772974983801895,-0.12677673040052295,0.2813717271609019,45.57823129251701,37.74213494620398,53.63954479778925,45.57823129251701,37.74213494620398,53.63954479778925,45.57823129251701,54.42176870748299,0.0,,,,,,,,,,,,,,,,,,,,,,,,,,,,,,,2023.0,,,,,,,,,,,,,,,,,,,,,,,,,,,,,,,,
optaelling,,1.0,,1168.0,1168.0,,,,,,,,,,,,,,,,,,,,,,,,,,,,,,,,,0.10619816271701306,0.08912573632909848,531.0,637.0,,,,,,,,,,,variant,vending,1168.0,24918.0,1168.0,0.0,0.0,0.0,540.0,541.0,549.0,12.385425000000396,26.635425000000396,46.135425000000396,0.04931402446178277,0.10605207330390018,41.97256097847131,4.0,28.0,0.0,True,,,,,,,,,,,
optaelling,,1.5,,1154.0,1154.0,,,,,,,,,,,,,,,,,,,,,,,,,,,,,,,,,0.10684040368074951,0.08966473057654369,522.0,632.0,,,,,,,,,,,variant,vending,1168.0,5162.0,1154.0,0.0,0.0,14.0,540.0,554.0,602.0,10.635425000000396,24.885425000000396,43.81042500000041,0.052781899445156315,0.12350235181010172,42.11127597780625,5.0,39.0,0.0,True,,,,,,,,,,,
optaelling,,2.0,,688.0,688.0,,,,,,,,,,,,,,,,,,,,,,,,,,,,,,,,,0.13837072153056637,0.1161262316341816,266.0,422.0,,,,,,,,,,,variant,vending,1168.0,1109.0,688.0,0.0,0.0,480.0,540.0,585.0,641.0,9.635425000000396,22.635425000000396,41.46042500000041,0.05802851061996746,0.13631988210171797,42.3211404247987,5.0,39.0,0.0,True,,,,,,,,,,,
optaelling,,1.0,,1168.0,1168.0,,,,,,,,,,,,,,,,,,,,,,,,,,,,,,,,,,,637.0,531.0,,,,,,,,,,,variant,N_med,1168.0,24639.0,1168.0,0.0,0.0,0.0,540.0,541.0,550.0,11.885425000000396,26.885425000000396,45.385425000000396,0.04885546722806058,0.1105135070895619,41.95421868912243,4.0,26.0,0.0,,,,,,,,,,,,
optaelling,,1.5,,1145.0,1145.0,,,,,,,,,,,,,,,,,,,,,,,,,,,,,,,,,,,620.0,525.0,,,,,,,,,,,variant,N_med,1168.0,4851.0,1145.0,0.0,0.0,23.0,540.0,555.0,601.0,10.735425000000397,24.635425000000396,43.53542500000043,0.053317529533181536,0.12236778561897868,42.13270118132726,5.0,32.0,0.0,,,,,,,,,,,,
optaelling,,2.0,,639.0,639.0,,,,,,,,,,,,,,,,,,,,,,,,,,,,,,,,,,,306.0,333.0,,,,,,,,,,,variant,N_med,1168.0,1002.0,639.0,0.0,0.0,529.0,540.0,585.0,640.0,9.385425000000396,22.135425000000396,40.68542500000041,0.05933927177815544,0.1399510411089476,42.37357087112621,5.0,39.0,0.0,,,,,,,,,,,,
optaelling,,1.0,,165.0,,,,,,,,,,,,,,,,,,,,,,,,,,,,,,,,,,,,,,,,,,,,165.0,,,2019.0,aar,vending,,,,,,,,,,7.385425000000396,11.385425000000396,17.98542500000039,0.11536679570590946,0.17785029297568244,44.61467182823638,10.0,28.0,0.0,,,,,,,,,,,,
optaelling,,1.0,,251.0,,,,,,,,,,,,,,,,,,,,,,,,,,,,,,,,,,,,,,,,,,,,251.0,,,2020.0,aar,vending,,,,,,,,,,14.135425000000396,23.885425000000396,43.135425000000396,0.054991694725966905,0.09292256865286774,42.19966778903868,5.0,14.0,0.0,,,,,,,,,,,,
optaelling,,1.0,,252.0,,,,,,,,,,,,,,,,,,,,,,,,,,,,,,,,,,,,,,,,,,,,252.0,,,2021.0,aar,vending,,,,,,,,,,17.635425000000396,25.260425000000396,41.8604250000004,0.0519996066849443,0.07448076811304351,42.079984267397776,4.0,9.0,0.0,,,,,,,,,,,,
optaelling,,1.0,,251.0,,,,,,,,,,,,,,,,,,,,,,,,,,,,,,,,,,,,,,,,,,,,251.0,,,2022.0,aar,vending,,,,,,,,,,29.885425000000396,40.135425000000396,57.635425000000396,0.0327266996674381,0.04395119025411158,41.30906798669752,3.0,5.0,0.0,,,,,,,,,,,,
optaelling,,1.0,,249.0,,,,,,,,,,,,,,,,,,,,,,,,,,,,,,,,,,,,,,,,,,,,249.0,,,2023.0,aar,vending,,,,,,,,,,19.885425000000396,27.635425000000396,38.135425000000396,0.04752957481203857,0.06605340343492652,41.901182992481544,4.0,10.0,0.0,,,,,,,,,,,,
optaelling,,1.5,,165.0,,,,,,,,,,,,,,,,,,,,,,,,,,,,,,,,,,,,,,,,,,,,165.0,,,2019.0,aar,vending,,,,,,,,,,6.135425000000396,9.885425000000396,18.035425000000394,0.13287238535520196,0.21408459886640538,45.314895414208074,12.0,39.0,0.0,,,,,,,,,,,,
optaelling,,1.5,,241.0,,,,,,,,,,,,,,,,,,,,,,,,,,,,,,,,,,,,,,,,,,,,241.0,,,2020.0,aar,vending,,,,,,,,,,11.885425000000396,22.135425000000396,41.135425000000396,0.05933927177815544,0.1105135070895619,42.37357087112621,5.0,16.0,0.0,,,,,,,,,,,,
optaelling,,1.5,,251.0,,,,,,,,,,,,,,,,,,,,,,,,,,,,,,,,,,,,,,,,,,,,251.0,,,2021.0,aar,vending,,,,,,,,,,14.635425000000396,22.385425000000396,38.885425000000396,0.05867657192123789,0.08974799160256462,42.34706287684952,5.0,12.0,0.0,,,,,,,,,,,,
optaelling,,1.5,,250.0,,,,,,,,,,,,,,,,,,,,,,,,,,,,,,,,,,,,,,,,,,,,250.0,,,2022.0,aar,vending,,,,,,,,,,26.3354250000004,37.635425000000396,57.635425000000396,0.03490062886230157,0.04987742824079342,41.39602515449206,3.0,10.0,0.0,,,,,,,,,,,,
optaelling,,1.5,,247.0,,,,,,,,,,,,,,,,,,,,,,,,,,,,,,,,,,,,,,,,,,,,247.0,,,2023.0,aar,vending,,,,,,,,,,18.135425000000396,25.635425000000396,35.385425000000396,0.05123769159278536,0.07242730732805938,42.04950766371142,4.0,10.0,0.0,,,,,,,,,,,,
optaelling,,2.0,,107.0,,,,,,,,,,,,,,,,,,,,,,,,,,,,,,,,,,,,,,,,,,,,107.0,,,2019.0,aar,vending,,,,,,,,,,5.635425000000396,9.635425000000396,17.485425000000397,0.13631988210171797,0.2330791377757503,45.45279528406872,12.0,39.0,0.0,,,,,,,,,,,,
optaelling,,2.0,,133.0,,,,,,,,,,,,,,,,,,,,,,,,,,,,,,,,,,,,,,,,,,,,133.0,,,2020.0,aar,vending,,,,,,,,,,9.885425000000396,18.635425000000396,38.88542500000039,0.07048403779360932,0.13287238535520196,42.819361511744376,6.0,20.0,0.0,,,,,,,,,,,,
optaelling,,2.0,,154.0,,,,,,,,,,,,,,,,,,,,,,,,,,,,,,,,,,,,,,,,,,,,154.0,,,2021.0,aar,vending,,,,,,,,,,13.960425000000395,21.135425000000396,36.5604250000004,0.06214684587605763,0.09409368509433438,42.48587383504231,5.0,12.0,0.0,,,,,,,,,,,,
optaelling,,2.0,,147.0,,,,,,,,,,,,,,,,,,,,,,,,,,,,,,,,,,,,,,,,,,,,147.0,,,2022.0,aar,vending,,,,,,,,,,24.5854250000004,35.635425000000396,57.4854250000004,0.036859389217330375,0.0535123587895355,41.47437556869321,3.0,9.0,0.0,,,,,,,,,,,,
optaelling,,2.0,,147.0,,,,,,,,,,,,,,,,,,,,,,,,,,,,,,,,,,,,,,,,,,,,147.0,,,2023.0,aar,vending,,,,,,,,,,15.285425000000396,24.385425000000396,34.335425000000406,0.05386414220789584,0.08593706809773377,42.154565688315834,5.0,10.0,0.0,,,,,,,,,,,,
optaelling,,1.0,,165.0,,,,,,,,,,,,,,,,,,,,,,,,,,,,,,,,,,,,,,,,,,,,165.0,,,2019.0,aar,N_med,,,,,,,,,,7.135425000000396,10.885425000000396,18.135425000000396,0.12066593633229315,0.18408153683907083,44.826637453291724,11.0,26.0,0.0,,,,,,,,,,,,
optaelling,,1.0,,251.0,,,,,,,,,,,,,,,,,,,,,,,,,,,,,,,,,,,,,,,,,,,,251.0,,,2020.0,aar,N_med,,,,,,,,,,14.385425000000396,23.885425000000396,42.885425000000396,0.054991694725966905,0.0913076951150184,42.19966778903868,5.0,15.0,0.0,,,,,,,,,,,,
optaelling,,1.0,,252.0,,,,,,,,,,,,,,,,,,,,,,,,,,,,,,,,,,,,,,,,,,,,252.0,,,2021.0,aar,N_med,,,,,,,,,,17.635425000000396,24.260425000000396,40.885425000000396,0.05414311047864255,0.07448076811304351,42.165724419145704,5.0,10.0,0.0,,,,,,,,,,,,
optaelling,,1.0,,251.0,,,,,,,,,,,,,,,,,,,,,,,,,,,,,,,,,,,,,,,,,,,,251.0,,,2022.0,aar,N_med,,,,,,,,,,29.135425000000396,40.135425000000396,57.635425000000396,0.0327266996674381,0.04508257559311327,41.30906798669752,3.0,5.0,0.0,,,,,,,,,,,,
optaelling,,1.0,,249.0,,,,,,,,,,,,,,,,,,,,,,,,,,,,,,,,,,,,,,,,,,,,249.0,,,2023.0,aar,N_med,,,,,,,,,,19.635425000000396,27.885425000000396,38.4354250000004,0.0471034599616101,0.06689440131802461,41.8841383984644,4.0,10.0,0.0,,,,,,,,,,,,
optaelling,,1.5,,164.0,,,,,,,,,,,,,,,,,,,,,,,,,,,,,,,,,,,,,,,,,,,,164.0,,,2019.0,aar,N_med,,,,,,,,,,6.635425000000396,10.385425000000396,17.385425000000396,0.1264753247941177,0.19795265563244577,45.05901299176471,12.0,32.0,0.0,,,,,,,,,,,,
optaelling,,1.5,,249.0,,,,,,,,,,,,,,,,,,,,,,,,,,,,,,,,,,,,,,,,,,,,249.0,,,2020.0,aar,N_med,,,,,,,,,,11.635425000000396,22.135425000000396,39.6854250000004,0.05933927177815544,0.11288801225567224,42.37357087112621,5.0,18.0,0.0,,,,,,,,,,,,
optaelling,,1.5,,246.0,,,,,,,,,,,,,,,,,,,,,,,,,,,,,,,,,,,,,,,,,,,,246.0,,,2021.0,aar,N_med,,,,,,,,,,16.010425000000396,23.385425000000396,37.635425000000396,0.05616746328108117,0.08204529674817129,42.24669853124324,5.0,13.0,0.0,,,,,,,,,,,,
optaelling,,1.5,,244.0,,,,,,,,,,,,,,,,,,,,,,,,,,,,,,,,,,,,,,,,,,,,244.0,,,2022.0,aar,N_med,,,,,,,,,,26.710425000000395,38.260425000000396,54.33542500000041,0.03433087897561658,0.04917645729166612,41.37323515902466,3.0,9.0,0.0,,,,,,,,,,,,
optaelling,,1.5,,242.0,,,,,,,,,,,,,,,,,,,,,,,,,,,,,,,,,,,,,,,,,,,,242.0,,,2023.0,aar,N_med,,,,,,,,,,17.885425000000396,26.260425000000396,34.885425000000396,0.05001936418056557,0.07343968622495528,42.00077456722262,4.0,12.0,0.0,,,,,,,,,,,,
optaelling,,2.0,,109.0,,,,,,,,,,,,,,,,,,,,,,,,,,,,,,,,,,,,,,,,,,,,109.0,,,2019.0,aar,N_med,,,,,,,,,,6.135425000000396,9.885425000000396,16.885425000000396,0.13287238535520196,0.21408459886640538,45.314895414208074,12.0,39.0,0.0,,,,,,,,,,,,
optaelling,,2.0,,132.0,,,,,,,,,,,,,,,,,,,,,,,,,,,,,,,,,,,,,,,,,,,,132.0,,,2020.0,aar,N_med,,,,,,,,,,9.410425000000396,20.135425000000396,32.5604250000004,0.0652433466978837,0.13958792520822466,42.609733867915345,6.0,23.0,0.0,,,,,,,,,,,,
optaelling,,2.0,,141.0,,,,,,,,,,,,,,,,,,,,,,,,,,,,,,,,,,,,,,,,,,,,141.0,,,2021.0,aar,N_med,,,,,,,,,,14.385425000000396,22.885425000000396,37.135425000000396,0.05739460814033286,0.0913076951150184,42.29578432561332,5.0,12.0,0.0,,,,,,,,,,,,
optaelling,,2.0,,118.0,,,,,,,,,,,,,,,,,,,,,,,,,,,,,,,,,,,,,,,,,,,,118.0,,,2022.0,aar,N_med,,,,,,,,,,23.885425000000396,36.510425000000396,52.885425000000396,0.03597982168948306,0.054991694725966905,41.43919286757932,3.0,7.0,0.0,,,,,,,,,,,,
optaelling,,2.0,,139.0,,,,,,,,,,,,,,,,,,,,,,,,,,,,,,,,,,,,,,,,,,,,139.0,,,2023.0,aar,N_med,,,,,,,,,,15.635425000000396,24.385425000000396,35.3354250000004,0.05386414220789584,0.08400794989582737,42.154565688315834,5.0,11.0,0.0,,,,,,,,,,,,
optaelling,,,,,,,,,,,,,,,,,,,,,,,,,,,,,,,,,,,,,,,,,,,,,,,,,,,,dage,,1168.0,,,,,,,,,,,,,,,,,,,1173.0,531.0,637.0,5.0,0.0,0.0,140760.0,0.0,,,
optaelling,,1.0,,,,,,,,,,,,,,,,,,,,,,,,,,,,,,,,,,,,,,,,,,,,,,,,,,N_tid_opslag,,,,,,,,,,,,,,,,,,,,,,,,,,,,,1168.0,30.0,0.0
optaelling,,1.5,,,,,,,,,,,,,,,,,,,,,,,,,,,,,,,,,,,,,,,,,,,,,,,,,,N_tid_opslag,,,,,,,,,,,,,,,,,,,,,,,,,,,,,1154.0,108.0,0.0
optaelling,,2.0,,,,,,,,,,,,,,,,,,,,,,,,,,,,,,,,,,,,,,,,,,,,,,,,,,N_tid_opslag,,,,,,,,,,,,,,,,,,,,,,,,,,,,,688.0,120.0,0.0
