tabel,afgoerelse,k,pr_dag,raekke_8,handler_n,dage_med_handel_n,tvetydig_n,censureret_n,middel_R_brutto,middel_R_netto,middel_R_netto_ci95_lo,middel_R_netto_ci95_hi,win_rate_pct_brutto,win_rate_pct_brutto_ci95_lo,win_rate_pct_brutto_ci95_hi,win_rate_pct_netto,win_rate_pct_netto_ci95_lo,win_rate_pct_netto_ci95_hi,udfald_maal_pct,udfald_stop_pct,udfald_tidsexit_pct,ci_metode,RR_p50,RR_middel,anden_handel_n,maal_R_under_0_n,N_tid_p5,N_tid_p50,N_tid_p95,N_tid_med,N_tid_sd,t_v,p_FWE,N_tid_handler_n_middel,N_tid_udfaldne_n_middel,N_mod_handler_n,N_mod_RR_p50,N_mod_middel_R_netto,N_mod_middel_R_netto_ci95_lo,N_mod_middel_R_netto_ci95_hi,N_mod_minus_model,N_mod_minus_model_ci95_lo,N_mod_minus_model_ci95_hi,N_mod_fortsaettelsesfund,sigma_R,MDE_R_sidak6,MDE_R_ukorr,long_n,short_n,long_middel_R_netto,short_middel_R_netto,forskel,forskel_ci95_lo,forskel_ci95_hi,aar,n,ci95_lo,ci95_hi,optaelling,model,straekte_lys_n,straekte_op_n,straekte_ned_n,udmattelseslys_n,ordrer_n,naeste_uden_for_vindue_n,blokeret_n,udloebet_n,udloest_n,sprunget_over_under_1R_n,afvist_kontrakter_nul_n,ignoreret_efter_dagens_sidste_handel_n,RR_p10,RR_p90,signaltid_p10,signaltid_p50,signaltid_p90,risiko_pt_p10,risiko_pt_p50,risiko_pt_p90,omk_R_netto_p10,omk_R_netto_p50,omk_R_netto_p90,kontrakter_p50,kontrakter_maks,kontrakter_loftet_n,betingelse_ok,naeste_i_vindue_n,pulje_n,pulje_paa_modeldage_n,modelhandler_n,celler_n,celler_for_faa_n,dage_for_faa_n,manglende_n,nabotime_n,nabotime_lige_langt_n,pulje_long_n,pulje_short_n,pulje_risiko_pt_p50,model_signaltid_p10,model_signaltid_p50,model_signaltid_p90,traek_signaltid_p10,traek_signaltid_p50,traek_signaltid_p90,n_1m,n_5m,rth_dage_n,vindue_lys_n,rul_dage_n,vindue_lys_paa_rul_dage_n,lys_n,naeste_uden_barer_n,vwap_udefineret_n
hoved,forsigtig,1.5,1.0,4.0,1104.0,1104.0,1.0,0.0,-0.005769539670810671,-0.09200451710088728,-0.1884251223427223,0.004416088140947738,31.068840579710145,28.408612010047683,33.860357374347416,30.88768115942029,28.232452600586598,33.67545428987927,29.619565217391305,68.56884057971014,1.8115942028985508,t,2.68480551460582,3.2860097121673593,0.0,0.0,-0.1678081080596806,-0.1304335634883877,-0.08909617067268157,-0.1304335634883877,0.024900827499542446,1.543283908464751,0.2994011976047904,1104.0,0.0,923.0,3.8180870659361714,-0.053793827721690286,-0.18503907029525904,0.07745141485187848,0.03821068937919699,-0.12455640361974052,0.20097778237813452,False,1.8127354225499537,0.17609884272679893,0.13565579417565696,,,,,,,,,,,,,,,,,,,,,,,,,,,,,,,,,,,,,,,,,,,,,,,,,,,,,,,,,,,,,,,,,,,,
hoved,forsigtig,1.5,2.0,4.0,1988.0,1104.0,2.0,0.0,-0.07727422828101334,-0.17018623930378493,-0.2447951531381543,-0.09557732546941555,27.56539235412475,25.645835515784267,29.571483812023835,27.364185110663986,25.44946795592123,29.366212980208033,25.201207243460765,71.73038229376257,3.0684104627766597,CR1 pr. dag,3.023933871621839,3.769756455973388,884.0,0.0,-0.23181432471892904,-0.20023463716229872,-0.16809892881722133,-0.20023463716229872,0.019259437155922265,1.5601908620301466,0.2874251497005988,1916.674,71.326,1405.0,4.20690711134366,-0.09068000126964389,-0.19883322924536984,0.017473226706082076,0.07950623803414104,-0.05140841460569627,0.21042089067397834,False,1.94158606710426,0.14055783982480002,0.10827717600977917,,,,,,,,,,,,,,,,,,,,,,,,,,,,,,,,,,,,,,,,,,,,,,,,,,,,,,,,,,,,,,,,,,,,
hoved,forsigtig,2.0,1.0,4.0,1049.0,1049.0,1.0,0.0,-0.027887192078371006,-0.11654314771445226,-0.21880914764738107,-0.014277147781523447,28.69399428026692,26.038347210604584,31.505118022927125,28.408007626310773,25.761574497417783,31.21200436340965,26.69208770257388,70.73403241182078,2.573879885605338,t,3.066625972685635,3.663002275281722,0.0,0.0,-0.1899973791218161,-0.14549443648802274,-0.1046404041969437,-0.14549443648802274,0.025471351828351602,1.1366216040934833,0.5269461077844312,1049.0,0.0,847.0,4.318084847314619,-0.007945165003358902,-0.15036925636919943,0.13447892636248163,0.10859798271109336,-0.06663685670799835,0.28383282213018507,False,1.9138971433391403,0.1907381066721449,0.14693298910722113,,,,,,,,,,,,,,,,,,,,,,,,,,,,,,,,,,,,,,,,,,,,,,,,,,,,,,,,,,,,,,,,,,,,
hoved,forsigtig,2.0,2.0,4.0,1809.0,1049.0,1.0,0.0,-0.11054299965022393,-0.20457745008601844,-0.28281924897506067,-0.1263356511969762,24.930901050304037,22.991872253622354,26.976174009505932,24.70978441127695,22.77714264015266,26.749607448890757,21.614151464897734,74.12935323383084,4.25649530127142,CR1 pr. dag,3.5205458617739906,4.195807784127847,760.0,0.0,-0.2570773225557377,-0.22225796666326508,-0.18814936839214794,-0.22225796666326508,0.02109283174857406,0.83822394204808,0.7225548902195609,1741.63,67.37,1230.0,4.713627483091503,-0.0691589613543312,-0.1873275904833373,0.0490096677746749,0.13541848873168724,-0.007713355030714603,0.2785503324940891,False,2.048367101895519,0.15545157479199692,0.11975039987616964,,,,,,,,,,,,,,,,,,,,,,,,,,,,,,,,,,,,,,,,,,,,,,,,,,,,,,,,,,,,,,,,,,,,
hoved,forsigtig,3.0,1.0,4.0,840.0,840.0,0.0,0.0,-0.058078943295346255,-0.14977360309954907,-0.2745532822045452,-0.02499392399455294,25.357142857142858,22.531818890873186,28.40683247871189,24.88095238095238,22.076131162632112,27.914474822790353,19.761904761904763,74.04761904761905,6.190476190476191,t,4.228477289740752,4.671087389141533,0.0,0.0,-0.25633723285317167,-0.20396274214162416,-0.15872986242393708,-0.20396274214162416,0.030730234565728452,1.7633818878333236,0.19161676646706588,840.0,0.0,629.0,5.585425741273666,0.04063518764162919,-0.13869132341557125,0.21996169869882962,0.19040879074117825,-0.027896466342218457,0.408714047824575,False,2.1612698556963066,0.24069993356742111,0.18542052940559905,,,,,,,,,,,,,,,,,,,,,,,,,,,,,,,,,,,,,,,,,,,,,,,,,,,,,,,,,,,,,,,,,,,,
hoved,forsigtig,3.0,2.0,4.0,1349.0,840.0,0.0,0.0,-0.13928797039700275,-0.23630028749595094,-0.33545998764822993,-0.13714058734367193,21.94217939214233,19.815086600723486,24.228615263654916,21.645663454410673,19.530170074865833,23.92218385677153,16.234247590808007,76.94588584136397,6.81986656782802,CR1 pr. dag,4.650837964868481,5.2250514563918875,509.0,0.0,-0.27583513726382514,-0.2328568788862922,-0.19435942896143912,-0.2328568788862922,0.024734594340270363,-0.13921427464256164,0.9960079840319361,1306.998,42.002,854.0,5.9520619278569455,-0.005501454181366401,-0.15809761418977808,0.14709470582704526,0.23079883331458453,0.0468634664312344,0.41473420019793467,False,2.285837145640933,0.20088426866627632,0.1547489726868753,,,,,,,,,,,,,,,,,,,,,,,,,,,,,,,,,,,,,,,,,,,,,,,,,,,,,,,,,,,,,,,,,,,,
hoved,bedste_fald,1.5,1.0,4.0,1104.0,1104.0,1.0,0.0,-0.0025998690298833704,-0.08883484645995997,-0.18530609891364658,0.007636405993726628,31.159420289855074,28.49670993079812,33.9527907005616,30.97826086956522,28.32052622359132,33.76791191383916,29.71014492753623,68.47826086956522,1.8115942028985508,t,2.68480551460582,3.2860097121673593,0.0,0.0,-0.16379530346790885,-0.1260356738393491,-0.08504847674809882,-0.1260356738393491,0.025023716492786792,1.4866227960228233,0.32335329341317365,1104.0,0.0,923.0,3.8180870659361714,-0.053793827721690286,-0.18503907029525904,0.07745141485187848,0.03504101873826968,-0.12775602099674838,0.19783805847328773,False,1.8127354225499537,0.17609884272679893,0.13565579417565696,,,,,,,,,,,,,,,,,,,,,,,,,,,,,,,,,,,,,,,,,,,,,,,,,,,,,,,,,,,,,,,,,,,,
hoved,bedste_fald,1.5,2.0,4.0,1988.0,1104.0,2.0,0.0,-0.07404860672151492,-0.16696061774428653,-0.2415430022573071,-0.09237823323126595,27.665995975855132,25.74403794885561,29.67410057479192,27.464788732394368,25.547645504061332,29.46885462790736,25.301810865191147,71.62977867203219,3.0684104627766597,CR1 pr. dag,3.023933871621839,3.769756455973388,884.0,0.0,-0.22930625501725918,-0.19789887624623198,-0.16574717219847135,-0.19789887624623198,0.019285644116419632,1.6042118331741322,0.2714570858283433,1916.674,71.326,1405.0,4.20690711134366,-0.09068000126964389,-0.19883322924536984,0.017473226706082076,0.07628061647464264,-0.054659154408669544,0.20722038735795484,False,1.94158606710426,0.14055783982480002,0.10827717600977917,,,,,,,,,,,,,,,,,,,,,,,,,,,,,,,,,,,,,,,,,,,,,,,,,,,,,,,,,,,,,,,,,,,,
hoved,bedste_fald,2.0,1.0,4.0,1049.0,1049.0,1.0,0.0,-0.024551332795641034,-0.1132072884317223,-0.21552911741477826,-0.01088545944866634,28.78932316491897,26.13063435225591,31.602793005510566,28.50333651096282,25.853817239022405,31.309723746039797,26.78741658722593,70.63870352716873,2.573879885605338,t,3.066625972685635,3.663002275281722,0.0,0.0,-0.1871683171637618,-0.14240273506020296,-0.10115660059110562,-0.14240273506020296,0.025447622049960598,1.1472760233220243,0.5129740518962076,1049.0,0.0,847.0,4.318084847314619,-0.007945165003358902,-0.15036925636919943,0.13447892636248163,0.1052621234283634,-0.07000523003913788,0.28052947689586466,False,1.9138971433391403,0.1907381066721449,0.14693298910722113,,,,,,,,,,,,,,,,,,,,,,,,,,,,,,,,,,,,,,,,,,,,,,,,,,,,,,,,,,,,,,,,,,,,
hoved,bedste_fald,2.0,2.0,4.0,1809.0,1049.0,1.0,0.0,-0.10860860695393662,-0.20264305738973112,-0.2808712034282451,-0.12441491135121714,24.98618021006081,23.045565505116887,27.032804801532613,24.76506357103372,22.830818515291913,26.80625561727271,21.669430624654506,74.07407407407408,4.25649530127142,CR1 pr. dag,3.5205458617739906,4.195807784127847,760.0,0.0,-0.25521724695991,-0.22027044704663423,-0.186137628579714,-0.22027044704663423,0.02109443469332751,0.8356417184518777,0.720558882235529,1741.63,67.37,1230.0,4.713627483091503,-0.0691589613543312,-0.1873275904833373,0.0490096677746749,0.13348409603539993,-0.009663671715887695,0.2766318637866876,False,2.048367101895519,0.15545157479199692,0.11975039987616964,,,,,,,,,,,,,,,,,,,,,,,,,,,,,,,,,,,,,,,,,,,,,,,,,,,,,,,,,,,,,,,,,,,,
hoved,bedste_fald,3.0,1.0,4.0,840.0,840.0,0.0,0.0,-0.058078943295346255,-0.14977360309954907,-0.2745532822045452,-0.02499392399455294,25.357142857142858,22.531818890873186,28.40683247871189,24.88095238095238,22.076131162632112,27.914474822790353,19.761904761904763,74.04761904761905,6.190476190476191,t,4.228477289740752,4.671087389141533,0.0,0.0,-0.25633723285317167,-0.20396274214162416,-0.15872986242393708,-0.20396274214162416,0.030730234565728452,1.7633818878333236,0.19760479041916168,840.0,0.0,629.0,5.585425741273666,0.04063518764162919,-0.13869132341557125,0.21996169869882962,0.19040879074117825,-0.027896466342218457,0.408714047824575,False,2.1612698556963066,0.24069993356742111,0.18542052940559905,,,,,,,,,,,,,,,,,,,,,,,,,,,,,,,,,,,,,,,,,,,,,,,,,,,,,,,,,,,,,,,,,,,,
hoved,bedste_fald,3.0,2.0,4.0,1349.0,840.0,0.0,0.0,-0.13928797039700275,-0.23630028749595094,-0.33545998764822993,-0.13714058734367193,21.94217939214233,19.815086600723486,24.228615263654916,21.645663454410673,19.530170074865833,23.92218385677153,16.234247590808007,76.94588584136397,6.81986656782802,CR1 pr. dag,4.650837964868481,5.2250514563918875,509.0,0.0,-0.27583513726382514,-0.2328568788862922,-0.19435942896143912,-0.2328568788862922,0.024734594340270363,-0.13921427464256164,0.9960079840319361,1306.998,42.002,854.0,5.9520619278569455,-0.005501454181366401,-0.15809761418977808,0.14709470582704526,0.23079883331458453,0.0468634664312344,0.41473420019793467,False,2.285837145640933,0.20088426866627632,0.1547489726868753,,,,,,,,,,,,,,,,,,,,,,,,,,,,,,,,,,,,,,,,,,,,,,,,,,,,,,,,,,,,,,,,,,,,
side,forsigtig,1.5,1.0,,,,,,,,,,,,,,,,,,,,,,,,,,,,,,,,,,,,,,,,,,,,,480.0,624.0,-0.018910613169155543,-0.1482305970483732,0.12931998387921767,-0.06130442730442903,0.3199443950628644,,,,,,,,,,,,,,,,,,,,,,,,,,,,,,,,,,,,,,,,,,,,,,,,,,,,,,,,,,,,,
side,forsigtig,1.5,2.0,,,,,,,,,,,,,,,,,,,,,,,,,,,,,,,,,,,,,,,,,,,,,849.0,1139.0,-0.05994000369891576,-0.25236275732708074,0.192422753628165,0.04491323048034879,0.3399322767759812,,,,,,,,,,,,,,,,,,,,,,,,,,,,,,,,,,,,,,,,,,,,,,,,,,,,,,,,,,,,,
side,forsigtig,2.0,1.0,,,,,,,,,,,,,,,,,,,,,,,,,,,,,,,,,,,,,,,,,,,,,443.0,606.0,-0.08618205370698752,-0.13873780884532175,0.05255575513833423,-0.14914919542264388,0.25426070569931236,,,,,,,,,,,,,,,,,,,,,,,,,,,,,,,,,,,,,,,,,,,,,,,,,,,,,,,,,,,,,
side,forsigtig,2.0,2.0,,,,,,,,,,,,,,,,,,,,,,,,,,,,,,,,,,,,,,,,,,,,,764.0,1045.0,-0.12148206396678501,-0.265328526636348,0.14384646266956297,-0.015428477701472071,0.303121403040598,,,,,,,,,,,,,,,,,,,,,,,,,,,,,,,,,,,,,,,,,,,,,,,,,,,,,,,,,,,,,
side,forsigtig,3.0,1.0,,,,,,,,,,,,,,,,,,,,,,,,,,,,,,,,,,,,,,,,,,,,,342.0,498.0,-0.07716815604515465,-0.19963517517304885,0.1224670191278942,-0.12557386938509088,0.37050790764087926,,,,,,,,,,,,,,,,,,,,,,,,,,,,,,,,,,,,,,,,,,,,,,,,,,,,,,,,,,,,,
side,forsigtig,3.0,2.0,,,,,,,,,,,,,,,,,,,,,,,,,,,,,,,,,,,,,,,,,,,,,540.0,809.0,-0.1401969058084889,-0.30044840382627175,0.16025149801778285,-0.03869167286017147,0.35919466889573715,,,,,,,,,,,,,,,,,,,,,,,,,,,,,,,,,,,,,,,,,,,,,,,,,,,,,,,,,,,,,
aar,forsigtig,1.5,1.0,,,,,,,-0.14401963596799644,,,,,,,,,,,,,,,,,,,,,,,,,,,,,,,,,,,,,,,,,,,,,2019.0,161.0,-0.403044363494887,0.1150050915588941,,,,,,,,,,,,,,,,,,,,,,,,,,,,,,,,,,,,,,,,,,,,,,,,,,,,,,,,,
aar,forsigtig,1.5,1.0,,,,,,,0.06676119063942033,,,,,,,,,,,,,,,,,,,,,,,,,,,,,,,,,,,,,,,,,,,,,2020.0,230.0,-0.14523360456756695,0.2787559858464076,,,,,,,,,,,,,,,,,,,,,,,,,,,,,,,,,,,,,,,,,,,,,,,,,,,,,,,,,
aar,forsigtig,1.5,1.0,,,,,,,-0.13460095851093531,,,,,,,,,,,,,,,,,,,,,,,,,,,,,,,,,,,,,,,,,,,,,2021.0,237.0,-0.34045348044679896,0.07125156342492833,,,,,,,,,,,,,,,,,,,,,,,,,,,,,,,,,,,,,,,,,,,,,,,,,,,,,,,,,
aar,forsigtig,1.5,1.0,,,,,,,-0.06518444227181093,,,,,,,,,,,,,,,,,,,,,,,,,,,,,,,,,,,,,,,,,,,,,2022.0,238.0,-0.2830187948105974,0.1526499102669755,,,,,,,,,,,,,,,,,,,,,,,,,,,,,,,,,,,,,,,,,,,,,,,,,,,,,,,,,
aar,forsigtig,1.5,1.0,,,,,,,-0.1946494744025888,,,,,,,,,,,,,,,,,,,,,,,,,,,,,,,,,,,,,,,,,,,,,2023.0,238.0,-0.3940847277164845,0.004785778911306882,,,,,,,,,,,,,,,,,,,,,,,,,,,,,,,,,,,,,,,,,,,,,,,,,,,,,,,,,
aar,forsigtig,1.5,2.0,,,,,,,-0.3090819574657506,,,,,,,,,,,,,,,,,,,,,,,,,,,,,,,,,,,,,,,,,,,,,2019.0,287.0,-0.49026671673833044,-0.12789719819317083,,,,,,,,,,,,,,,,,,,,,,,,,,,,,,,,,,,,,,,,,,,,,,,,,,,,,,,,,
aar,forsigtig,1.5,2.0,,,,,,,-0.10553959822546573,,,,,,,,,,,,,,,,,,,,,,,,,,,,,,,,,,,,,,,,,,,,,2020.0,405.0,-0.2758788933865571,0.06479969693562561,,,,,,,,,,,,,,,,,,,,,,,,,,,,,,,,,,,,,,,,,,,,,,,,,,,,,,,,,
aar,forsigtig,1.5,2.0,,,,,,,-0.11074686742520447,,,,,,,,,,,,,,,,,,,,,,,,,,,,,,,,,,,,,,,,,,,,,2021.0,423.0,-0.2735353344907958,0.05204159964038689,,,,,,,,,,,,,,,,,,,,,,,,,,,,,,,,,,,,,,,,,,,,,,,,,,,,,,,,,
aar,forsigtig,1.5,2.0,,,,,,,-0.1772422806100049,,,,,,,,,,,,,,,,,,,,,,,,,,,,,,,,,,,,,,,,,,,,,2022.0,437.0,-0.3398945310618668,-0.01459003015814303,,,,,,,,,,,,,,,,,,,,,,,,,,,,,,,,,,,,,,,,,,,,,,,,,,,,,,,,,
aar,forsigtig,1.5,2.0,,,,,,,-0.1894022548497861,,,,,,,,,,,,,,,,,,,,,,,,,,,,,,,,,,,,,,,,,,,,,2023.0,436.0,-0.34460536734093516,-0.03419914235863705,,,,,,,,,,,,,,,,,,,,,,,,,,,,,,,,,,,,,,,,,,,,,,,,,,,,,,,,,
aar,forsigtig,2.0,1.0,,,,,,,-0.11787250580720748,,,,,,,,,,,,,,,,,,,,,,,,,,,,,,,,,,,,,,,,,,,,,2019.0,154.0,-0.3916197127103736,0.15587470109595863,,,,,,,,,,,,,,,,,,,,,,,,,,,,,,,,,,,,,,,,,,,,,,,,,,,,,,,,,
aar,forsigtig,2.0,1.0,,,,,,,-0.06383401132679445,,,,,,,,,,,,,,,,,,,,,,,,,,,,,,,,,,,,,,,,,,,,,2020.0,217.0,-0.28560311366165175,0.15793509100806286,,,,,,,,,,,,,,,,,,,,,,,,,,,,,,,,,,,,,,,,,,,,,,,,,,,,,,,,,
aar,forsigtig,2.0,1.0,,,,,,,-0.1768699100339244,,,,,,,,,,,,,,,,,,,,,,,,,,,,,,,,,,,,,,,,,,,,,2021.0,228.0,-0.39237999333034457,0.038640173262495775,,,,,,,,,,,,,,,,,,,,,,,,,,,,,,,,,,,,,,,,,,,,,,,,,,,,,,,,,
aar,forsigtig,2.0,1.0,,,,,,,0.01599689539770049,,,,,,,,,,,,,,,,,,,,,,,,,,,,,,,,,,,,,,,,,,,,,2022.0,222.0,-0.22702734160138197,0.2590211323967829,,,,,,,,,,,,,,,,,,,,,,,,,,,,,,,,,,,,,,,,,,,,,,,,,,,,,,,,,
aar,forsigtig,2.0,1.0,,,,,,,-0.2345367846087317,,,,,,,,,,,,,,,,,,,,,,,,,,,,,,,,,,,,,,,,,,,,,2023.0,228.0,-0.4407102810393704,-0.028363288178093,,,,,,,,,,,,,,,,,,,,,,,,,,,,,,,,,,,,,,,,,,,,,,,,,,,,,,,,,
aar,forsigtig,2.0,2.0,,,,,,,-0.2885650122843389,,,,,,,,,,,,,,,,,,,,,,,,,,,,,,,,,,,,,,,,,,,,,2019.0,265.0,-0.48574909237487685,-0.09138093219380092,,,,,,,,,,,,,,,,,,,,,,,,,,,,,,,,,,,,,,,,,,,,,,,,,,,,,,,,,
aar,forsigtig,2.0,2.0,,,,,,,-0.1819463986523905,,,,,,,,,,,,,,,,,,,,,,,,,,,,,,,,,,,,,,,,,,,,,2020.0,365.0,-0.3659146850483147,0.002021887743533707,,,,,,,,,,,,,,,,,,,,,,,,,,,,,,,,,,,,,,,,,,,,,,,,,,,,,,,,,
aar,forsigtig,2.0,2.0,,,,,,,-0.15460597482399804,,,,,,,,,,,,,,,,,,,,,,,,,,,,,,,,,,,,,,,,,,,,,2021.0,390.0,-0.33027984179812164,0.021067892150125528,,,,,,,,,,,,,,,,,,,,,,,,,,,,,,,,,,,,,,,,,,,,,,,,,,,,,,,,,
aar,forsigtig,2.0,2.0,,,,,,,-0.1517975018446484,,,,,,,,,,,,,,,,,,,,,,,,,,,,,,,,,,,,,,,,,,,,,2022.0,399.0,-0.33021158403330725,0.026616580344010432,,,,,,,,,,,,,,,,,,,,,,,,,,,,,,,,,,,,,,,,,,,,,,,,,,,,,,,,,
aar,forsigtig,2.0,2.0,,,,,,,-0.27265874365323345,,,,,,,,,,,,,,,,,,,,,,,,,,,,,,,,,,,,,,,,,,,,,2023.0,390.0,-0.4373524648524213,-0.10796502245404563,,,,,,,,,,,,,,,,,,,,,,,,,,,,,,,,,,,,,,,,,,,,,,,,,,,,,,,,,
aar,forsigtig,3.0,1.0,,,,,,,-0.15463785366716717,,,,,,,,,,,,,,,,,,,,,,,,,,,,,,,,,,,,,,,,,,,,,2019.0,120.0,-0.4736253473814591,0.16434964004712474,,,,,,,,,,,,,,,,,,,,,,,,,,,,,,,,,,,,,,,,,,,,,,,,,,,,,,,,,
aar,forsigtig,3.0,1.0,,,,,,,-0.2252269621472321,,,,,,,,,,,,,,,,,,,,,,,,,,,,,,,,,,,,,,,,,,,,,2020.0,173.0,-0.48095515117802984,0.030501226883565657,,,,,,,,,,,,,,,,,,,,,,,,,,,,,,,,,,,,,,,,,,,,,,,,,,,,,,,,,
aar,forsigtig,3.0,1.0,,,,,,,-0.08562790768970992,,,,,,,,,,,,,,,,,,,,,,,,,,,,,,,,,,,,,,,,,,,,,2021.0,177.0,-0.377024406224775,0.2057685908453552,,,,,,,,,,,,,,,,,,,,,,,,,,,,,,,,,,,,,,,,,,,,,,,,,,,,,,,,,
aar,forsigtig,3.0,1.0,,,,,,,-0.07506798718412767,,,,,,,,,,,,,,,,,,,,,,,,,,,,,,,,,,,,,,,,,,,,,2022.0,184.0,-0.3571479434568147,0.2070119690885594,,,,,,,,,,,,,,,,,,,,,,,,,,,,,,,,,,,,,,,,,,,,,,,,,,,,,,,,,
aar,forsigtig,3.0,1.0,,,,,,,-0.211399840909311,,,,,,,,,,,,,,,,,,,,,,,,,,,,,,,,,,,,,,,,,,,,,2023.0,186.0,-0.4735019415742082,0.050702259755586204,,,,,,,,,,,,,,,,,,,,,,,,,,,,,,,,,,,,,,,,,,,,,,,,,,,,,,,,,
aar,forsigtig,3.0,2.0,,,,,,,-0.25192725064992555,,,,,,,,,,,,,,,,,,,,,,,,,,,,,,,,,,,,,,,,,,,,,2019.0,195.0,-0.49707178266100954,-0.006782718638841556,,,,,,,,,,,,,,,,,,,,,,,,,,,,,,,,,,,,,,,,,,,,,,,,,,,,,,,,,
aar,forsigtig,3.0,2.0,,,,,,,-0.28157973606646153,,,,,,,,,,,,,,,,,,,,,,,,,,,,,,,,,,,,,,,,,,,,,2020.0,273.0,-0.5000228147194758,-0.06313665741344723,,,,,,,,,,,,,,,,,,,,,,,,,,,,,,,,,,,,,,,,,,,,,,,,,,,,,,,,,
aar,forsigtig,3.0,2.0,,,,,,,-0.23108066984002862,,,,,,,,,,,,,,,,,,,,,,,,,,,,,,,,,,,,,,,,,,,,,2021.0,285.0,-0.44497255835776006,-0.017188781322297175,,,,,,,,,,,,,,,,,,,,,,,,,,,,,,,,,,,,,,,,,,,,,,,,,,,,,,,,,
aar,forsigtig,3.0,2.0,,,,,,,-0.19879388345812568,,,,,,,,,,,,,,,,,,,,,,,,,,,,,,,,,,,,,,,,,,,,,2022.0,303.0,-0.42334094077628065,0.025753173860029288,,,,,,,,,,,,,,,,,,,,,,,,,,,,,,,,,,,,,,,,,,,,,,,,,,,,,,,,,
aar,forsigtig,3.0,2.0,,,,,,,-0.22757497753221193,,,,,,,,,,,,,,,,,,,,,,,,,,,,,,,,,,,,,,,,,,,,,2023.0,293.0,-0.4465560247716631,-0.008593930292760704,,,,,,,,,,,,,,,,,,,,,,,,,,,,,,,,,,,,,,,,,,,,,,,,,,,,,,,,,
optaelling,,1.5,1.0,,1104.0,1104.0,,,,,,,,,,,,,,,,,2.68480551460582,3.2860097121673593,0.0,,,,,,,,,,,,,,,,,,,,1.8127354225499537,0.17609884272679893,0.13565579417565696,480.0,624.0,,,,,,,,,,variant,EMT,42386.0,24912.0,17474.0,6278.0,1886.0,3.0,0.0,658.0,1225.0,121.0,0.0,4392.0,1.4157717945292774,5.780840530907555,525.0,580.0,735.0,8.135425000000396,19.135425000000396,37.885425000000396,0.03467032506564163,0.06864232176708762,0.1614543800723301,6.0,43.0,0.0,True,,,,,,,,,,,,,,,,,,,,,,,,,,,,
optaelling,,1.5,1.0,,923.0,923.0,,,,,,,,,,,,,,,,,3.8180870659361714,4.452301293406356,0.0,,,,,,,,,,,,,,,,,,,,2.110047699320173,,,526.0,397.0,,,,,,,,,,variant,N_mod,42386.0,24912.0,17474.0,6278.0,2727.0,13.0,0.0,1791.0,923.0,0.0,0.0,3551.0,2.1550096852483986,7.529393857035043,525.0,620.0,800.0,7.385425000000396,17.135425000000396,36.385425000000396,0.03609961955920497,0.0766540660648901,0.17785029297568244,7.0,47.0,0.0,,,,,,,,,,,,,,,,,,,,,,,,,,,,,
optaelling,,1.5,2.0,,1988.0,1104.0,,,,,,,,,,,,,,,,,3.023933871621839,3.769756455973388,884.0,,,,,,,,,,,,,,,,,,,,1.94158606710426,0.14055783982480002,0.10827717600977917,849.0,1139.0,,,,,,,,,,variant,EMT,42386.0,24912.0,17474.0,6278.0,3726.0,16.0,403.0,1183.0,2124.0,136.0,0.0,2552.0,1.4902629926771038,7.027824036987696,535.0,620.0,790.0,7.635425000000396,17.885425000000396,36.135425000000396,0.036349371842173864,0.07343968622495528,0.17202709737832952,6.0,50.0,1.0,True,,,,,,,,,,,,,,,,,,,,,,,,,,,,
optaelling,,1.5,2.0,,1405.0,923.0,,,,,,,,,,,,,,,,,4.20690711134366,4.968686520513595,482.0,,,,,,,,,,,,,,,,,,,,2.2290550734590644,,,794.0,611.0,,,,,,,,,,variant,N_mod,42386.0,24912.0,17474.0,6278.0,5017.0,41.0,856.0,2715.0,1405.0,0.0,0.0,1261.0,2.314752381685848,8.66486651987742,535.0,650.0,820.0,7.135425000000396,16.135425000000396,33.53542500000043,0.039168060210092004,0.08140473523318832,0.18408153683907083,7.0,50.0,1.0,,,,,,,,,,,,,,,,,,,,,,,,,,,,,
optaelling,,2.0,1.0,,1049.0,1049.0,,,,,,,,,,,,,,,,,3.066625972685635,3.663002275281722,0.0,,,,,,,,,,,,,,,,,,,,1.9138971433391403,0.1907381066721449,0.14693298910722113,443.0,606.0,,,,,,,,,,variant,EMT,36829.0,21868.0,14961.0,5379.0,1745.0,7.0,0.0,645.0,1093.0,44.0,0.0,3634.0,1.6493480795561346,6.204917140265289,525.0,590.0,765.0,7.885425000000396,18.635425000000396,37.635425000000396,0.03490062886230157,0.07048403779360932,0.16657313968491666,6.0,47.0,0.0,True,,,,,,,,,,,,,,,,,,,,,,,,,,,,
optaelling,,2.0,1.0,,847.0,847.0,,,,,,,,,,,,,,,,,4.318084847314619,4.930686080941528,0.0,,,,,,,,,,,,,,,,,,,,2.2205148234005394,,,489.0,358.0,,,,,,,,,,variant,N_mod,36829.0,21868.0,14961.0,5379.0,2424.0,17.0,0.0,1560.0,847.0,0.0,0.0,2955.0,2.5377070552726524,8.135073510719266,525.0,630.0,815.0,7.285425000000398,16.635425000000396,34.73542500000039,0.037814890888808066,0.07895800678371419,0.18034279052103766,7.0,50.0,1.0,,,,,,,,,,,,,,,,,,,,,,,,,,,,,
optaelling,,2.0,2.0,,1809.0,1049.0,,,,,,,,,,,,,,,,,3.5205458617739906,4.195807784127847,760.0,,,,,,,,,,,,,,,,,,,,2.048367101895519,0.15545157479199692,0.11975039987616964,764.0,1045.0,,,,,,,,,,variant,EMT,36829.0,21868.0,14961.0,5379.0,3367.0,20.0,373.0,1111.0,1863.0,54.0,0.0,2012.0,1.763100092080015,7.4272162775643675,535.0,630.0,810.0,7.385425000000396,17.635425000000396,36.135425000000396,0.036349371842173864,0.07448076811304351,0.17785029297568244,7.0,50.0,1.0,True,,,,,,,,,,,,,,,,,,,,,,,,,,,,
optaelling,,2.0,2.0,,1230.0,847.0,,,,,,,,,,,,,,,,,4.713627483091503,5.442568848608558,383.0,,,,,,,,,,,,,,,,,,,,2.3329313853194567,,,701.0,529.0,,,,,,,,,,variant,N_mod,36829.0,21868.0,14961.0,5379.0,4406.0,44.0,842.0,2290.0,1230.0,0.0,0.0,973.0,2.7425488259852777,9.280253297236104,535.0,660.0,825.0,6.885425000000396,15.885425000000396,32.885425000000396,0.03994170669833168,0.08268585826315425,0.19076527592703782,7.0,50.0,2.0,,,,,,,,,,,,,,,,,,,,,,,,,,,,,
optaelling,,3.0,1.0,,840.0,840.0,,,,,,,,,,,,,,,,,4.228477289740752,4.671087389141533,0.0,,,,,,,,,,,,,,,,,,,,2.1612698556963066,0.24069993356742111,0.18542052940559905,342.0,498.0,,,,,,,,,,variant,EMT,26350.0,16289.0,10061.0,3732.0,1364.0,11.0,0.0,502.0,851.0,11.0,0.0,2368.0,2.1108683433105937,7.60224677460184,525.0,625.0,810.0,7.635425000000396,18.135425000000396,36.4104250000004,0.036074985192632726,0.07242730732805938,0.17202709737832952,6.0,47.0,0.0,False,,,,,,,,,,,,,,,,,,,,,,,,,,,,
optaelling,,3.0,1.0,,629.0,629.0,,,,,,,,,,,,,,,,,5.585425741273666,6.091335092012488,0.0,,,,,,,,,,,,,,,,,,,,2.4680630243193726,,,376.0,253.0,,,,,,,,,,variant,N_mod,26350.0,16289.0,10061.0,3732.0,1818.0,25.0,0.0,1164.0,629.0,0.0,0.0,1914.0,3.3298486143537054,9.359260016619526,530.0,655.0,820.0,7.335425000000397,15.885425000000396,32.93542500000041,0.03988143629784892,0.08268585826315425,0.1790965417483604,7.0,50.0,2.0,,,,,,,,,,,,,,,,,,,,,,,,,,,,,
optaelling,,3.0,2.0,,1349.0,840.0,,,,,,,,,,,,,,,,,4.650837964868481,5.2250514563918875,509.0,,,,,,,,,,,,,,,,,,,,2.285837145640933,0.20088426866627632,0.1547489726868753,540.0,809.0,,,,,,,,,,variant,EMT,26350.0,16289.0,10061.0,3732.0,2501.0,27.0,294.0,819.0,1361.0,12.0,0.0,1231.0,2.368831077455807,8.87394810098976,535.0,655.0,820.0,7.385425000000396,16.885425000000396,35.385425000000396,0.03711980285668422,0.07778898073338214,0.17785029297568244,7.0,50.0,1.0,False,,,,,,,,,,,,,,,,,,,,,,,,,,,,
optaelling,,3.0,2.0,,854.0,629.0,,,,,,,,,,,,,,,,,5.9520619278569455,6.565279981347576,225.0,,,,,,,,,,,,,,,,,,,,2.562280230838847,,,508.0,346.0,,,,,,,,,,variant,N_mod,26350.0,16289.0,10061.0,3732.0,3159.0,45.0,659.0,1601.0,854.0,0.0,0.0,573.0,3.479188951296985,10.532509903152791,540.0,685.0,830.0,7.135425000000396,15.135425000000396,31.560425000000407,0.0416191278513326,0.08678315937609717,0.18408153683907083,8.0,50.0,2.0,,,,,,,,,,,,,,,,,,,,,,,,,,,,,
optaelling,,1.5,1.0,,161.0,,,,,,,,,,,,,,,,,,2.4507461984969185,,,,,,,,,,,,,,,,,,,,,,,,,,,,,,,,2019.0,,,,aar,,,,,,,,,,,,,,,,,,,4.635425000000396,8.635425000000396,17.385425000000396,0.07555179122742009,0.1521060052052956,0.2833612883392327,14.0,43.0,0.0,,,,,,,,,,,,,,,,,,,,,,,,,,,,,
optaelling,,1.5,1.0,,230.0,,,,,,,,,,,,,,,,,,2.7353084482687824,,,,,,,,,,,,,,,,,,,,,,,,,,,,,,,,2020.0,,,,aar,,,,,,,,,,,,,,,,,,,8.110425000000397,18.135425000000396,36.910425000000394,0.035586298287841434,0.07242730732805938,0.16196625603358872,6.0,24.0,0.0,,,,,,,,,,,,,,,,,,,,,,,,,,,,,
optaelling,,1.5,1.0,,237.0,,,,,,,,,,,,,,,,,,2.738764973438855,,,,,,,,,,,,,,,,,,,,,,,,,,,,,,,,2021.0,,,,aar,,,,,,,,,,,,,,,,,,,10.285425000000396,18.385425000000396,34.635425000000396,0.03792359989808079,0.07144246053599368,0.12772317897679,6.0,22.0,0.0,,,,,,,,,,,,,,,,,,,,,,,,,,,,,
optaelling,,1.5,1.0,,238.0,,,,,,,,,,,,,,,,,,2.785319427320122,,,,,,,,,,,,,,,,,,,,,,,,,,,,,,,,2022.0,,,,aar,,,,,,,,,,,,,,,,,,,17.385425000000396,27.635425000000396,49.7854250000004,0.026383780213726893,0.04752957481203857,0.07555179122742009,4.0,16.0,0.0,,,,,,,,,,,,,,,,,,,,,,,,,,,,,
optaelling,,1.5,1.0,,238.0,,,,,,,,,,,,,,,,,,2.623706933627329,,,,,,,,,,,,,,,,,,,,,,,,,,,,,,,,2023.0,,,,aar,,,,,,,,,,,,,,,,,,,10.885425000000396,20.135425000000396,32.4604250000004,0.04046516061859505,0.06523328909123964,0.12066593633229315,6.0,18.0,0.0,,,,,,,,,,,,,,,,,,,,,,,,,,,,,
optaelling,,1.5,2.0,,287.0,,,,,,,,,,,,,,,,,,2.685770070901752,,,,,,,,,,,,,,,,,,,,,,,,,,,,,,,,2019.0,,,,aar,,,,,,,,,,,,,,,,,,,4.285425000000396,8.135425000000396,16.885425000000396,0.07778898073338214,0.1614543800723301,0.3067575326496806,15.0,50.0,1.0,,,,,,,,,,,,,,,,,,,,,,,,,,,,,
optaelling,,1.5,2.0,,405.0,,,,,,,,,,,,,,,,,,3.0567421672271697,,,,,,,,,,,,,,,,,,,,,,,,,,,,,,,,2020.0,,,,aar,,,,,,,,,,,,,,,,,,,7.485425000000397,17.135425000000396,35.885425000000396,0.03660260398197835,0.0766540660648901,0.17552101473674142,7.0,36.0,0.0,,,,,,,,,,,,,,,,,,,,,,,,,,,,,
optaelling,,1.5,2.0,,423.0,,,,,,,,,,,,,,,,,,3.0957140708076003,,,,,,,,,,,,,,,,,,,,,,,,,,,,,,,,2021.0,,,,aar,,,,,,,,,,,,,,,,,,,8.885425000000396,17.635425000000396,32.8354250000004,0.04000290048805302,0.07448076811304351,0.14782635608312955,7.0,30.0,0.0,,,,,,,,,,,,,,,,,,,,,,,,,,,,,
optaelling,,1.5,2.0,,437.0,,,,,,,,,,,,,,,,,,3.2699346875925253,,,,,,,,,,,,,,,,,,,,,,,,,,,,,,,,2022.0,,,,aar,,,,,,,,,,,,,,,,,,,14.885425000000396,25.635425000000396,46.135425000000396,0.028470529966939474,0.05123769159278536,0.08824067838170324,4.0,16.0,0.0,,,,,,,,,,,,,,,,,,,,,,,,,,,,,
optaelling,,1.5,2.0,,436.0,,,,,,,,,,,,,,,,,,2.9151873393215118,,,,,,,,,,,,,,,,,,,,,,,,,,,,,,,,2023.0,,,,aar,,,,,,,,,,,,,,,,,,,10.760425000000396,17.885425000000396,31.385425000000396,0.041853291628124345,0.07343968622495528,0.12208414407119744,6.0,21.0,0.0,,,,,,,,,,,,,,,,,,,,,,,,,,,,,
optaelling,,2.0,1.0,,154.0,,,,,,,,,,,,,,,,,,2.6588354064662987,,,,,,,,,,,,,,,,,,,,,,,,,,,,,,,,2019.0,,,,aar,,,,,,,,,,,,,,,,,,,4.535425000000396,8.510425000000396,17.385425000000396,0.07555179122742009,0.1543734216630972,0.2903186937877593,14.0,47.0,0.0,,,,,,,,,,,,,,,,,,,,,,,,,,,,,
optaelling,,2.0,1.0,,217.0,,,,,,,,,,,,,,,,,,3.056773131046689,,,,,,,,,,,,,,,,,,,,,,,,,,,,,,,,2020.0,,,,aar,,,,,,,,,,,,,,,,,,,7.885425000000396,18.135425000000396,37.4354250000004,0.035090453454627045,0.07242730732805938,0.16657313968491666,6.0,36.0,0.0,,,,,,,,,,,,,,,,,,,,,,,,,,,,,
optaelling,,2.0,1.0,,228.0,,,,,,,,,,,,,,,,,,3.1964838906506845,,,,,,,,,,,,,,,,,,,,,,,,,,,,,,,,2021.0,,,,aar,,,,,,,,,,,,,,,,,,,9.135425000000396,17.635425000000396,34.110425000000404,0.03851116490417094,0.07448076811304351,0.14378094067872518,7.0,22.0,0.0,,,,,,,,,,,,,,,,,,,,,,,,,,,,,
optaelling,,2.0,1.0,,222.0,,,,,,,,,,,,,,,,,,3.5202440847781284,,,,,,,,,,,,,,,,,,,,,,,,,,,,,,,,2022.0,,,,aar,,,,,,,,,,,,,,,,,,,16.435425000000397,27.135425000000396,49.13542500000041,0.02673873467108177,0.048409468423696034,0.07992533309104276,4.0,16.0,0.0,,,,,,,,,,,,,,,,,,,,,,,,,,,,,
optaelling,,2.0,1.0,,228.0,,,,,,,,,,,,,,,,,,2.9947141543270877,,,,,,,,,,,,,,,,,,,,,,,,,,,,,,,,2023.0,,,,aar,,,,,,,,,,,,,,,,,,,11.135425000000396,19.885425000000396,32.4604250000004,0.04046516061859505,0.06605340343492652,0.11795688085546382,6.0,16.0,0.0,,,,,,,,,,,,,,,,,,,,,,,,,,,,,
optaelling,,2.0,2.0,,265.0,,,,,,,,,,,,,,,,,,3.137389670154108,,,,,,,,,,,,,,,,,,,,,,,,,,,,,,,,2019.0,,,,aar,,,,,,,,,,,,,,,,,,,4.135425000000396,8.135425000000396,17.035425000000394,0.07710803193228692,0.1614543800723301,0.3176215262034432,15.0,50.0,1.0,,,,,,,,,,,,,,,,,,,,,,,,,,,,,
optaelling,,2.0,2.0,,365.0,,,,,,,,,,,,,,,,,,3.54614450391969,,,,,,,,,,,,,,,,,,,,,,,,,,,,,,,,2020.0,,,,aar,,,,,,,,,,,,,,,,,,,7.385425000000396,17.135425000000396,35.885425000000396,0.03660260398197835,0.0766540660648901,0.17785029297568244,7.0,36.0,0.0,,,,,,,,,,,,,,,,,,,,,,,,,,,,,
optaelling,,2.0,2.0,,390.0,,,,,,,,,,,,,,,,,,3.7011807802854184,,,,,,,,,,,,,,,,,,,,,,,,,,,,,,,,2021.0,,,,aar,,,,,,,,,,,,,,,,,,,8.385425000000396,17.135425000000396,32.885425000000396,0.03994170669833168,0.0766540660648901,0.1566408381208988,7.0,30.0,0.0,,,,,,,,,,,,,,,,,,,,,,,,,,,,,
optaelling,,2.0,2.0,,399.0,,,,,,,,,,,,,,,,,,3.785104456046035,,,,,,,,,,,,,,,,,,,,,,,,,,,,,,,,2022.0,,,,aar,,,,,,,,,,,,,,,,,,,14.885425000000396,24.885425000000396,45.93542500000039,0.028594623968322002,0.052781899445156315,0.08824067838170324,5.0,16.0,0.0,,,,,,,,,,,,,,,,,,,,,,,,,,,,,
optaelling,,2.0,2.0,,390.0,,,,,,,,,,,,,,,,,,3.240616015523819,,,,,,,,,,,,,,,,,,,,,,,,,,,,,,,,2023.0,,,,aar,,,,,,,,,,,,,,,,,,,10.860425000000397,17.760425000000396,30.9104250000004,0.042494002694459146,0.07396022716899939,0.12094957788007407,6.5,21.0,0.0,,,,,,,,,,,,,,,,,,,,,,,,,,,,,
optaelling,,3.0,1.0,,120.0,,,,,,,,,,,,,,,,,,3.5629047112706425,,,,,,,,,,,,,,,,,,,,,,,,,,,,,,,,2019.0,,,,aar,,,,,,,,,,,,,,,,,,,4.385425000000396,8.760425000000396,18.135425000000396,0.07242730732805938,0.14996618064421258,0.2995148702805045,14.0,47.0,0.0,,,,,,,,,,,,,,,,,,,,,,,,,,,,,
optaelling,,3.0,1.0,,173.0,,,,,,,,,,,,,,,,,,3.9888312767602727,,,,,,,,,,,,,,,,,,,,,,,,,,,,,,,,2020.0,,,,aar,,,,,,,,,,,,,,,,,,,7.635425000000396,17.885425000000396,36.7854250000004,0.0357081411412748,0.07343968622495528,0.17202709737832952,6.0,34.0,0.0,,,,,,,,,,,,,,,,,,,,,,,,,,,,,
optaelling,,3.0,1.0,,177.0,,,,,,,,,,,,,,,,,,4.563055405538624,,,,,,,,,,,,,,,,,,,,,,,,,,,,,,,,2021.0,,,,aar,,,,,,,,,,,,,,,,,,,8.385425000000396,16.135425000000396,31.3354250000004,0.04191996794623717,0.08140473523318832,0.1566408381208988,7.0,23.0,0.0,,,,,,,,,,,,,,,,,,,,,,,,,,,,,
optaelling,,3.0,1.0,,184.0,,,,,,,,,,,,,,,,,,4.5930537590641025,,,,,,,,,,,,,,,,,,,,,,,,,,,,,,,,2022.0,,,,aar,,,,,,,,,,,,,,,,,,,15.210425000000395,24.385425000000396,46.3104250000004,0.028363118150744746,0.05386414220789584,0.08636011373691549,5.0,16.0,0.0,,,,,,,,,,,,,,,,,,,,,,,,,,,,,
optaelling,,3.0,1.0,,186.0,,,,,,,,,,,,,,,,,,4.3114199458400115,,,,,,,,,,,,,,,,,,,,,,,,,,,,,,,,2023.0,,,,aar,,,,,,,,,,,,,,,,,,,10.635425000000396,18.385425000000396,31.260425000000396,0.04202403022577472,0.07144246053599368,0.12350235181010172,6.0,17.0,0.0,,,,,,,,,,,,,,,,,,,,,,,,,,,,,
optaelling,,3.0,2.0,,195.0,,,,,,,,,,,,,,,,,,4.173443648347878,,,,,,,,,,,,,,,,,,,,,,,,,,,,,,,,2019.0,,,,aar,,,,,,,,,,,,,,,,,,,3.885425000000396,8.385425000000396,17.535425000000394,0.07490917735879414,0.1566408381208988,0.3380582561752874,14.0,50.0,1.0,,,,,,,,,,,,,,,,,,,,,,,,,,,,,
optaelling,,3.0,2.0,,273.0,,,,,,,,,,,,,,,,,,4.56798823007305,,,,,,,,,,,,,,,,,,,,,,,,,,,,,,,,2020.0,,,,aar,,,,,,,,,,,,,,,,,,,7.385425000000396,16.885425000000396,35.5854250000004,0.03691147194520115,0.07778898073338214,0.17785029297568244,7.0,34.0,0.0,,,,,,,,,,,,,,,,,,,,,,,,,,,,,
optaelling,,3.0,2.0,,285.0,,,,,,,,,,,,,,,,,,5.013055086285003,,,,,,,,,,,,,,,,,,,,,,,,,,,,,,,,2021.0,,,,aar,,,,,,,,,,,,,,,,,,,7.135425000000396,15.885425000000396,31.285425000000394,0.04198505093755627,0.08268585826315425,0.18408153683907083,7.0,30.0,0.0,,,,,,,,,,,,,,,,,,,,,,,,,,,,,
optaelling,,3.0,2.0,,303.0,,,,,,,,,,,,,,,,,,4.810605671766486,,,,,,,,,,,,,,,,,,,,,,,,,,,,,,,,2022.0,,,,aar,,,,,,,,,,,,,,,,,,,14.635425000000396,23.635425000000396,45.635425000000396,0.0287824644998921,0.05557336074980576,0.08974799160256462,5.0,16.0,0.0,,,,,,,,,,,,,,,,,,,,,,,,,,,,,
optaelling,,3.0,2.0,,293.0,,,,,,,,,,,,,,,,,,4.6530879200734105,,,,,,,,,,,,,,,,,,,,,,,,,,,,,,,,2023.0,,,,aar,,,,,,,,,,,,,,,,,,,10.135425000000396,16.635425000000396,28.5854250000004,0.04595055555816366,0.07895800678371419,0.12959496025079842,7.0,21.0,0.0,,,,,,,,,,,,,,,,,,,,,,,,,,,,,
optaelling,,1.5,1.0,,,,,,,,,,,,,,,,,,,,3.6886831682169205,4.6106666043271005,,,,,,,,,,,,,,,,,,,,,2.147246284040818,,,,,,,,,,,,,,N_tid_pulje,,42386.0,,,,,,,,15751.0,827.0,2.0,,1.6092502075887842,8.905399505536908,555.0,690.0,830.0,,,,,,,,,,,41738.0,14922.0,14419.0,1104.0,1104.0,0.0,0.0,0.0,0.0,0.0,6265.0,8657.0,16.135425000000396,525.0,580.0,735.0,525.0,585.0,740.0,,,,,,,,,
optaelling,,1.5,2.0,,,,,,,,,,,,,,,,,,,,3.6886831682169205,4.6106666043271005,,,,,,,,,,,,,,,,,,,,,2.147246284040818,,,,,,,,,,,,,,N_tid_pulje,,42386.0,,,,,,,,15751.0,827.0,2.0,,1.6092502075887842,8.905399505536908,555.0,690.0,830.0,,,,,,,,,,,41738.0,14922.0,14419.0,1988.0,1829.0,0.0,0.0,0.0,0.0,0.0,6265.0,8657.0,16.135425000000396,535.0,620.0,790.0,535.0,625.0,795.0,,,,,,,,,
optaelling,,2.0,1.0,,,,,,,,,,,,,,,,,,,,4.111758765979129,4.982186499020289,,,,,,,,,,,,,,,,,,,,,2.2320812035005106,,,,,,,,,,,,,,N_tid_pulje,,36829.0,,,,,,,,13524.0,358.0,2.0,,1.8865026450218858,9.309588107804494,555.0,695.0,830.0,,,,,,,,,,,36231.0,13164.0,12535.0,1049.0,1049.0,0.0,0.0,0.0,0.0,0.0,5491.0,7673.0,16.135425000000396,525.0,590.0,765.0,525.0,595.0,770.0,,,,,,,,,
optaelling,,2.0,2.0,,,,,,,,,,,,,,,,,,,,4.111758765979129,4.982186499020289,,,,,,,,,,,,,,,,,,,,,2.2320812035005106,,,,,,,,,,,,,,N_tid_pulje,,36829.0,,,,,,,,13524.0,358.0,2.0,,1.8865026450218858,9.309588107804494,555.0,695.0,830.0,,,,,,,,,,,36231.0,13164.0,12535.0,1809.0,1666.0,0.0,0.0,0.0,0.0,0.0,5491.0,7673.0,16.135425000000396,535.0,630.0,810.0,535.0,635.0,810.0,,,,,,,,,
optaelling,,3.0,1.0,,,,,,,,,,,,,,,,,,,,5.192685630520211,5.949877297800286,,,,,,,,,,,,,,,,,,,,,2.4392370319016323,,,,,,,,,,,,,,N_tid_pulje,,26350.0,,,,,,,,9487.0,85.0,2.0,,2.6227727254025113,10.29041419255036,560.0,710.0,835.0,,,,,,,,,,,25867.0,9400.0,8564.0,840.0,840.0,0.0,0.0,0.0,0.0,0.0,3700.0,5700.0,15.885425000000396,525.0,625.0,810.0,525.0,630.0,810.0,,,,,,,,,
optaelling,,3.0,2.0,,,,,,,,,,,,,,,,,,,,5.192685630520211,5.949877297800286,,,,,,,,,,,,,,,,,,,,,2.4392370319016323,,,,,,,,,,,,,,N_tid_pulje,,26350.0,,,,,,,,9487.0,85.0,2.0,,2.6227727254025113,10.29041419255036,560.0,710.0,835.0,,,,,,,,,,,25867.0,9400.0,8564.0,1349.0,1248.0,0.0,0.0,0.0,0.0,0.0,3700.0,5700.0,15.885425000000396,535.0,655.0,820.0,535.0,655.0,820.0,,,,,,,,,
optaelling,,,,,,,,,,,,,,,,,,,,,,,,,,,,,,,,,,,,,,,,,,,,,,,,,,,,,,,,,,,serie,,,,,,,1173.0,,,,,,,,,,,,,,,,,,,,,,,,,,,,,,,,,,,,,,,,,1638282.0,328638.0,1173.0,84125.0,0.0,0.0,84125.0,4.0,0.0
