symbol,tabel,variant,aktive_dage_n,andel_long,andel_short,middel_abs_w,omk_pr_aktiv_dag,sigma_v,MDE_sidak2,MDE_CI,E_v,styrke_FWE_E,styrke_CI_E,styrke_FWE_E_halv,styrke_CI_E_halv,w_p5,w_p50,w_p95,aar,handelsdage_n,L_median,omk_bp,n_1m,handelsdage_med_n,udelukket_indgang over 5 min forsinket_n,udelukket_udgang mangler (over 5 min)_n,udelukket_ingen barer i Topstep-dagen_n,indgang_forsinket_1_5_n,udgang_tidligere_bar_n,kortdage_n,ruller_i_vinduet_n,ruller_n,signalbar_mangler_ES_n,signalbar_over_5_min_ES_n,signalbar_mangler_ZN_n,signalbar_over_5_min_ZN_n,maanedsslut_n,kvartalsslut_n,sd_T,sd_c,korr_T_opvarmning,korr_wT_R_es
ES.v.0,variant,T,1949.0,0.19497178040020524,0.8050282195997948,0.293437278581805,1.3057958896890325,315.1956649517259,19.96305557168368,20.002323411047172,26.538701654219675,0.9610186057255882,0.9422835619674921,0.46179046188903505,0.38808309629915283,-0.5175345198025867,-0.2609289686779924,0.34920596265312204,,,,,,,,,,,,,,,,,,,,,,,,
ES.v.0,variant,K,556.0,0.39388489208633093,0.6061151079136691,1.0,4.45,431.0574362734397,51.1152448320974,51.21578982211082,51.01200005903475,0.7984151085011251,0.7214149982591594,0.28799466705780996,0.20949464304496782,,,,,,,,,,,,,,,,,,,,,,,,,,,
ES.v.0,aar,,,,,,,,,,,,,,,,,,2016.0,191.0,2137.0,4.16471689284043,,,,,,,,,,,,,,,,,,,,
ES.v.0,aar,,,,,,,,,,,,,,,,,,2017.0,251.0,2432.0,3.6595394736842106,,,,,,,,,,,,,,,,,,,,
ES.v.0,aar,,,,,,,,,,,,,,,,,,2018.0,250.0,2745.625,3.2415206009560666,,,,,,,,,,,,,,,,,,,,
ES.v.0,aar,,,,,,,,,,,,,,,,,,2019.0,252.0,2917.125,3.0509491365642543,,,,,,,,,,,,,,,,,,,,
ES.v.0,aar,,,,,,,,,,,,,,,,,,2020.0,252.0,3271.5,2.7204646186764485,,,,,,,,,,,,,,,,,,,,
ES.v.0,aar,,,,,,,,,,,,,,,,,,2021.0,252.0,4295.0,2.0721769499417926,,,,,,,,,,,,,,,,,,,,
ES.v.0,aar,,,,,,,,,,,,,,,,,,2022.0,251.0,4037.0,2.2046073817190983,,,,,,,,,,,,,,,,,,,,
ES.v.0,aar,,,,,,,,,,,,,,,,,,2023.0,250.0,4317.625,2.061318433166382,,,,,,,,,,,,,,,,,,,,
ES.v.0,serie,,,,,,,,,,,,,,,,,,,1951.0,,,2803331.0,1949.0,2.0,0.0,0.0,0.0,0.0,15.0,31.0,32.0,0.0,0.0,7.0,2.0,92.0,30.0,0.004336190656507839,0.009168379835422494,0.964854153529383,-0.6435732002521418
NQ.v.0,variant,T,1949.0,0.19497178040020524,0.8050282195997948,0.293437278581805,0.8362962439581443,475.5293246207256,30.117858171757106,30.177100766780413,39.655625066700146,0.9579246288318446,0.9499071113810686,0.4547408702254668,0.4219791723348567,-0.5175345198025867,-0.2609289686779924,0.34920596265312204,,,,,,,,,,,,,,,,,,,,,,,,
NQ.v.0,variant,K,556.0,0.39388489208633093,0.6061151079136691,1.0,2.85,780.8230861026686,92.590824001871,92.77295251373049,76.22500808821304,0.6358541508397602,0.6009601995326693,0.2108313552245171,0.18536533079505838,,,,,,,,,,,,,,,,,,,,,,,,,,,
NQ.v.0,aar,,,,,,,,,,,,,,,,,,2016.0,191.0,4737.5,3.007915567282322,,,,,,,,,,,,,,,,,,,,
NQ.v.0,aar,,,,,,,,,,,,,,,,,,2017.0,251.0,5793.25,2.4597592025201744,,,,,,,,,,,,,,,,,,,,
NQ.v.0,aar,,,,,,,,,,,,,,,,,,2018.0,250.0,6959.125,2.047671223034505,,,,,,,,,,,,,,,,,,,,
NQ.v.0,aar,,,,,,,,,,,,,,,,,,2019.0,252.0,7693.875,1.8521226300141345,,,,,,,,,,,,,,,,,,,,
NQ.v.0,aar,,,,,,,,,,,,,,,,,,2020.0,252.0,10302.875,1.3831090836295694,,,,,,,,,,,,,,,,,,,,
NQ.v.0,aar,,,,,,,,,,,,,,,,,,2021.0,252.0,14571.625,0.9779279936177331,,,,,,,,,,,,,,,,,,,,
NQ.v.0,aar,,,,,,,,,,,,,,,,,,2022.0,251.0,12440.0,1.1454983922829582,,,,,,,,,,,,,,,,,,,,
NQ.v.0,aar,,,,,,,,,,,,,,,,,,2023.0,250.0,14826.0,0.9611493322541481,,,,,,,,,,,,,,,,,,,,
NQ.v.0,serie,,,,,,,,,,,,,,,,,,,1951.0,,,2787275.0,1949.0,2.0,0.0,0.0,0.0,0.0,15.0,31.0,32.0,0.0,0.0,7.0,2.0,92.0,30.0,0.004336190656507839,0.009168379835422494,0.964854153529383,-0.6435732002521418
