tabel,model,k,pr_dag,straekte_lys_n,straekte_op_n,straekte_ned_n,udmattelseslys_n,ordrer_n,naeste_uden_for_vindue_n,blokeret_n,udloebet_n,udloest_n,sprunget_over_under_1R_n,afvist_kontrakter_nul_n,handler_n,ignoreret_efter_dagens_sidste_handel_n,dage_med_handel_n,anden_handel_n,long_n,short_n,RR_p10,RR_p50,RR_p90,RR_middel,sigma_R,signaltid_p10,signaltid_p50,signaltid_p90,risiko_pt_p10,risiko_pt_p50,risiko_pt_p90,omk_R_netto_p10,omk_R_netto_p50,omk_R_netto_p90,kontrakter_p50,kontrakter_maks,kontrakter_loftet_n,MDE_R_sidak6,MDE_R_ukorr,betingelse_ok,aar,naeste_i_vindue_n,pulje_n,pulje_paa_modeldage_n,modelhandler_n,celler_n,celler_for_faa_n,dage_for_faa_n,manglende_n,pulje_long_n,pulje_short_n,pulje_risiko_pt_p50,n_1m,n_5m,rth_dage_n,vindue_lys_n,rul_dage_n,vindue_lys_paa_rul_dage_n,lys_n,naeste_uden_barer_n,vwap_udefineret_n
variant,EMT,1.5,1.0,42386.0,24912.0,17474.0,6278.0,1886.0,3.0,0.0,658.0,1225.0,121.0,0.0,1104.0,4392.0,1104.0,0.0,480.0,624.0,1.4157717945292774,2.68480551460582,5.780840530907555,3.2860097121673593,1.8127354225499537,525.0,580.0,735.0,8.135425000000396,19.135425000000396,37.885425000000396,0.03467032506564163,0.06864232176708762,0.1614543800723301,6.0,43.0,0.0,0.17609884272679893,0.13565579417565696,True,,,,,,,,,,,,,,,,,,,,,
variant,N_mod,1.5,1.0,42386.0,24912.0,17474.0,6278.0,2727.0,13.0,0.0,1791.0,923.0,0.0,0.0,923.0,3551.0,923.0,0.0,526.0,397.0,2.1550096852483986,3.8180870659361714,7.529393857035043,4.452301293406356,2.110047699320173,525.0,620.0,800.0,7.385425000000396,17.135425000000396,36.385425000000396,0.03609961955920497,0.0766540660648901,0.17785029297568244,7.0,47.0,0.0,,,,,,,,,,,,,,,,,,,,,,,,
variant,EMT,1.5,2.0,42386.0,24912.0,17474.0,6278.0,3726.0,16.0,403.0,1183.0,2124.0,136.0,0.0,1988.0,2552.0,1104.0,884.0,849.0,1139.0,1.4902629926771038,3.023933871621839,7.027824036987696,3.769756455973388,1.94158606710426,535.0,620.0,790.0,7.635425000000396,17.885425000000396,36.135425000000396,0.036349371842173864,0.07343968622495528,0.17202709737832952,6.0,50.0,1.0,0.14055783982480002,0.10827717600977917,True,,,,,,,,,,,,,,,,,,,,,
variant,N_mod,1.5,2.0,42386.0,24912.0,17474.0,6278.0,5017.0,41.0,856.0,2715.0,1405.0,0.0,0.0,1405.0,1261.0,923.0,482.0,794.0,611.0,2.314752381685848,4.20690711134366,8.66486651987742,4.968686520513595,2.2290550734590644,535.0,650.0,820.0,7.135425000000396,16.135425000000396,33.53542500000043,0.039168060210092004,0.08140473523318832,0.18408153683907083,7.0,50.0,1.0,,,,,,,,,,,,,,,,,,,,,,,,
variant,EMT,2.0,1.0,36829.0,21868.0,14961.0,5379.0,1745.0,7.0,0.0,645.0,1093.0,44.0,0.0,1049.0,3634.0,1049.0,0.0,443.0,606.0,1.6493480795561346,3.066625972685635,6.204917140265289,3.663002275281722,1.9138971433391403,525.0,590.0,765.0,7.885425000000396,18.635425000000396,37.635425000000396,0.03490062886230157,0.07048403779360932,0.16657313968491666,6.0,47.0,0.0,0.1907381066721449,0.14693298910722113,True,,,,,,,,,,,,,,,,,,,,,
variant,N_mod,2.0,1.0,36829.0,21868.0,14961.0,5379.0,2424.0,17.0,0.0,1560.0,847.0,0.0,0.0,847.0,2955.0,847.0,0.0,489.0,358.0,2.5377070552726524,4.318084847314619,8.135073510719266,4.930686080941528,2.2205148234005394,525.0,630.0,815.0,7.285425000000398,16.635425000000396,34.73542500000039,0.037814890888808066,0.07895800678371419,0.18034279052103766,7.0,50.0,1.0,,,,,,,,,,,,,,,,,,,,,,,,
variant,EMT,2.0,2.0,36829.0,21868.0,14961.0,5379.0,3367.0,20.0,373.0,1111.0,1863.0,54.0,0.0,1809.0,2012.0,1049.0,760.0,764.0,1045.0,1.763100092080015,3.5205458617739906,7.4272162775643675,4.195807784127847,2.048367101895519,535.0,630.0,810.0,7.385425000000396,17.635425000000396,36.135425000000396,0.036349371842173864,0.07448076811304351,0.17785029297568244,7.0,50.0,1.0,0.15545157479199692,0.11975039987616964,True,,,,,,,,,,,,,,,,,,,,,
variant,N_mod,2.0,2.0,36829.0,21868.0,14961.0,5379.0,4406.0,44.0,842.0,2290.0,1230.0,0.0,0.0,1230.0,973.0,847.0,383.0,701.0,529.0,2.7425488259852777,4.713627483091503,9.280253297236104,5.442568848608558,2.3329313853194567,535.0,660.0,825.0,6.885425000000396,15.885425000000396,32.885425000000396,0.03994170669833168,0.08268585826315425,0.19076527592703782,7.0,50.0,2.0,,,,,,,,,,,,,,,,,,,,,,,,
variant,EMT,3.0,1.0,26350.0,16289.0,10061.0,3732.0,1364.0,11.0,0.0,502.0,851.0,11.0,0.0,840.0,2368.0,840.0,0.0,342.0,498.0,2.1108683433105937,4.228477289740752,7.60224677460184,4.671087389141533,2.1612698556963066,525.0,625.0,810.0,7.635425000000396,18.135425000000396,36.4104250000004,0.036074985192632726,0.07242730732805938,0.17202709737832952,6.0,47.0,0.0,0.24069993356742111,0.18542052940559905,False,,,,,,,,,,,,,,,,,,,,,
variant,N_mod,3.0,1.0,26350.0,16289.0,10061.0,3732.0,1818.0,25.0,0.0,1164.0,629.0,0.0,0.0,629.0,1914.0,629.0,0.0,376.0,253.0,3.3298486143537054,5.585425741273666,9.359260016619526,6.091335092012488,2.4680630243193726,530.0,655.0,820.0,7.335425000000397,15.885425000000396,32.93542500000041,0.03988143629784892,0.08268585826315425,0.1790965417483604,7.0,50.0,2.0,,,,,,,,,,,,,,,,,,,,,,,,
variant,EMT,3.0,2.0,26350.0,16289.0,10061.0,3732.0,2501.0,27.0,294.0,819.0,1361.0,12.0,0.0,1349.0,1231.0,840.0,509.0,540.0,809.0,2.368831077455807,4.650837964868481,8.87394810098976,5.2250514563918875,2.285837145640933,535.0,655.0,820.0,7.385425000000396,16.885425000000396,35.385425000000396,0.03711980285668422,0.07778898073338214,0.17785029297568244,7.0,50.0,1.0,0.20088426866627632,0.1547489726868753,False,,,,,,,,,,,,,,,,,,,,,
variant,N_mod,3.0,2.0,26350.0,16289.0,10061.0,3732.0,3159.0,45.0,659.0,1601.0,854.0,0.0,0.0,854.0,573.0,629.0,225.0,508.0,346.0,3.479188951296985,5.9520619278569455,10.532509903152791,6.565279981347576,2.562280230838847,540.0,685.0,830.0,7.135425000000396,15.135425000000396,31.560425000000407,0.0416191278513326,0.08678315937609717,0.18408153683907083,8.0,50.0,2.0,,,,,,,,,,,,,,,,,,,,,,,,
aar,,1.5,1.0,,,,,,,,,,,,161.0,,,,,,,2.4507461984969185,,,,,,,4.635425000000396,8.635425000000396,17.385425000000396,0.07555179122742009,0.1521060052052956,0.2833612883392327,14.0,43.0,0.0,,,,2019.0,,,,,,,,,,,,,,,,,,,,
aar,,1.5,1.0,,,,,,,,,,,,230.0,,,,,,,2.7353084482687824,,,,,,,8.110425000000397,18.135425000000396,36.910425000000394,0.035586298287841434,0.07242730732805938,0.16196625603358872,6.0,24.0,0.0,,,,2020.0,,,,,,,,,,,,,,,,,,,,
aar,,1.5,1.0,,,,,,,,,,,,237.0,,,,,,,2.738764973438855,,,,,,,10.285425000000396,18.385425000000396,34.635425000000396,0.03792359989808079,0.07144246053599368,0.12772317897679,6.0,22.0,0.0,,,,2021.0,,,,,,,,,,,,,,,,,,,,
aar,,1.5,1.0,,,,,,,,,,,,238.0,,,,,,,2.785319427320122,,,,,,,17.385425000000396,27.635425000000396,49.7854250000004,0.026383780213726893,0.04752957481203857,0.07555179122742009,4.0,16.0,0.0,,,,2022.0,,,,,,,,,,,,,,,,,,,,
aar,,1.5,1.0,,,,,,,,,,,,238.0,,,,,,,2.623706933627329,,,,,,,10.885425000000396,20.135425000000396,32.4604250000004,0.04046516061859505,0.06523328909123964,0.12066593633229315,6.0,18.0,0.0,,,,2023.0,,,,,,,,,,,,,,,,,,,,
aar,,1.5,2.0,,,,,,,,,,,,287.0,,,,,,,2.685770070901752,,,,,,,4.285425000000396,8.135425000000396,16.885425000000396,0.07778898073338214,0.1614543800723301,0.3067575326496806,15.0,50.0,1.0,,,,2019.0,,,,,,,,,,,,,,,,,,,,
aar,,1.5,2.0,,,,,,,,,,,,405.0,,,,,,,3.0567421672271697,,,,,,,7.485425000000397,17.135425000000396,35.885425000000396,0.03660260398197835,0.0766540660648901,0.17552101473674142,7.0,36.0,0.0,,,,2020.0,,,,,,,,,,,,,,,,,,,,
aar,,1.5,2.0,,,,,,,,,,,,423.0,,,,,,,3.0957140708076003,,,,,,,8.885425000000396,17.635425000000396,32.8354250000004,0.04000290048805302,0.07448076811304351,0.14782635608312955,7.0,30.0,0.0,,,,2021.0,,,,,,,,,,,,,,,,,,,,
aar,,1.5,2.0,,,,,,,,,,,,437.0,,,,,,,3.2699346875925253,,,,,,,14.885425000000396,25.635425000000396,46.135425000000396,0.028470529966939474,0.05123769159278536,0.08824067838170324,4.0,16.0,0.0,,,,2022.0,,,,,,,,,,,,,,,,,,,,
aar,,1.5,2.0,,,,,,,,,,,,436.0,,,,,,,2.9151873393215118,,,,,,,10.760425000000396,17.885425000000396,31.385425000000396,0.041853291628124345,0.07343968622495528,0.12208414407119744,6.0,21.0,0.0,,,,2023.0,,,,,,,,,,,,,,,,,,,,
aar,,2.0,1.0,,,,,,,,,,,,154.0,,,,,,,2.6588354064662987,,,,,,,4.535425000000396,8.510425000000396,17.385425000000396,0.07555179122742009,0.1543734216630972,0.2903186937877593,14.0,47.0,0.0,,,,2019.0,,,,,,,,,,,,,,,,,,,,
aar,,2.0,1.0,,,,,,,,,,,,217.0,,,,,,,3.056773131046689,,,,,,,7.885425000000396,18.135425000000396,37.4354250000004,0.035090453454627045,0.07242730732805938,0.16657313968491666,6.0,36.0,0.0,,,,2020.0,,,,,,,,,,,,,,,,,,,,
aar,,2.0,1.0,,,,,,,,,,,,228.0,,,,,,,3.1964838906506845,,,,,,,9.135425000000396,17.635425000000396,34.110425000000404,0.03851116490417094,0.07448076811304351,0.14378094067872518,7.0,22.0,0.0,,,,2021.0,,,,,,,,,,,,,,,,,,,,
aar,,2.0,1.0,,,,,,,,,,,,222.0,,,,,,,3.5202440847781284,,,,,,,16.435425000000397,27.135425000000396,49.13542500000041,0.02673873467108177,0.048409468423696034,0.07992533309104276,4.0,16.0,0.0,,,,2022.0,,,,,,,,,,,,,,,,,,,,
aar,,2.0,1.0,,,,,,,,,,,,228.0,,,,,,,2.9947141543270877,,,,,,,11.135425000000396,19.885425000000396,32.4604250000004,0.04046516061859505,0.06605340343492652,0.11795688085546382,6.0,16.0,0.0,,,,2023.0,,,,,,,,,,,,,,,,,,,,
aar,,2.0,2.0,,,,,,,,,,,,265.0,,,,,,,3.137389670154108,,,,,,,4.135425000000396,8.135425000000396,17.035425000000394,0.07710803193228692,0.1614543800723301,0.3176215262034432,15.0,50.0,1.0,,,,2019.0,,,,,,,,,,,,,,,,,,,,
aar,,2.0,2.0,,,,,,,,,,,,365.0,,,,,,,3.54614450391969,,,,,,,7.385425000000396,17.135425000000396,35.885425000000396,0.03660260398197835,0.0766540660648901,0.17785029297568244,7.0,36.0,0.0,,,,2020.0,,,,,,,,,,,,,,,,,,,,
aar,,2.0,2.0,,,,,,,,,,,,390.0,,,,,,,3.7011807802854184,,,,,,,8.385425000000396,17.135425000000396,32.885425000000396,0.03994170669833168,0.0766540660648901,0.1566408381208988,7.0,30.0,0.0,,,,2021.0,,,,,,,,,,,,,,,,,,,,
aar,,2.0,2.0,,,,,,,,,,,,399.0,,,,,,,3.785104456046035,,,,,,,14.885425000000396,24.885425000000396,45.93542500000039,0.028594623968322002,0.052781899445156315,0.08824067838170324,5.0,16.0,0.0,,,,2022.0,,,,,,,,,,,,,,,,,,,,
aar,,2.0,2.0,,,,,,,,,,,,390.0,,,,,,,3.240616015523819,,,,,,,10.860425000000397,17.760425000000396,30.9104250000004,0.042494002694459146,0.07396022716899939,0.12094957788007407,6.5,21.0,0.0,,,,2023.0,,,,,,,,,,,,,,,,,,,,
aar,,3.0,1.0,,,,,,,,,,,,120.0,,,,,,,3.5629047112706425,,,,,,,4.385425000000396,8.760425000000396,18.135425000000396,0.07242730732805938,0.14996618064421258,0.2995148702805045,14.0,47.0,0.0,,,,2019.0,,,,,,,,,,,,,,,,,,,,
aar,,3.0,1.0,,,,,,,,,,,,173.0,,,,,,,3.9888312767602727,,,,,,,7.635425000000396,17.885425000000396,36.7854250000004,0.0357081411412748,0.07343968622495528,0.17202709737832952,6.0,34.0,0.0,,,,2020.0,,,,,,,,,,,,,,,,,,,,
aar,,3.0,1.0,,,,,,,,,,,,177.0,,,,,,,4.563055405538624,,,,,,,8.385425000000396,16.135425000000396,31.3354250000004,0.04191996794623717,0.08140473523318832,0.1566408381208988,7.0,23.0,0.0,,,,2021.0,,,,,,,,,,,,,,,,,,,,
aar,,3.0,1.0,,,,,,,,,,,,184.0,,,,,,,4.5930537590641025,,,,,,,15.210425000000395,24.385425000000396,46.3104250000004,0.028363118150744746,0.05386414220789584,0.08636011373691549,5.0,16.0,0.0,,,,2022.0,,,,,,,,,,,,,,,,,,,,
aar,,3.0,1.0,,,,,,,,,,,,186.0,,,,,,,4.3114199458400115,,,,,,,10.635425000000396,18.385425000000396,31.260425000000396,0.04202403022577472,0.07144246053599368,0.12350235181010172,6.0,17.0,0.0,,,,2023.0,,,,,,,,,,,,,,,,,,,,
aar,,3.0,2.0,,,,,,,,,,,,195.0,,,,,,,4.173443648347878,,,,,,,3.885425000000396,8.385425000000396,17.535425000000394,0.07490917735879414,0.1566408381208988,0.3380582561752874,14.0,50.0,1.0,,,,2019.0,,,,,,,,,,,,,,,,,,,,
aar,,3.0,2.0,,,,,,,,,,,,273.0,,,,,,,4.56798823007305,,,,,,,7.385425000000396,16.885425000000396,35.5854250000004,0.03691147194520115,0.07778898073338214,0.17785029297568244,7.0,34.0,0.0,,,,2020.0,,,,,,,,,,,,,,,,,,,,
aar,,3.0,2.0,,,,,,,,,,,,285.0,,,,,,,5.013055086285003,,,,,,,7.135425000000396,15.885425000000396,31.285425000000394,0.04198505093755627,0.08268585826315425,0.18408153683907083,7.0,30.0,0.0,,,,2021.0,,,,,,,,,,,,,,,,,,,,
aar,,3.0,2.0,,,,,,,,,,,,303.0,,,,,,,4.810605671766486,,,,,,,14.635425000000396,23.635425000000396,45.635425000000396,0.0287824644998921,0.05557336074980576,0.08974799160256462,5.0,16.0,0.0,,,,2022.0,,,,,,,,,,,,,,,,,,,,
aar,,3.0,2.0,,,,,,,,,,,,293.0,,,,,,,4.6530879200734105,,,,,,,10.135425000000396,16.635425000000396,28.5854250000004,0.04595055555816366,0.07895800678371419,0.12959496025079842,7.0,21.0,0.0,,,,2023.0,,,,,,,,,,,,,,,,,,,,
N_tid_pulje,,1.5,1.0,42386.0,,,,,,,,15751.0,827.0,2.0,,,,,,,1.6092502075887842,3.6886831682169205,8.905399505536908,4.6106666043271005,2.147246284040818,555.0,690.0,830.0,,,,,,,,,,,,,,41738.0,14922.0,14419.0,1104.0,1104.0,0.0,0.0,0.0,6265.0,8657.0,16.135425000000396,,,,,,,,,
N_tid_pulje,,1.5,2.0,42386.0,,,,,,,,15751.0,827.0,2.0,,,,,,,1.6092502075887842,3.6886831682169205,8.905399505536908,4.6106666043271005,2.147246284040818,555.0,690.0,830.0,,,,,,,,,,,,,,41738.0,14922.0,14419.0,1988.0,1247.0,0.0,0.0,0.0,6265.0,8657.0,16.135425000000396,,,,,,,,,
N_tid_pulje,,2.0,1.0,36829.0,,,,,,,,13524.0,358.0,2.0,,,,,,,1.8865026450218858,4.111758765979129,9.309588107804494,4.982186499020289,2.2320812035005106,555.0,695.0,830.0,,,,,,,,,,,,,,36231.0,13164.0,12535.0,1049.0,1049.0,0.0,0.0,0.0,5491.0,7673.0,16.135425000000396,,,,,,,,,
N_tid_pulje,,2.0,2.0,36829.0,,,,,,,,13524.0,358.0,2.0,,,,,,,1.8865026450218858,4.111758765979129,9.309588107804494,4.982186499020289,2.2320812035005106,555.0,695.0,830.0,,,,,,,,,,,,,,36231.0,13164.0,12535.0,1809.0,1153.0,0.0,0.0,0.0,5491.0,7673.0,16.135425000000396,,,,,,,,,
N_tid_pulje,,3.0,1.0,26350.0,,,,,,,,9487.0,85.0,2.0,,,,,,,2.6227727254025113,5.192685630520211,10.29041419255036,5.949877297800286,2.4392370319016323,560.0,710.0,835.0,,,,,,,,,,,,,,25867.0,9400.0,8564.0,840.0,840.0,0.0,0.0,0.0,3700.0,5700.0,15.885425000000396,,,,,,,,,
N_tid_pulje,,3.0,2.0,26350.0,,,,,,,,9487.0,85.0,2.0,,,,,,,2.6227727254025113,5.192685630520211,10.29041419255036,5.949877297800286,2.4392370319016323,560.0,710.0,835.0,,,,,,,,,,,,,,25867.0,9400.0,8564.0,1349.0,883.0,0.0,0.0,0.0,3700.0,5700.0,15.885425000000396,,,,,,,,,
serie,,,,,,,,,1173.0,,,,,,,,,,,,,,,,,,,,,,,,,,,,,,,,,,,,,,,,,,,,1638282.0,328638.0,1173.0,84125.0,0.0,0.0,84125.0,4.0,0.0
