model,htf,n_lys,maal_R,regel,signaler_n,handler_n,dage_med_handel_n,strejf_n,skyggefyld_pct,ordrer_n,erstattet_n,udloebet_n,annulleret_trend_n,annulleret_vindue_n,ignoreret_dagslukket_n,MDE_R_sidak12,MDE_R_ukorr,min_handler_n,betingelse_ok,lys_uden_vaege_i_vindue_n,sprunget_over_udefineret_n,ikke_i_trendens_retning_n,sprunget_over_ingen_stopplads_n,sprunget_over_rul_n,afvist_kontrakter_nul_n,signaler_long_n,signaler_short_n,dage_med_signal_n,dage_n,dage_op_pct,lys_op_pct,dage_ned_pct,lys_ned_pct,dage_udefineret_pct,lys_udefineret_pct,dage_med_skift_i_vinduet_n,risiko_pt_p10,risiko_pt_p50,risiko_pt_p90,omk_R_netto_p50,omk_R_netto_p90,kontrakter_p50,kontrakter_maks,kontrakter_loftet_n,be_WR_pct_netto_p50_1R,be_WR_pct_netto_p50_2R,kandidater_n,celler_n,celler_for_faa_n,dage_for_faa_kandidater_n,trukne_n
uden_vaege,daily,3.0,1.0,gennem,1788.0,533.0,533.0,8.0,45.07829977628635,1202.0,65.0,582.0,0.0,22.0,586.0,0.15038468252854748,0.1077022705455898,301.0,True,,,,,,,,,,,,,,,,,,,,,,,,,,,,,,,,
uden_vaege,daily,3.0,2.0,gennem,1788.0,533.0,533.0,8.0,45.07829977628635,1202.0,65.0,582.0,0.0,22.0,586.0,0.21264394109536608,0.15229101055146396,603.0,False,,,,,,,,,,,,,,,,,,,,,,,,,,,,,,,,
uden_vaege,daily,3.0,1.0,beroering,1788.0,539.0,539.0,0.0,46.364653243847876,1197.0,65.0,571.0,0.0,22.0,591.0,0.1495453196056482,0.10710113689894417,301.0,True,,,,,,,,,,,,,,,,,,,,,,,,,,,,,,,,
uden_vaege,daily,3.0,2.0,beroering,1788.0,539.0,539.0,0.0,46.364653243847876,1197.0,65.0,571.0,0.0,22.0,591.0,0.21145708192238655,0.15144100757510703,603.0,False,,,,,,,,,,,,,,,,,,,,,,,,,,,,,,,,
uden_vaege,daily,5.0,1.0,gennem,1788.0,611.0,611.0,6.0,54.25055928411633,1146.0,102.0,404.0,0.0,29.0,642.0,0.14045803964232048,0.10059302271684951,301.0,True,,,,,,,,,,,,,,,,,,,,,,,,,,,,,,,,
uden_vaege,daily,5.0,2.0,gennem,1788.0,611.0,611.0,6.0,54.25055928411633,1146.0,102.0,404.0,0.0,29.0,642.0,0.19860766805424113,0.1422385341216252,603.0,True,,,,,,,,,,,,,,,,,,,,,,,,,,,,,,,,
uden_vaege,daily,5.0,1.0,beroering,1788.0,615.0,615.0,0.0,55.48098434004475,1140.0,102.0,394.0,0.0,29.0,648.0,0.14000052038230812,0.10026535727717074,301.0,True,,,,,,,,,,,,,,,,,,,,,,,,,,,,,,,,
uden_vaege,daily,5.0,2.0,beroering,1788.0,615.0,615.0,0.0,55.48098434004475,1140.0,102.0,394.0,0.0,29.0,648.0,0.19796073582058366,0.14177521518991942,603.0,True,,,,,,,,,,,,,,,,,,,,,,,,,,,,,,,,
uden_vaege,daily,9.0,1.0,gennem,1788.0,659.0,659.0,6.0,61.521252796420576,1102.0,144.0,258.0,0.0,41.0,686.0,0.13524602215911355,0.09686028805513863,301.0,True,,,,,,,,,,,,,,,,,,,,,,,,,,,,,,,,
uden_vaege,daily,9.0,2.0,gennem,1788.0,659.0,659.0,6.0,61.521252796420576,1102.0,144.0,258.0,0.0,41.0,686.0,0.19123787533298653,0.136960447309966,603.0,True,,,,,,,,,,,,,,,,,,,,,,,,,,,,,,,,
uden_vaege,daily,9.0,1.0,beroering,1788.0,660.0,660.0,0.0,62.58389261744966,1096.0,143.0,252.0,0.0,41.0,692.0,0.13514352421171957,0.09678688123288134,301.0,True,,,,,,,,,,,,,,,,,,,,,,,,,,,,,,,,
uden_vaege,daily,9.0,2.0,beroering,1788.0,660.0,660.0,0.0,62.58389261744966,1096.0,143.0,252.0,0.0,41.0,692.0,0.19109294323537146,0.1368566500632942,603.0,True,,,,,,,,,,,,,,,,,,,,,,,,,,,,,,,,
uden_vaege,4H,3.0,1.0,gennem,1844.0,559.0,559.0,7.0,45.98698481561822,1210.0,66.0,568.0,2.0,15.0,634.0,0.1468457236874645,0.10516774444796234,301.0,True,,,,,,,,,,,,,,,,,,,,,,,,,,,,,,,,
uden_vaege,4H,3.0,2.0,gennem,1844.0,559.0,559.0,7.0,45.98698481561822,1210.0,66.0,568.0,2.0,15.0,634.0,0.20763985329407478,0.14870719064941873,603.0,False,,,,,,,,,,,,,,,,,,,,,,,,,,,,,,,,
uden_vaege,4H,3.0,1.0,beroering,1844.0,565.0,565.0,0.0,47.34273318872017,1207.0,66.0,559.0,2.0,15.0,637.0,0.14606393078411314,0.10460784120933705,301.0,True,,,,,,,,,,,,,,,,,,,,,,,,,,,,,,,,
uden_vaege,4H,3.0,2.0,beroering,1844.0,565.0,565.0,0.0,47.34273318872017,1207.0,66.0,559.0,2.0,15.0,637.0,0.20653439812873595,0.14791548747000258,603.0,False,,,,,,,,,,,,,,,,,,,,,,,,,,,,,,,,
uden_vaege,4H,5.0,1.0,gennem,1844.0,634.0,634.0,6.0,55.36876355748374,1154.0,99.0,394.0,3.0,24.0,690.0,0.13788676382170978,0.09875153035590926,301.0,True,,,,,,,,,,,,,,,,,,,,,,,,,,,,,,,,
uden_vaege,4H,5.0,2.0,gennem,1844.0,634.0,634.0,6.0,55.36876355748374,1154.0,99.0,394.0,3.0,24.0,690.0,0.19497188404389762,0.1396346639232557,603.0,True,,,,,,,,,,,,,,,,,,,,,,,,,,,,,,,,
uden_vaege,4H,5.0,1.0,beroering,1844.0,638.0,638.0,0.0,56.61605206073753,1148.0,99.0,384.0,3.0,24.0,696.0,0.1374538372779936,0.09844147768994817,301.0,True,,,,,,,,,,,,,,,,,,,,,,,,,,,,,,,,
uden_vaege,4H,5.0,2.0,beroering,1844.0,638.0,638.0,0.0,56.61605206073753,1148.0,99.0,384.0,3.0,24.0,696.0,0.19435972591108291,0.1391962494535867,603.0,True,,,,,,,,,,,,,,,,,,,,,,,,,,,,,,,,
uden_vaege,4H,9.0,1.0,gennem,1844.0,684.0,684.0,4.0,63.34056399132321,1106.0,141.0,243.0,3.0,35.0,738.0,0.13275141440420057,0.0950737037115253,301.0,True,,,,,,,,,,,,,,,,,,,,,,,,,,,,,,,,
uden_vaege,4H,9.0,2.0,gennem,1844.0,684.0,684.0,4.0,63.34056399132321,1106.0,141.0,243.0,3.0,35.0,738.0,0.18771049996753958,0.13443421704809677,603.0,True,,,,,,,,,,,,,,,,,,,,,,,,,,,,,,,,
uden_vaege,4H,9.0,1.0,beroering,1844.0,685.0,685.0,0.0,64.31670281995662,1101.0,140.0,238.0,3.0,35.0,743.0,0.13265448017119155,0.09500428150167567,301.0,True,,,,,,,,,,,,,,,,,,,,,,,,,,,,,,,,
uden_vaege,4H,9.0,2.0,beroering,1844.0,685.0,685.0,0.0,64.31670281995662,1101.0,140.0,238.0,3.0,35.0,743.0,0.18757343496206483,0.1343360540433694,603.0,True,,,,,,,,,,,,,,,,,,,,,,,,,,,,,,,,
N_alm_rep0,daily,3.0,,gennem,1788.0,674.0,674.0,,63.702460850111855,1078.0,45.0,346.0,0.0,13.0,710.0,,,,,,,,,,,,,,,,,,,,,,,,,,,,,,,,,,,,
N_alm_rep0,daily,3.0,,beroering,1788.0,682.0,682.0,,65.54809843400447,1069.0,41.0,333.0,0.0,13.0,719.0,,,,,,,,,,,,,,,,,,,,,,,,,,,,,,,,,,,,
N_alm_rep0,daily,5.0,,gennem,1788.0,700.0,700.0,,69.51901565995526,1033.0,60.0,259.0,0.0,14.0,755.0,,,,,,,,,,,,,,,,,,,,,,,,,,,,,,,,,,,,
N_alm_rep0,daily,5.0,,beroering,1788.0,706.0,706.0,,70.80536912751678,1027.0,55.0,252.0,0.0,14.0,761.0,,,,,,,,,,,,,,,,,,,,,,,,,,,,,,,,,,,,
N_alm_rep0,daily,9.0,,gennem,1788.0,727.0,727.0,,74.3847874720358,998.0,79.0,169.0,0.0,23.0,790.0,,,,,,,,,,,,,,,,,,,,,,,,,,,,,,,,,,,,
N_alm_rep0,daily,9.0,,beroering,1788.0,733.0,733.0,,75.78299776286353,989.0,72.0,162.0,0.0,22.0,799.0,,,,,,,,,,,,,,,,,,,,,,,,,,,,,,,,,,,,
N_alm_rep0,4H,3.0,,gennem,1844.0,672.0,672.0,,64.47939262472885,1055.0,32.0,334.0,1.0,16.0,789.0,,,,,,,,,,,,,,,,,,,,,,,,,,,,,,,,,,,,
N_alm_rep0,4H,3.0,,beroering,1844.0,677.0,677.0,,65.94360086767897,1044.0,28.0,322.0,1.0,16.0,800.0,,,,,,,,,,,,,,,,,,,,,,,,,,,,,,,,,,,,
N_alm_rep0,4H,5.0,,gennem,1844.0,713.0,713.0,,70.28199566160521,1031.0,52.0,245.0,1.0,20.0,813.0,,,,,,,,,,,,,,,,,,,,,,,,,,,,,,,,,,,,
N_alm_rep0,4H,5.0,,beroering,1844.0,719.0,719.0,,71.58351409978309,1020.0,47.0,233.0,1.0,20.0,824.0,,,,,,,,,,,,,,,,,,,,,,,,,,,,,,,,,,,,
N_alm_rep0,4H,9.0,,gennem,1844.0,738.0,738.0,,75.37960954446855,999.0,72.0,165.0,1.0,23.0,845.0,,,,,,,,,,,,,,,,,,,,,,,,,,,,,,,,,,,,
N_alm_rep0,4H,9.0,,beroering,1844.0,740.0,740.0,,76.46420824295011,988.0,67.0,157.0,1.0,23.0,856.0,,,,,,,,,,,,,,,,,,,,,,,,,,,,,,,,,,,,
signaler,daily,,,,1788.0,,,,,,,,,,,,,,,3678.0,119.0,1730.0,8.0,0.0,33.0,1244.0,544.0,820.0,,,,,,,,,,,,,,,,,,,,,,,
trend,daily,,,,,,,,,,,,,,,,,,,,,,,,,,,,1173.0,58.226768968456945,58.03997452014952,40.32395566922421,40.509356633775226,1.4492753623188406,1.4506688460752617,0.0,,,,,,,,,,,,,,,
sizing,daily,,,,,,,,,,,,,,,,,,,,,,,,,,,,,,,,,,,,4.25,20.0,66.64999999999998,0.065675,0.3090588235294117,6.0,50.0,79.0,53.28375,35.522499999999994,,,,,
N_alm_matching,daily,,,,1788.0,,,,,,,,,,,,,,,,,,,,,,,820.0,,,,,,,,,,,,,,,,,,,34620.0,820.0,0.0,0.0,1788.0
signaler,4H,,,,1844.0,,,,,,,,,,,,,,,3678.0,24.0,1773.0,9.0,0.0,28.0,1229.0,615.0,834.0,,,,,,,,,,,,,,,,,,,,,,,
trend,4H,,,,,,,,,,,,,,,,,,,,,,,,,,,,1173.0,57.20375106564365,56.92463012151004,42.54049445865303,42.819369493888445,0.2557544757033248,0.25600038460151675,86.0,,,,,,,,,,,,,,,
sizing,4H,,,,,,,,,,,,,,,,,,,,,,,,,,,,,,,,,,,,4.25,20.125,65.75,0.06526959876543209,0.3090588235294117,6.0,50.0,78.0,53.26347993827161,35.5089866255144,,,,,
N_alm_matching,4H,,,,1844.0,,,,,,,,,,,,,,,,,,,,,,,834.0,,,,,,,,,,,,,,,,,,,35005.0,841.0,0.0,0.0,1844.0
