serie,tabel,variant,naetter_n,middel_brutto_usd,middel_netto_usd,ci95_lo,ci95_hi,netto_usd_pr_kalendernat,N_nat_p5,N_nat_p50,N_nat_p95,t_v,p_FWE,sigma_nat,MDE_sidak4,MDE_CI,raekke,naetter_foer_n,naetter_efter_n,netto_foer,netto_foer_lo,netto_foer_hi,netto_efter,netto_efter_lo,netto_efter_hi,netto_310,netto_310_lo,netto_310_hi,nominelt,nominelt_lo,nominelt_hi,breakeven_middel,breakeven_CI,hit_netto_pct,gevinst_tab_netto,hit_brutto_pct,gevinst_tab_brutto,netto_p1,netto_p5,netto_p50,netto_p95,netto_p99,netto_vaerst,netto_bedst,tab_i_vindue_p1,tab_i_vindue_p5,tab_i_vindue_p50,tab_i_vindue_vaerst,aar,netto,netto_lo,netto_hi,gruppe,rth_afkast_pct_median,brutto,brutto_lo,brutto_hi
NQ.v.0,hoved,V1 · alle,2011.0,5.109175632590479,2.2591756325904786,-2.7007818197483617,7.219133084929319,2.2580527818784555,-6.764013768304157,-1.7918019272950838,2.2821480949055832,1.515450823261553,0.16766467065868262,117.46175997580659,8.056016011104287,7.338319175676216,2.0,,,,,,,,,,,,,,,,,,,,,,,,,,,,,,,,,,,,,,,,
NQ.v.0,diagnose,V1 · alle,,,,,,,,,,,,,,,,1046.0,965.0,1.7199873412183406,-3.562867699843676,7.002842382280357,2.8436222157772715,-5.7722623080233415,11.459506739577884,2.0091756325904786,-2.9507818197483617,6.969133084929319,-1.7333913475882639,-3.455922580665973,-0.010860114510554908,5.109175632590479,0.1492181802516388,48.93088015912481,1.1124128360044392,50.522128294380906,1.098476248876414,-298.3629360009354,-158.4611561275711,-0.9752694225510696,170.79096386130763,342.3579002807189,-603.6889757478764,1252.4970560076592,-387.4879627854686,-215.27629606682993,-41.53101310043668,-967.7794595592761,,,,,,,,,
NQ.v.0,hoved,V1 · salg,902.0,6.6044038601219475,3.7544038601219474,-3.855892128931624,11.36469984917552,1.6831373170129207,-9.505908953475865,-1.877939194958856,5.255485375333101,1.3040986041295244,0.2275449101796407,126.49167658538794,12.953541846401539,11.799532721055582,2.0,,,,,,,,,,,,,,,,,,,,,,,,,,,,,,,,,,,,,,,,
NQ.v.0,diagnose,V1 · salg,,,,,,,,,,,,,,,,472.0,430.0,6.191366922361026,-2.096267751912909,14.479001596634962,1.0794118476176553,-12.072577949305117,14.231401644540426,3.5044038601219474,-4.1058921289316235,11.11469984917552,-1.0268292682926832,-3.744319112397048,1.690660575811682,6.6044038601219475,-1.0058921289316238,51.108647450110865,1.0543189597744225,52.88248337028825,1.0248726035016653,-315.53046360847503,-176.23185748072297,1.7902100786121835,196.49536644854408,330.343856705834,-603.6889757478764,727.8771969433832,-445.8885714925768,-237.0038889532376,-42.95598898972774,-967.7794595592761,,,,,,,,,
NQ.v.0,hoved,V2 · alle,2011.0,8.076194381675887,5.226194381675888,-2.6730642344952784,13.125452997847054,5.223596869557759,-7.0507308676552585,-1.431330399953444,3.5378869426909154,2.009482956426513,0.0718562874251497,177.32981340650232,12.162016100756187,11.078522664806389,2.0,,,,,,,,,,,,,,,,,,,,,,,,,,,,,,,,,,,,,,,,
NQ.v.0,diagnose,V2 · alle,,,,,,,,,,,,,,,,1046.0,965.0,3.968539531408627,-4.454551826193386,12.39163088901064,6.589414043209109,-7.125106652954043,20.30393473937226,4.976194381675888,-2.9230642344952784,12.875452997847054,-0.9728244654400799,-3.700254378267307,1.754605447387147,8.076194381675887,0.17693576550472034,51.76529090004973,1.0219073175132332,52.41173545499751,1.02308722721059,-495.3867756928182,-251.21239684870096,4.517693539550761,261.05503959046837,545.413879010423,-938.3760598235422,2181.038506735454,-584.4395272216673,-324.88826045650194,-63.703765506871065,-1066.645359336676,,,,,,,,,
NQ.v.0,hoved,V2 · salg,902.0,13.918337603703495,11.068337603703496,-0.951094075306079,23.08776928271307,4.962047971441627,-11.448000736493077,-1.717858998477765,7.915550555631339,2.2948979777066665,0.043912175648702596,193.17124589840748,19.781948384385615,18.01960807442279,2.0,,,,,,,,,,,,,,,,,,,,,,,,,,,,,,,,,,,,,,,,
NQ.v.0,diagnose,V2 · salg,,,,,,,,,,,,,,,,472.0,430.0,2.2017548280602948,-11.468699387728499,15.87220904384909,20.800958696967665,0.5182157535841618,41.083701640351165,10.818337603703496,-1.201094075306079,22.83776928271307,2.6455654101995556,-1.5425363214591368,6.833667141858248,13.918337603703495,1.8989059246939206,53.43680709534368,1.0460270665600788,53.65853658536585,1.060658903661171,-524.5954488370853,-258.2519734227081,10.786987580719368,294.2108779235641,639.3656131108129,-871.5317058589079,1153.9298853109838,-604.4780206947223,-350.75426047027463,-67.4353724578167,-956.2289184952979,,,,,,,,,
NQ.v.0,aar,V1 · alle,252.0,,,,,,,,,,,,,,,,,,,,,,,,,,-1.153571428571428,,,,,,,,,,,,,,,,,,,,2016.0,8.960906295918118,-3.549209337171641,21.471021929007875,,,,,
NQ.v.0,aar,V1 · alle,251.0,,,,,,,,,,,,,,,,,,,,,,,,,,-2.425697211155379,,,,,,,,,,,,,,,,,,,,2017.0,-0.7542951993047781,-5.210719797998539,3.7021293993889834,,,,,
NQ.v.0,aar,V1 · alle,251.0,,,,,,,,,,,,,,,,,,,,,,,,,,-0.684661354581673,,,,,,,,,,,,,,,,,,,,2018.0,6.716262353676401,-6.056695440144393,19.489220147497193,,,,,
NQ.v.0,aar,V1 · alle,252.0,,,,,,,,,,,,,,,,,,,,,,,,,,-4.014682539682539,,,,,,,,,,,,,,,,,,,,2019.0,-7.767743544496493,-18.391421569051676,2.85593448005869,,,,,
NQ.v.0,aar,V1 · alle,252.0,,,,,,,,,,,,,,,,,,,,,,,,,,4.427777777777775,,,,,,,,,,,,,,,,,,,,2020.0,23.021062553762054,-0.7889848863872331,46.83110999391134,,,,,
NQ.v.0,aar,V1 · alle,252.0,,,,,,,,,,,,,,,,,,,,,,,,,,-1.4650793650793645,,,,,,,,,,,,,,,,,,,,2021.0,0.610443442665436,-12.578569420651924,13.799456305982797,,,,,
NQ.v.0,aar,V1 · alle,251.0,,,,,,,,,,,,,,,,,,,,,,,,,,-1.840039840637448,,,,,,,,,,,,,,,,,,,,2022.0,-2.3768949535052557,-19.40053100289771,14.646741095887199,,,,,
NQ.v.0,aar,V1 · alle,250.0,,,,,,,,,,,,,,,,,,,,,,,,,,-6.749999999999999,,,,,,,,,,,,,,,,,,,,2023.0,-10.449869798943928,-20.224141578314256,-0.6755980195735987,,,,,
NQ.v.0,aar,V1 · salg,114.0,,,,,,,,,,,,,,,,,,,,,,,,,,-1.5210526315789479,,,,,,,,,,,,,,,,,,,,2016.0,6.076924878834746,-8.733840028807009,20.887689786476503,,,,,
NQ.v.0,aar,V1 · salg,104.0,,,,,,,,,,,,,,,,,,,,,,,,,,-2.0855769230769234,,,,,,,,,,,,,,,,,,,,2017.0,1.0765783594030889,-6.955596811243995,9.108753530050173,,,,,
NQ.v.0,aar,V1 · salg,125.0,,,,,,,,,,,,,,,,,,,,,,,,,,1.6179999999999999,,,,,,,,,,,,,,,,,,,,2018.0,17.043056164780747,-2.801831055649753,36.887943385211244,,,,,
NQ.v.0,aar,V1 · salg,112.0,,,,,,,,,,,,,,,,,,,,,,,,,,-3.4348214285714285,,,,,,,,,,,,,,,,,,,,2019.0,-5.441324941229778,-24.312238282600553,13.429588400140995,,,,,
NQ.v.0,aar,V1 · salg,107.0,,,,,,,,,,,,,,,,,,,,,,,,,,-3.0836448598130866,,,,,,,,,,,,,,,,,,,,2020.0,0.5396902229361602,-35.2429286831838,36.322309129056116,,,,,
NQ.v.0,aar,V1 · salg,109.0,,,,,,,,,,,,,,,,,,,,,,,,,,2.539908256880737,,,,,,,,,,,,,,,,,,,,2021.0,9.859224882562915,-11.980673745128334,31.69912351025416,,,,,
NQ.v.0,aar,V1 · salg,131.0,,,,,,,,,,,,,,,,,,,,,,,,,,1.7530534351145037,,,,,,,,,,,,,,,,,,,,2022.0,5.872447259317336,-18.98430114957182,30.729195668206494,,,,,
NQ.v.0,aar,V1 · salg,100.0,,,,,,,,,,,,,,,,,,,,,,,,,,-5.3,,,,,,,,,,,,,,,,,,,,2023.0,-8.409078879390426,-25.944706478674085,9.126548719893234,,,,,
NQ.v.0,aar,V2 · alle,252.0,,,,,,,,,,,,,,,,,,,,,,,,,,-0.9492063492063485,,,,,,,,,,,,,,,,,,,,2016.0,10.11873286789899,-10.370227891173856,30.607693626971837,,,,,
NQ.v.0,aar,V2 · alle,251.0,,,,,,,,,,,,,,,,,,,,,,,,,,-2.6507968127490047,,,,,,,,,,,,,,,,,,,,2017.0,-1.9196641093781834,-9.517601039096204,5.6782728203398385,,,,,
NQ.v.0,aar,V2 · alle,251.0,,,,,,,,,,,,,,,,,,,,,,,,,,0.35119521912350643,,,,,,,,,,,,,,,,,,,,2018.0,11.827241839376322,-7.49747656448851,31.151960243241156,,,,,
NQ.v.0,aar,V2 · alle,252.0,,,,,,,,,,,,,,,,,,,,,,,,,,-2.891666666666667,,,,,,,,,,,,,,,,,,,,2019.0,-3.8057046482643107,-20.08301468910578,12.47160539257716,,,,,
NQ.v.0,aar,V2 · alle,252.0,,,,,,,,,,,,,,,,,,,,,,,,,,11.517063492063489,,,,,,,,,,,,,,,,,,,,2020.0,46.39379854700673,9.242117846118724,83.54547924789475,,,,,
NQ.v.0,aar,V2 · alle,252.0,,,,,,,,,,,,,,,,,,,,,,,,,,-2.705158730158734,,,,,,,,,,,,,,,,,,,,2021.0,-2.2177308936641302,-22.013954672177523,17.578492884849265,,,,,
NQ.v.0,aar,V2 · alle,251.0,,,,,,,,,,,,,,,,,,,,,,,,,,-6.91374501992032,,,,,,,,,,,,,,,,,,,,2022.0,-13.584396892684342,-43.40046124915715,16.23166746378847,,,,,
NQ.v.0,aar,V2 · alle,250.0,,,,,,,,,,,,,,,,,,,,,,,,,,-3.5859999999999985,,,,,,,,,,,,,,,,,,,,2023.0,-5.161974594423308,-20.034704945689263,9.71075575684265,,,,,
NQ.v.0,aar,V2 · salg,114.0,,,,,,,,,,,,,,,,,,,,,,,,,,-3.04736842105263,,,,,,,,,,,,,,,,,,,,2016.0,-3.704473584105599,-29.10880696662135,21.699859798410152,,,,,
NQ.v.0,aar,V2 · salg,104.0,,,,,,,,,,,,,,,,,,,,,,,,,,-3.585576923076923,,,,,,,,,,,,,,,,,,,,2017.0,-6.357115273905022,-20.5862860656217,7.8720555178116545,,,,,
NQ.v.0,aar,V2 · salg,125.0,,,,,,,,,,,,,,,,,,,,,,,,,,0.10200000000000087,,,,,,,,,,,,,,,,,,,,2018.0,11.992674162697451,-18.921610966379294,42.9069592917742,,,,,
NQ.v.0,aar,V2 · salg,112.0,,,,,,,,,,,,,,,,,,,,,,,,,,-1.6133928571428566,,,,,,,,,,,,,,,,,,,,2019.0,0.3620739962869359,-28.672003179502294,29.396151172076163,,,,,
NQ.v.0,aar,V2 · salg,107.0,,,,,,,,,,,,,,,,,,,,,,,,,,6.63598130841121,,,,,,,,,,,,,,,,,,,,2020.0,28.772748403050585,-28.233540225850405,85.77903703195157,,,,,
NQ.v.0,aar,V2 · salg,109.0,,,,,,,,,,,,,,,,,,,,,,,,,,6.310550458715596,,,,,,,,,,,,,,,,,,,,2021.0,17.082881501287883,-12.751350428908985,46.91711343148475,,,,,
NQ.v.0,aar,V2 · salg,131.0,,,,,,,,,,,,,,,,,,,,,,,,,,9.233969465648858,,,,,,,,,,,,,,,,,,,,2022.0,23.253310033293886,-18.555480987994002,65.06210105458177,,,,,
NQ.v.0,aar,V2 · salg,100.0,,,,,,,,,,,,,,,,,,,,,,,,,,6.67,,,,,,,,,,,,,,,,,,,,2023.0,15.405521605651048,-9.693609144824636,40.50465235612673,,,,,
NQ.v.0,tercil,V1 · salg,301.0,,,,,,,,,,,,,,,,,,,,,,,,,,,,,,,,,,,,,,,,,,,,,,,,,,største salg,-1.5216302631072076,11.015707166480253,-6.288893713311994,28.3203080462725
NQ.v.0,tercil,V1 · salg,300.0,,,,,,,,,,,,,,,,,,,,,,,,,,,,,,,,,,,,,,,,,,,,,,,,,,mellem,-0.5473582161128238,-1.0414034897429028,-12.687540965112802,10.604733985626996
NQ.v.0,tercil,V1 · salg,301.0,,,,,,,,,,,,,,,,,,,,,,,,,,,,,,,,,,,,,,,,,,,,,,,,,,mindste salg,-0.14712245781047165,9.813506550306682,0.39235645746864733,19.234656643144717
NQ.v.0,tercil,V2 · salg,301.0,,,,,,,,,,,,,,,,,,,,,,,,,,,,,,,,,,,,,,,,,,,,,,,,,,største salg,-1.5216302631072076,35.36391558511757,7.515657014493726,63.21217415574141
NQ.v.0,tercil,V2 · salg,300.0,,,,,,,,,,,,,,,,,,,,,,,,,,,,,,,,,,,,,,,,,,,,,,,,,,mellem,-0.5473582161128238,-5.939533051063891,-23.23164726869481,11.352581166567031
NQ.v.0,tercil,V2 · salg,301.0,,,,,,,,,,,,,,,,,,,,,,,,,,,,,,,,,,,,,,,,,,,,,,,,,,mindste salg,-0.14712245781047165,12.264657284848276,-2.690129139830548,27.2194437095271
NQ.v.0,hele_natten,alle,2009.0,,,,,,,,,,,,,,,,,,,,,,,,,,,,,,,,,,,,,,,,,,,,,,,14.965102010258542,-5.375914742194814,35.3061187627119,,,17.815102010258542,,
NQ.v.0,hele_natten,salg,901.0,,,,,,,,,,,,,,,,,,,,,,,,,,,,,,,,,,,,,,,,,,,,,,,22.85495542677124,-11.305239828430608,57.01515068197309,,,25.704955426771257,,
MNQ.v.0,hoved,V1 · alle,1171.0,4.881966613057783,2.0319666130577874,-5.476581536007544,9.540514762123118,2.028502049352659,-8.42741595631608,-1.649399622762897,4.485420640255382,0.9137973779951224,0.46107784431137727,134.2736823694974,12.068194584777089,10.993059548937278,1.0,,,,,,,,,,,,,,,,,,,,,,,,,,,,,,,,,,,,,,,,
MNQ.v.0,diagnose,V1 · alle,,,,,,,,,,,,,,,,207.0,964.0,-2.6142122360114546,-16.44394967023556,11.215525198212651,3.029641946830954,-5.602597384777211,11.661881278439118,1.7819666130577874,-5.726581536007544,9.290514762123118,-1.5609308283518353,-4.407658317695622,1.285796660991952,4.881966613057783,-2.6265815360075484,49.87190435525192,1.0543750607408826,51.323654995730145,1.0527516768677918,-374.3808221160601,-191.854789986626,-0.3777972213384242,183.3320149147919,402.75306466443016,-603.7259618344106,1240.2438365295868,-510.086080071085,-264.979055547563,-50.80250969789585,-960.8324740698863,,,,,,,,,
MNQ.v.0,hoved,V1 · salg,528.0,4.572335758773462,1.7223357587734622,-9.818295227258922,13.262966744805848,0.7752713389875431,-12.795357917056222,-2.3565319418520665,10.15710828586522,0.5914960878013381,0.6227544910179641,145.5619438328212,19.48322013347815,17.747493017932236,1.0,,,,,,,,,,,,,,,,,,,,,,,,,,,,,,,,,,,,,,,,
MNQ.v.0,diagnose,V1 · salg,,,,,,,,,,,,,,,,98.0,430.0,4.117987311193204,-19.295198598263642,27.53117322065005,1.1763500561289622,-11.991488728459432,14.344188840717356,1.4723357587734622,-10.068295227258922,13.012966744805848,-1.0753787878787875,-5.544560019633534,3.393802443875958,4.572335758773462,-6.968295227258923,51.32575757575758,0.9844534076126679,53.03030303030303,0.9583173130818721,-381.2612672150199,-251.3304622336795,1.9376888624117266,209.5225843078517,349.96725541764374,-603.7259618344106,723.6774343658841,-541.1223492292498,-290.8006847775433,-54.9019528483051,-960.6642197599261,,,,,,,,,
MNQ.v.0,hoved,V2 · alle,1171.0,8.92040030294819,6.0704003029481886,-5.822542158573311,17.963342764469687,6.060050089302923,-9.706227488671278,-1.829389405149901,5.89365357082245,1.6427431956225045,0.15568862275449102,202.17474277341992,18.17097805661394,16.552156367346083,1.0,,,,,,,,,,,,,,,,,,,,,,,,,,,,,,,,,,,,,,,,
MNQ.v.0,diagnose,V2 · alle,,,,,,,,,,,,,,,,207.0,964.0,3.3934252552611146,-17.81897610454164,24.60582661506387,6.6452279324826575,-7.0789625372518445,20.36941840221716,5.8204003029481886,-6.072542158573311,17.713342764469687,-0.47553373185311654,-4.978041917719142,4.026974454012909,8.92040030294819,-2.97254215857331,53.800170794193,0.9408227812698362,54.05636208368915,0.9555778572746721,-534.6397317136332,-281.2383606841743,10.698680163101796,282.950102203686,672.1667824447632,-938.3961920850459,2170.910785437867,-662.9005172723365,-378.7356282364598,-79.8679967041394,-1061.6086715867157,,,,,,,,,
MNQ.v.0,hoved,V2 · salg,528.0,23.358058033677025,20.50805803367702,2.6574786167927513,38.35863745056129,9.231248628969707,-16.5173569414879,-2.4877553619166104,10.310620097505161,2.8253825889801414,0.011976047904191617,222.32784220352005,29.758205870260397,27.107097660983722,1.0,,,,,,,,,,,,,,,,,,,,,,,,,,,,,,,,,,,,,,,,
MNQ.v.0,diagnose,V2 · salg,,,,,,,,,,,,,,,,98.0,430.0,18.532398410566397,-18.486422764925297,55.551219586058096,20.958324645455722,0.6634409135661521,41.25320837734529,20.25805803367702,2.4074786167927513,38.10863745056129,6.56193181818182,-0.2682424935299039,13.392106129893543,23.358058033677025,5.507478616792756,57.765151515151516,0.9797264610891587,57.765151515151516,1.001739558937888,-537.5822516809271,-282.8019231917183,24.116348327477404,327.93400497116414,678.0324712580391,-652.6266630132367,1145.9033419284794,-670.8941521177759,-438.5326507133882,-78.95878433387816,-959.9410634407549,,,,,,,,,
MNQ.v.0,aar,V1 · alle,167.0,,,,,,,,,,,,,,,,,,,,,,,,,,-2.945808383233532,,,,,,,,,,,,,,,,,,,,2019.0,-3.3135799344701393,-18.20242753212881,11.575267663188528,,,,,
MNQ.v.0,aar,V1 · alle,251.0,,,,,,,,,,,,,,,,,,,,,,,,,,4.544422310756972,,,,,,,,,,,,,,,,,,,,2020.0,23.49484917935085,-0.47044164709562963,47.46014000579733,,,,,
MNQ.v.0,aar,V1 · alle,252.0,,,,,,,,,,,,,,,,,,,,,,,,,,-1.4174603174603169,,,,,,,,,,,,,,,,,,,,2021.0,0.7207351792493532,-12.450890446250618,13.892360804749323,,,,,
MNQ.v.0,aar,V1 · alle,251.0,,,,,,,,,,,,,,,,,,,,,,,,,,-1.7105577689243006,,,,,,,,,,,,,,,,,,,,2022.0,-2.098524822124091,-19.09091713982594,14.893867495577759,,,,,
MNQ.v.0,aar,V1 · alle,250.0,,,,,,,,,,,,,,,,,,,,,,,,,,-6.759999999999999,,,,,,,,,,,,,,,,,,,,2023.0,-10.477207703550286,-20.253934453594816,-0.7004809535057586,,,,,
MNQ.v.0,aar,V1 · salg,81.0,,,,,,,,,,,,,,,,,,,,,,,,,,-2.7512345679012338,,,,,,,,,,,,,,,,,,,,2019.0,-2.4190208816246193,-26.884188338416752,22.046146575167516,,,,,
MNQ.v.0,aar,V1 · salg,107.0,,,,,,,,,,,,,,,,,,,,,,,,,,-3.0275700934579466,,,,,,,,,,,,,,,,,,,,2020.0,0.8873364606024023,-35.04714645322683,36.82181937443164,,,,,
MNQ.v.0,aar,V1 · salg,109.0,,,,,,,,,,,,,,,,,,,,,,,,,,2.521559633027526,,,,,,,,,,,,,,,,,,,,2021.0,9.844075380127402,-12.041272239891226,31.729423000146028,,,,,
MNQ.v.0,aar,V1 · salg,131.0,,,,,,,,,,,,,,,,,,,,,,,,,,1.7912213740458014,,,,,,,,,,,,,,,,,,,,2022.0,5.942233731957547,-18.82888437548883,30.713351839403924,,,,,
MNQ.v.0,aar,V1 · salg,100.0,,,,,,,,,,,,,,,,,,,,,,,,,,-5.305,,,,,,,,,,,,,,,,,,,,2023.0,-8.410478645608007,-25.9272184784465,9.106261187230482,,,,,
MNQ.v.0,aar,V2 · alle,167.0,,,,,,,,,,,,,,,,,,,,,,,,,,-1.0985029940119746,,,,,,,,,,,,,,,,,,,,2019.0,3.6106762579638025,-16.792768889062202,24.014121404989808,,,,,
MNQ.v.0,aar,V2 · alle,251.0,,,,,,,,,,,,,,,,,,,,,,,,,,11.52649402390438,,,,,,,,,,,,,,,,,,,,2020.0,46.47220253501006,9.170468149717067,83.77393692030306,,,,,
MNQ.v.0,aar,V2 · alle,252.0,,,,,,,,,,,,,,,,,,,,,,,,,,-2.6615079365079404,,,,,,,,,,,,,,,,,,,,2021.0,-2.14162253870321,-21.92115777082985,17.63791269342343,,,,,
MNQ.v.0,aar,V2 · alle,251.0,,,,,,,,,,,,,,,,,,,,,,,,,,-6.726494023904384,,,,,,,,,,,,,,,,,,,,2022.0,-13.182623270420017,-43.01827516246347,16.65302862162343,,,,,
MNQ.v.0,aar,V2 · alle,250.0,,,,,,,,,,,,,,,,,,,,,,,,,,-3.629999999999998,,,,,,,,,,,,,,,,,,,,2023.0,-5.242158783946079,-20.09180334269906,9.607485774806904,,,,,
MNQ.v.0,aar,V2 · salg,81.0,,,,,,,,,,,,,,,,,,,,,,,,,,1.8228395061728377,,,,,,,,,,,,,,,,,,,,2019.0,14.982272750783803,-17.050584463891088,47.0151299654587,,,,,
MNQ.v.0,aar,V2 · salg,107.0,,,,,,,,,,,,,,,,,,,,,,,,,,6.55654205607476,,,,,,,,,,,,,,,,,,,,2020.0,28.5919880396962,-28.48319397227115,85.66717005166355,,,,,
MNQ.v.0,aar,V2 · salg,109.0,,,,,,,,,,,,,,,,,,,,,,,,,,6.41605504587156,,,,,,,,,,,,,,,,,,,,2021.0,17.285076116121626,-12.522498930172961,47.09265116241622,,,,,
MNQ.v.0,aar,V2 · salg,131.0,,,,,,,,,,,,,,,,,,,,,,,,,,9.482061068702292,,,,,,,,,,,,,,,,,,,,2022.0,23.804205461871227,-18.11596377561213,65.72437469935458,,,,,
MNQ.v.0,aar,V2 · salg,100.0,,,,,,,,,,,,,,,,,,,,,,,,,,6.74,,,,,,,,,,,,,,,,,,,,2023.0,15.529236165580976,-9.487351841805456,40.54582417296741,,,,,
MNQ.v.0,tercil,V1 · salg,176.0,,,,,,,,,,,,,,,,,,,,,,,,,,,,,,,,,,,,,,,,,,,,,,,,,,største salg,-1.7004436715692355,8.397027579253113,-16.224157179740278,33.0182123382465
MNQ.v.0,tercil,V1 · salg,176.0,,,,,,,,,,,,,,,,,,,,,,,,,,,,,,,,,,,,,,,,,,,,,,,,,,mellem,-0.7100022401641861,-11.961936189688835,-29.78417710182859,5.86030472245092
MNQ.v.0,tercil,V1 · salg,176.0,,,,,,,,,,,,,,,,,,,,,,,,,,,,,,,,,,,,,,,,,,,,,,,,,,mindste salg,-0.2044081975903006,17.281915886756117,0.5302126127340507,34.03361916077819
MNQ.v.0,tercil,V2 · salg,176.0,,,,,,,,,,,,,,,,,,,,,,,,,,,,,,,,,,,,,,,,,,,,,,,,,,største salg,-1.7004436715692355,34.98395697596803,-6.537771529125919,76.50568548106197
MNQ.v.0,tercil,V2 · salg,176.0,,,,,,,,,,,,,,,,,,,,,,,,,,,,,,,,,,,,,,,,,,,,,,,,,,mellem,-0.7100022401641861,0.4650428762272931,-25.625727969724448,26.555813722179035
MNQ.v.0,tercil,V2 · salg,176.0,,,,,,,,,,,,,,,,,,,,,,,,,,,,,,,,,,,,,,,,,,,,,,,,,,mindste salg,-0.2044081975903006,34.625174248835755,12.641718206012992,56.608630291658514
MNQ.v.0,hele_natten,alle,1169.0,,,,,,,,,,,,,,,,,,,,,,,,,,,,,,,,,,,,,,,,,,,,,,,16.304451759792684,-14.230108358093144,46.839011877678516,,,19.1544517597927,,
MNQ.v.0,hele_natten,salg,528.0,,,,,,,,,,,,,,,,,,,,,,,,,,,,,,,,,,,,,,,,,,,,,,,27.474442179907896,-24.305020597848902,79.2539049576647,,,30.324442179907894,,
