symbol,tabel,variant,aktive_dage_n,andel_long,andel_short,middel_w,middel_abs_w,middel_brutto_usd,middel_netto_usd,ci95_lo,ci95_hi,netto_usd_pr_handelsdag,N_retning_p5,N_retning_p50,N_retning_p95,t_v,p_FWE,sigma_v,MDE_sidak2,MDE_CI,driftjusteret_n,driftjusteret_netto,driftjusteret_lo,driftjusteret_hi,korr_lang,inden_artiklen_n,inden_artiklen_netto,inden_artiklen_lo,inden_artiklen_hi,efter_artiklen_n,efter_artiklen_netto,efter_artiklen_lo,efter_artiklen_hi,uden_marts_2020_n,uden_marts_2020_netto,uden_marts_2020_lo,uden_marts_2020_hi,sidste_5_n,sidste_5_netto,sidste_5_lo,sidste_5_hi,resten_n,resten_netto,resten_lo,resten_hi,brutto_nat_n,brutto_nat_netto,brutto_nat_lo,brutto_nat_hi,brutto_rth_n,brutto_rth_netto,brutto_rth_lo,brutto_rth_hi,brutto_close_close_n,brutto_close_close_netto,brutto_close_close_lo,brutto_close_close_hi,netto_570_n,netto_570_netto,netto_570_lo,netto_570_hi,breakeven_middel,breakeven_CI,nominelt_n,nominelt_netto,nominelt_lo,nominelt_hi,hit_netto_pct,gevinst_tab_netto,skaevhed,netto_p1,netto_p5,netto_p50,netto_p95,netto_p99,netto_vaerst,netto_bedst,sd_aktiv,sd_handelsdag,tab_i_dagen_p1,tab_i_dagen_p5,tab_i_dagen_p50,tab_i_dagen_vaerst,korr_k6,sharpe_med_k6,sharpe_alene,sharpe_k6,kvartalsslut_n,kvartalsslut_netto,kvartalsslut_lo,kvartalsslut_hi,andre_maaneder_n,andre_maaneder_netto,andre_maaneder_lo,andre_maaneder_hi,aar,n,netto,lo,hi,nominelt,brutto
ES.v.0,hoved,T,1949.0,0.19497178040020524,0.8050282195997948,-0.19522443523198424,0.293437278581805,17.729770265824452,16.42397437613542,3.4258549721854923,29.422093780085348,16.42397437613542,-11.855680208740305,-1.5865747613104002,10.225223790303797,2.664967278338112,0.005988023952095809,315.1956649517259,19.96305557168368,20.002323411047172,,,,,,,,,,,,,,,,,,,,,,,,,,,,,,,,,,,,,,,,,,,,,,,,,,,,,,,,,,,,,,,,,,,,,,,,,,,,,,,,,,
ES.v.0,hoved,K,556.0,0.39388489208633093,0.6061151079136691,-0.21223021582733814,1.0,13.849448039092087,9.399448039092091,-27.02054538106305,45.81944145924724,2.681422837216625,-38.873627176326416,-6.182808127880793,21.598846960002835,0.8609411331633031,0.3313373253493014,431.0574362734397,51.1152448320974,51.21578982211082,,,,,,,,,,,,,,,,,,,,,,,,,,,,,,,,,,,,,,,,,,,,,,,,,,,,,,,,,,,,,,,,,,,,,,,,,,,,,,,,,,
ES.v.0,diagnose,T,,,,,,,,,,,,,,,,,,,1949.0,22.112142848537548,9.144386086153023,35.07989961092207,0.10705734643612498,1751.0,18.624570496822688,4.206159984082971,33.0429810095624,198.0,-3.0368529335787766,-13.456894393916453,7.3831885267589,1927.0,3.0923252436724735,-2.336456028197659,8.521106515542606,463.0,14.415105837215942,-2.5908043489883017,31.421016023420187,1486.0,17.04988698281087,0.8370196889256931,33.26275427669605,1949.0,10.797013527893153,1.8472157552393949,19.74681130054691,1949.0,6.932756737931296,-0.09772595442305576,13.963239430285647,1949.0,17.94922831344879,3.8303294002767316,32.068127226620845,1949.0,16.057177777908162,3.0626852900966632,29.05167026571966,60.42098792461951,16.08072272847012,1949.0,5.030166717223586,0.5533366351451301,9.50699679930204,48.38378655720882,1.5537229748818944,14.924966683599527,-323.98423789653884,-156.43542887323756,-1.4954403337144946,190.392546969897,618.4701514726554,-1902.3217410633135,7497.383406385347,292.59602812433224,292.59602812433224,-1306.7596924583295,-753.7173965318955,-174.5985023911402,-4042.6165449233017,0.14708269443229044,1.0278644856657089,0.8910664717585328,0.6657887314883314,,,,,,,,,,,,,,,
ES.v.0,diagnose,K,,,,,,,,,,,,,,,,,,,556.0,18.61356415990355,-17.672634135413904,54.89976245522101,0.1497715816442058,498.0,10.463209875361747,-29.09126859739471,50.017688348118206,58.0,0.2657688242250325,-83.35853891606347,83.89007656451354,550.0,-0.5017489810876362,-33.74231343195728,32.738815469782004,,,,,,,,,556.0,4.352029404737926,-14.792747428608752,23.496806238084606,556.0,9.497418634354162,-20.837999849580534,39.83283711828886,556.0,5.5529691316426195,-30.45422914167088,41.56016740495612,556.0,8.149448039092091,-28.27054538106305,44.56944145924724,13.849448039092087,-22.570545381063056,556.0,-0.016546762589929265,-15.7011606794007,15.668067154220843,50.0,1.0656807046919696,0.6624769169410399,-1167.4572696274793,-645.2674273222704,-0.07058472709680341,662.2722129023597,1214.429380870232,-1749.8737561486978,2446.498275862069,437.2008968096688,233.40218244069928,-1243.4012490053362,-856.0898340134975,-165.96228911469473,-1910.8798955995708,-0.030840536185099333,0.609208677609756,0.18237305014626998,0.6657887314883314,185.0,17.77348891521783,-52.74899201045373,88.29596984088938,371.0,5.223713370404047,-36.759628605467796,47.207055346275894,,,,,,,
ES.v.0,diagnose,C,1949.0,0.24576706003078502,0.754232939969215,-0.12788415194128713,0.2691617357227023,10.840332313449734,9.64256258948371,0.9141031969246569,18.371021982042762,9.64256258948371,,,,,,,,,1949.0,13.711059026348396,5.0089576233989686,22.413160429297825,0.16869533956494384,1751.0,10.89252068795896,1.3055032334918195,20.4795381424261,198.0,-1.4113597864262164,-15.4010569254066,12.578337352554168,1927.0,1.5611738985242196,-4.5270546033846975,7.649402400433137,,,,,,,,,1949.0,6.019268269599292,0.6370039892679866,11.401532549930597,1949.0,4.8210640438504395,-1.2543675992873835,10.896495686988263,1949.0,9.766674402284503,0.7227285780218313,18.810620226547172,1949.0,9.306110419830327,0.5793094204491176,18.032911419211537,40.274418220492294,7.823658530244103,1949.0,2.60258715670937,-0.7562985924070103,5.961472905825751,48.38378655720882,1.361978556600897,7.132565666787966,-390.86331961666633,-177.8848823143229,-0.8964753617534807,217.8427591215741,597.3490406944176,-1226.3597655872027,3748.6917031926737,196.4832350386938,196.4832350386938,-1298.076553024238,-807.4860152476584,-173.89243301955105,-4042.6165449233017,,,,,,,,,,,,,,,,,,,
ES.v.0,diagnose,T_hel,168.0,0.25,0.75,-0.48214285714285715,1.0178571428571428,216.74398830218516,212.21452401647088,64.10945710897954,360.3195909239622,18.292478211784047,,,,,,,,,168.0,227.56706808511822,80.43479579981886,374.6993403704176,0.15159593697207657,158.0,227.55763088126653,70.44418769053377,384.6710740719993,10.0,-30.206564447300952,-163.50337417205841,103.0902452774565,156.0,65.07261251233113,0.4252802281210819,129.7199447965412,,,,,,,,,168.0,138.8231058081715,36.4020184359823,241.2441931803607,168.0,77.92088249401365,-1.9566827632454817,157.7984477512728,168.0,223.96860752525347,70.33116410531991,377.606050945187,168.0,210.94220258789946,62.85462325444459,359.02978192135436,212.94146219162053,67.37354827009102,168.0,69.2577380952381,20.10295187869015,118.41252431178604,56.54761904761905,2.2096296992551143,4.85444809500497,-929.4002510859989,-487.4082542557134,41.686843638182665,1207.8065915237598,3982.565054500626,-2139.112080129502,8571.260526857379,972.339213450881,290.86254641338144,-1655.1352111577964,-996.8559802046898,-168.10878748533509,-2364.021023876973,,,,,,,,,,,,,,,,,,,
ES.v.0,aar,T,,,,,,,,,,,,,,,,,,,,,,,,,,,,,,,,,,,,,,,,,,,,,,,,,,,,,,,,,,,,,,,,,,,,,,,,,,,,,,,,,,,,,,,,,,,,,,2016.0,191.0,7.228611911597731,-6.0211163986913565,20.478340221886818,0.9939920253616132,
ES.v.0,aar,T,,,,,,,,,,,,,,,,,,,,,,,,,,,,,,,,,,,,,,,,,,,,,,,,,,,,,,,,,,,,,,,,,,,,,,,,,,,,,,,,,,,,,,,,,,,,,,2017.0,251.0,-7.518509970735486,-13.072872672145795,-1.964147269325176,-3.2682101946718682,
ES.v.0,aar,T,,,,,,,,,,,,,,,,,,,,,,,,,,,,,,,,,,,,,,,,,,,,,,,,,,,,,,,,,,,,,,,,,,,,,,,,,,,,,,,,,,,,,,,,,,,,,,2018.0,250.0,-0.29567511175411165,-20.84952667880549,20.258176455297267,-1.055078952082871,
ES.v.0,aar,T,,,,,,,,,,,,,,,,,,,,,,,,,,,,,,,,,,,,,,,,,,,,,,,,,,,,,,,,,,,,,,,,,,,,,,,,,,,,,,,,,,,,,,,,,,,,,,2019.0,252.0,0.14198713052607695,-10.906946237477602,11.190920498529756,-0.820169146964881,
ES.v.0,aar,T,,,,,,,,,,,,,,,,,,,,,,,,,,,,,,,,,,,,,,,,,,,,,,,,,,,,,,,,,,,,,,,,,,,,,,,,,,,,,,,,,,,,,,,,,,,,,,2020.0,252.0,109.0609285850543,15.387640558109737,202.73421661199887,34.545410507878124,
ES.v.0,aar,T,,,,,,,,,,,,,,,,,,,,,,,,,,,,,,,,,,,,,,,,,,,,,,,,,,,,,,,,,,,,,,,,,,,,,,,,,,,,,,,,,,,,,,,,,,,,,,2021.0,252.0,0.4668945933317097,-10.170088327641633,11.10387751430505,-0.34548242267767465,
ES.v.0,aar,T,,,,,,,,,,,,,,,,,,,,,,,,,,,,,,,,,,,,,,,,,,,,,,,,,,,,,,,,,,,,,,,,,,,,,,,,,,,,,,,,,,,,,,,,,,,,,,2022.0,251.0,17.580982889014884,-2.696163027420255,37.85812880545002,8.613082490271132,
ES.v.0,aar,T,,,,,,,,,,,,,,,,,,,,,,,,,,,,,,,,,,,,,,,,,,,,,,,,,,,,,,,,,,,,,,,,,,,,,,,,,,,,,,,,,,,,,,,,,,,,,,2023.0,250.0,2.1644282463092805,-8.14143841198429,12.470294904602849,0.49779997765855205,
ES.v.0,aar,K,,,,,,,,,,,,,,,,,,,,,,,,,,,,,,,,,,,,,,,,,,,,,,,,,,,,,,,,,,,,,,,,,,,,,,,,,,,,,,,,,,,,,,,,,,,,,,2016.0,54.0,40.92939889657986,-24.809741674955426,106.66853946811514,7.841666666666669,
ES.v.0,aar,K,,,,,,,,,,,,,,,,,,,,,,,,,,,,,,,,,,,,,,,,,,,,,,,,,,,,,,,,,,,,,,,,,,,,,,,,,,,,,,,,,,,,,,,,,,,,,,2017.0,72.0,-6.810009598064596,-41.706842547779715,28.086823351650523,-5.474305555555556,
ES.v.0,aar,K,,,,,,,,,,,,,,,,,,,,,,,,,,,,,,,,,,,,,,,,,,,,,,,,,,,,,,,,,,,,,,,,,,,,,,,,,,,,,,,,,,,,,,,,,,,,,,2018.0,71.0,42.537603538619685,-64.2716120871051,149.34681916434445,10.426760563380284,
ES.v.0,aar,K,,,,,,,,,,,,,,,,,,,,,,,,,,,,,,,,,,,,,,,,,,,,,,,,,,,,,,,,,,,,,,,,,,,,,,,,,,,,,,,,,,,,,,,,,,,,,,2019.0,72.0,-17.22344833601279,-82.72790465758959,48.281007985564,-9.259027777777773,
ES.v.0,aar,K,,,,,,,,,,,,,,,,,,,,,,,,,,,,,,,,,,,,,,,,,,,,,,,,,,,,,,,,,,,,,,,,,,,,,,,,,,,,,,,,,,,,,,,,,,,,,,2020.0,71.0,35.684899372566015,-141.268400010359,212.638198755491,9.52887323943661,
ES.v.0,aar,K,,,,,,,,,,,,,,,,,,,,,,,,,,,,,,,,,,,,,,,,,,,,,,,,,,,,,,,,,,,,,,,,,,,,,,,,,,,,,,,,,,,,,,,,,,,,,,2021.0,72.0,46.99955520329354,-41.4640531008329,135.46316350741998,22.789583333333336,
ES.v.0,aar,K,,,,,,,,,,,,,,,,,,,,,,,,,,,,,,,,,,,,,,,,,,,,,,,,,,,,,,,,,,,,,,,,,,,,,,,,,,,,,,,,,,,,,,,,,,,,,,2022.0,72.0,-43.85582756640346,-181.84347834545804,94.13182321265111,-23.21736111111111,
ES.v.0,aar,K,,,,,,,,,,,,,,,,,,,,,,,,,,,,,,,,,,,,,,,,,,,,,,,,,,,,,,,,,,,,,,,,,,,,,,,,,,,,,,,,,,,,,,,,,,,,,,2023.0,72.0,-14.358771610789013,-90.271320390542,61.55377716896398,-10.52638888888889,
ES.v.0,lang,,,,,,,,,,,,,,,,,,,,,,,,,,,,,,,,,,,,,,,,,,,,,,,,,,,,,,,,,,,,,,,,,,,,,,,,,,,,,,,,,,,,,,,,,,,,,,,,1949.0,17.997869179416725,-1.745936881261617,37.74167524009506,,22.447869179416724
NQ.v.0,hoved,T,1949.0,0.19497178040020524,0.8050282195997948,-0.19522443523198424,0.293437278581805,34.51383589039409,33.67753964643594,11.704964683335398,55.65011460953648,33.67753964643594,-18.636339121346857,-1.409783100198557,18.521615653186007,3.052534423604417,0.001996007984031936,475.5293246207256,30.117858171757106,30.177100766780413,,,,,,,,,,,,,,,,,,,,,,,,,,,,,,,,,,,,,,,,,,,,,,,,,,,,,,,,,,,,,,,,,,,,,,,,,,,,,,,,,,
NQ.v.0,hoved,K,556.0,0.39388489208633093,0.6061151079136691,-0.21223021582733814,1.0,22.583509607808434,19.73350960780844,-48.22001767961136,87.68703689522825,5.629467081550278,-58.85102726835312,-6.183335674950145,49.7267208806231,0.7828121776713586,0.3592814371257485,780.8230861026686,92.590824001871,92.77295251373049,,,,,,,,,,,,,,,,,,,,,,,,,,,,,,,,,,,,,,,,,,,,,,,,,,,,,,,,,,,,,,,,,,,,,,,,,,,,,,,,,,
NQ.v.0,diagnose,T,,,,,,,,,,,,,,,,,,,1949.0,43.2053143567971,21.329460217648915,65.08116849594529,0.04610760870152817,1751.0,38.09102888475874,13.760504447547188,62.42155332197029,198.0,-5.3528626581258285,-26.958361836412383,16.252636520160724,1927.0,10.282141854192204,-0.3501055746148669,20.914389282999274,463.0,26.608110772497152,-3.298411232877971,56.51463277787228,1486.0,35.88019480702388,8.594066480406124,63.166323133641626,1949.0,19.272049867220378,4.8382113914557525,33.705888342985006,1949.0,15.24178602317371,2.515249425072229,27.968322621275192,1949.0,32.22316300098021,9.924525980477448,54.52180002148297,1949.0,32.8412434024778,10.877630976496913,54.804855828458685,117.61912479968784,42.708540459414884,1949.0,9.273559083024837,3.048055839242066,15.499062326807609,49.05079527963058,1.5472484665784638,13.820730765947657,-582.8689076739216,-302.6592410535827,-1.1568322828484197,426.10937680779296,1045.8699572713072,-2752.842324273988,12103.302532261545,494.6167950968094,494.6167950968094,-2517.084606746846,-1421.9480355287983,-341.97345637243296,-5840.467752773871,0.1586047390509851,1.1474251422304467,1.0808657800091235,0.6657887314883314,,,,,,,,,,,,,,,
NQ.v.0,diagnose,K,,,,,,,,,,,,,,,,,,,556.0,32.032092970805245,-35.66943356277235,99.73361950438283,0.09561446717064308,498.0,20.854952111632965,-52.88655075206451,94.59645497533045,58.0,10.104572247384056,-148.18003922217193,168.38918371694004,550.0,5.018230649374251,-59.85055397694877,69.88701527569727,,,,,,,,,556.0,4.16110525929343,-28.31330371075677,36.63551422934363,556.0,18.422404348515006,-41.41857222564441,78.26338092267441,556.0,5.851945737146108,-63.04297429766858,74.7468657719608,556.0,16.883509607808424,-51.07001767961138,84.83703689522822,22.583509607808434,-45.370017679611365,556.0,2.622122302158272,-22.21849198277497,27.462736587091513,50.35971223021583,1.055329427293632,0.3023285993225645,-2174.043601563959,-1342.671554035244,0.8699445187012296,1236.005977515458,2150.216592045476,-2916.973192960402,3954.1318705523554,815.742680914347,435.50803170812634,-2465.01495521233,-1617.5804233653548,-342.12327669992163,-2919.127812696417,-0.026898263420303332,0.6243340310401705,0.20519717884222913,0.6657887314883314,185.0,35.67257025857635,-88.92306476910966,160.26820528626237,371.0,11.78546049623953,-69.31354740068392,92.88446839316299,,,,,,,
NQ.v.0,diagnose,C,1949.0,0.24576706003078502,0.754232939969215,-0.12788415194128713,0.2691617357227023,20.47816764810661,19.711056701296904,4.149729999865409,35.2723834027284,19.711056701296904,,,,,,,,,1949.0,26.171626827389755,10.678284246106339,41.66496940867317,0.09199252123808091,1751.0,22.070308072342463,5.011513858076654,39.12910228660827,198.0,-1.152827898201893,-27.818562034973848,25.512906238570064,1927.0,5.912689697858797,-6.001022047328677,17.826401443046272,,,,,,,,,1949.0,10.22955354422259,1.3178330350471246,19.141274053398057,1949.0,10.248614103884014,-1.549083555006181,22.04631176277421,1949.0,16.94628694683521,1.2909537650987613,32.60162012857166,1949.0,18.943945754487206,3.3864695349670715,34.50142197400734,76.08127356261282,18.25274435644715,1949.0,5.068345192823399,0.021745239125550597,10.114945146521247,48.6916367367881,1.3598861183323463,5.6163154077524275,-777.9024944034654,-344.9219417050459,-1.3274068029291384,432.8782330326262,1051.537112488989,-1940.5920297482523,6051.6512661307725,350.29547303591704,350.29547303591704,-2489.094000184395,-1473.386609470004,-342.3855004620887,-5840.467752773871,,,,,,,,,,,,,,,,,,,
NQ.v.0,diagnose,T_hel,168.0,0.25,0.75,-0.48214285714285715,1.0178571428571428,410.013447534581,407.11255467743814,163.04901295714228,651.176096397734,35.09230845859908,,,,,,,,,168.0,431.4786614336894,189.6825023726197,673.2748204947591,0.139170438056364,158.0,439.49652267478575,180.98945597406072,698.0035893755107,10.0,-104.55413968065412,-352.6484665490923,143.54018718778403,156.0,155.54051321773755,34.39221945633864,276.6888069791365,,,,,,,,,168.0,239.7673643946057,75.425949328038,404.1087794611734,168.0,170.24608313997535,32.40640537169918,308.08576090825153,168.0,395.8866440379747,158.67750211650463,633.0957859594448,168.0,404.2116618202953,160.18968907439557,648.2336345661951,402.82022915678135,162.99765783674394,168.0,107.68839285714287,41.90172863626454,173.47505707802122,57.73809523809524,2.2836640030496844,4.592699784340679,-1993.6919076652327,-879.504167993181,120.96356571070365,2110.5161280261605,6551.0836715909945,-2806.2655141310884,13836.901971830986,1602.3256809746945,482.873010234169,-2739.3847926379626,-1533.2103764018282,-333.1272538309936,-3121.6497594708358,,,,,,,,,,,,,,,,,,,
NQ.v.0,aar,T,,,,,,,,,,,,,,,,,,,,,,,,,,,,,,,,,,,,,,,,,,,,,,,,,,,,,,,,,,,,,,,,,,,,,,,,,,,,,,,,,,,,,,,,,,,,,,2016.0,191.0,13.922213542137868,-9.809835441715794,37.65426252599153,1.4643121825561942,
NQ.v.0,aar,T,,,,,,,,,,,,,,,,,,,,,,,,,,,,,,,,,,,,,,,,,,,,,,,,,,,,,,,,,,,,,,,,,,,,,,,,,,,,,,,,,,,,,,,,,,,,,,2017.0,251.0,-10.195761760135724,-24.672181195150568,4.280657674879119,-2.542269600132937,
NQ.v.0,aar,T,,,,,,,,,,,,,,,,,,,,,,,,,,,,,,,,,,,,,,,,,,,,,,,,,,,,,,,,,,,,,,,,,,,,,,,,,,,,,,,,,,,,,,,,,,,,,,2018.0,250.0,12.234840677401518,-27.209761124339042,51.67944247914208,2.0506843852008276,
NQ.v.0,aar,T,,,,,,,,,,,,,,,,,,,,,,,,,,,,,,,,,,,,,,,,,,,,,,,,,,,,,,,,,,,,,,,,,,,,,,,,,,,,,,,,,,,,,,,,,,,,,,2019.0,252.0,-0.8939713951044426,-21.770291807644476,19.982349017435588,-0.8939812169443911,
NQ.v.0,aar,T,,,,,,,,,,,,,,,,,,,,,,,,,,,,,,,,,,,,,,,,,,,,,,,,,,,,,,,,,,,,,,,,,,,,,,,,,,,,,,,,,,,,,,,,,,,,,,2020.0,252.0,196.12023785968668,42.79429068267794,349.4461850366954,50.14406876651715,
NQ.v.0,aar,T,,,,,,,,,,,,,,,,,,,,,,,,,,,,,,,,,,,,,,,,,,,,,,,,,,,,,,,,,,,,,,,,,,,,,,,,,,,,,,,,,,,,,,,,,,,,,,2021.0,252.0,2.6101969622694803,-22.5372968898628,27.757690814401762,1.0739515318996589,
NQ.v.0,aar,T,,,,,,,,,,,,,,,,,,,,,,,,,,,,,,,,,,,,,,,,,,,,,,,,,,,,,,,,,,,,,,,,,,,,,,,,,,,,,,,,,,,,,,,,,,,,,,2022.0,251.0,46.67882857831614,6.224793330965127,87.13286382566716,20.068253723632303,
NQ.v.0,aar,T,,,,,,,,,,,,,,,,,,,,,,,,,,,,,,,,,,,,,,,,,,,,,,,,,,,,,,,,,,,,,,,,,,,,,,,,,,,,,,,,,,,,,,,,,,,,,,2023.0,250.0,3.630533040300074,-18.082616201079837,25.34368228167999,0.8045282644703122,
NQ.v.0,aar,K,,,,,,,,,,,,,,,,,,,,,,,,,,,,,,,,,,,,,,,,,,,,,,,,,,,,,,,,,,,,,,,,,,,,,,,,,,,,,,,,,,,,,,,,,,,,,,2016.0,54.0,70.2530505341373,-51.68708560665421,192.19318667492882,8.603703703703705,
NQ.v.0,aar,K,,,,,,,,,,,,,,,,,,,,,,,,,,,,,,,,,,,,,,,,,,,,,,,,,,,,,,,,,,,,,,,,,,,,,,,,,,,,,,,,,,,,,,,,,,,,,,2017.0,72.0,38.79642789437568,-60.03491621894278,137.62777200769415,5.538888888888888,
NQ.v.0,aar,K,,,,,,,,,,,,,,,,,,,,,,,,,,,,,,,,,,,,,,,,,,,,,,,,,,,,,,,,,,,,,,,,,,,,,,,,,,,,,,,,,,,,,,,,,,,,,,2018.0,71.0,39.77878520766719,-172.18367458973916,251.74124500507355,5.41760563380281,
NQ.v.0,aar,K,,,,,,,,,,,,,,,,,,,,,,,,,,,,,,,,,,,,,,,,,,,,,,,,,,,,,,,,,,,,,,,,,,,,,,,,,,,,,,,,,,,,,,,,,,,,,,2019.0,72.0,-36.90666675268702,-159.2420606620768,85.42872715670276,-11.440277777777782,
NQ.v.0,aar,K,,,,,,,,,,,,,,,,,,,,,,,,,,,,,,,,,,,,,,,,,,,,,,,,,,,,,,,,,,,,,,,,,,,,,,,,,,,,,,,,,,,,,,,,,,,,,,2020.0,71.0,82.54210024434028,-199.38578469203608,364.46998518071666,23.107746478873242,
NQ.v.0,aar,K,,,,,,,,,,,,,,,,,,,,,,,,,,,,,,,,,,,,,,,,,,,,,,,,,,,,,,,,,,,,,,,,,,,,,,,,,,,,,,,,,,,,,,,,,,,,,,2021.0,72.0,63.072954553328856,-110.64518219259969,236.7910912992574,29.09444444444445,
NQ.v.0,aar,K,,,,,,,,,,,,,,,,,,,,,,,,,,,,,,,,,,,,,,,,,,,,,,,,,,,,,,,,,,,,,,,,,,,,,,,,,,,,,,,,,,,,,,,,,,,,,,2022.0,72.0,-65.45019363213626,-344.0039889222513,213.10360165797877,-25.433333333333326,
NQ.v.0,aar,K,,,,,,,,,,,,,,,,,,,,,,,,,,,,,,,,,,,,,,,,,,,,,,,,,,,,,,,,,,,,,,,,,,,,,,,,,,,,,,,,,,,,,,,,,,,,,,2023.0,72.0,-20.43774781280422,-176.82590208102718,135.95040645541874,-12.093055555555559,
NQ.v.0,lang,,,,,,,,,,,,,,,,,,,,,,,,,,,,,,,,,,,,,,,,,,,,,,,,,,,,,,,,,,,,,,,,,,,,,,,,,,,,,,,,,,,,,,,,,,,,,,,,1949.0,41.670443642595124,5.2665509900785,78.07433629511175,,44.52044364259513
