tabel,tf,middag,dage_n,handler_n,handler_pr_dag_middel,handler_pr_dag_p10,handler_pr_dag_p50,handler_pr_dag_p90,dage_uden_handel_n,holdetid_min_p10,holdetid_min_p50,holdetid_min_p90,omk_usd_dag,udgang_vending_n,udgang_pause_n,udgang_fladt_n,udgang_efter_rth_n,udfoert_senere_n,sigma_dag,MDE_sidak4,MDE_CI,betingelse_ok,netto_ved_82_brutto,styrke_netto_ved_82,aar,omk_bp_dag,L_median,omk_bp_rundtur,dag,grund,n_1m,rth_dage_n,udelukket_n,udelukket_hul over 5 min_n,udelukket_første bar efter 08:35 CT_n,udelukket_ingen RTH-barer_n,kortdage_n,manglende_minutter_n,dage_med_manglende_minutter_n,ruller_n,ruller_i_rth_n,rul_tider_ct,vwap_udefineret_n,lys_1m_n,close_lig_vwap_1m_n,lys_5m_n,close_lig_vwap_5m_n
variant,1.0,hele dagen,1169.0,19151.0,16.382378100940976,5.0,15.0,30.0,0.0,1.0,3.0,57.0,43.036507271171935,17982.0,0.0,1169.0,0.0,2.0,684.9637068119793,61.61552558756471,56.12630266813673,True,38.963492728828065,0.4939911011787599,,,,,,,,,,,,,,,,,,,,,,,
variant,1.0,uden middag,1169.0,14831.0,12.686911890504705,5.0,12.0,21.0,0.0,1.0,4.0,55.0,33.328517536355854,12502.0,1169.0,1160.0,0.0,0.0,560.5089988672586,50.42027222508873,45.92841548504636,True,48.671482463644146,0.843503357089514,,,,,,,,,,,,,,,,,,,,,,,
variant,5.0,hele dagen,1169.0,8734.0,7.4713430282292554,2.0,7.0,13.0,0.0,5.0,15.0,160.0,19.62721813515825,7565.0,0.0,1169.0,0.0,0.0,680.3774332695292,61.202969926591614,55.75050089294416,True,62.37278186484175,0.879886970612504,,,,,,,,,,,,,,,,,,,,,,,
variant,5.0,uden middag,1169.0,7387.0,6.319076133447391,3.0,6.0,10.0,0.0,5.0,15.0,75.0,16.600213002566292,5058.0,1169.0,1160.0,0.0,0.0,553.5656428198341,49.79568653105999,45.35947307368243,True,65.39978699743371,0.9812103287505866,,,,,,,,,,,,,,,,,,,,,,,
aar,1.0,hele dagen,167.0,,16.82634730538922,,,,,,,,44.20281437125748,,,,,,,,,,,,2019.0,28.13594439054373,,,,,,,,,,,,,,,,,,,,,
aar,1.0,hele dagen,249.0,,16.120481927710845,,,,,,,,42.34850602409638,,,,,,,,,,,,2020.0,20.904141691203453,,,,,,,,,,,,,,,,,,,,,
aar,1.0,hele dagen,252.0,,16.0,,,,,,,,42.032,,,,,,,,,,,,2021.0,14.634489412081875,,,,,,,,,,,,,,,,,,,,,
aar,1.0,hele dagen,251.0,,15.91633466135458,,,,,,,,41.81221115537848,,,,,,,,,,,,2022.0,16.566359563523257,,,,,,,,,,,,,,,,,,,,,
aar,1.0,hele dagen,250.0,,17.2,,,,,,,,45.1844,,,,,,,,,,,,2023.0,15.986552271689474,,,,,,,,,,,,,,,,,,,,,
aar,1.0,uden middag,167.0,,12.850299401197605,,,,,,,,33.757736526946104,,,,,,,,,,,,2019.0,21.47910731501511,,,,,,,,,,,,,,,,,,,,,
aar,1.0,uden middag,249.0,,12.542168674698795,,,,,,,,32.94827710843373,,,,,,,,,,,,2020.0,16.27686634844347,,,,,,,,,,,,,,,,,,,,,
aar,1.0,uden middag,252.0,,12.40079365079365,,,,,,,,32.57688492063492,,,,,,,,,,,,2021.0,11.335178740802032,,,,,,,,,,,,,,,,,,,,,
aar,1.0,uden middag,251.0,,12.306772908366534,,,,,,,,32.32989243027888,,,,,,,,,,,,2022.0,12.786581648276043,,,,,,,,,,,,,,,,,,,,,
aar,1.0,uden middag,250.0,,13.392,,,,,,,,35.180784,,,,,,,,,,,,2023.0,12.435703248765684,,,,,,,,,,,,,,,,,,,,,
aar,5.0,hele dagen,167.0,,7.335329341317365,,,,,,,,19.269910179640718,,,,,,,,,,,,2019.0,12.258872001866758,,,,,,,,,,,,,,,,,,,,,
aar,5.0,hele dagen,249.0,,7.710843373493976,,,,,,,,20.256385542168672,,,,,,,,,,,,2020.0,9.970201106626522,,,,,,,,,,,,,,,,,,,,,
aar,5.0,hele dagen,252.0,,7.492063492063492,,,,,,,,19.681650793650793,,,,,,,,,,,,2021.0,6.8539622206148225,,,,,,,,,,,,,,,,,,,,,
aar,5.0,hele dagen,251.0,,7.139442231075697,,,,,,,,18.755314741035853,,,,,,,,,,,,2022.0,7.4235260284682605,,,,,,,,,,,,,,,,,,,,,
aar,5.0,hele dagen,250.0,,7.636,,,,,,,,20.059772000000002,,,,,,,,,,,,2023.0,7.10965444726215,,,,,,,,,,,,,,,,,,,,,
aar,5.0,uden middag,167.0,,6.269461077844311,,,,,,,,16.469874251497004,,,,,,,,,,,,2019.0,10.480460019858148,,,,,,,,,,,,,,,,,,,,,
aar,5.0,uden middag,249.0,,6.473895582329317,,,,,,,,17.006923694779115,,,,,,,,,,,,2020.0,8.34413209847856,,,,,,,,,,,,,,,,,,,,,
aar,5.0,uden middag,252.0,,6.365079365079365,,,,,,,,16.72106349206349,,,,,,,,,,,,2021.0,5.809413390081302,,,,,,,,,,,,,,,,,,,,,
aar,5.0,uden middag,251.0,,6.067729083665339,,,,,,,,15.939924302788842,,,,,,,,,,,,2022.0,6.300176534196096,,,,,,,,,,,,,,,,,,,,,
aar,5.0,uden middag,250.0,,6.404,,,,,,,,16.823307999999997,,,,,,,,,,,,2023.0,5.96551401545169,,,,,,,,,,,,,,,,,,,,,
L_aar,,,167.0,,,,,,,,,,,,,,,,,,,,,,2019.0,,7842.75,1.6747951930126548,,,,,,,,,,,,,,,,,,,
L_aar,,,249.0,,,,,,,,,,,,,,,,,,,,,,2020.0,,10470.0,1.2545367717287488,,,,,,,,,,,,,,,,,,,
L_aar,,,252.0,,,,,,,,,,,,,,,,,,,,,,2021.0,,14528.125,0.9041084104108409,,,,,,,,,,,,,,,,,,,
L_aar,,,251.0,,,,,,,,,,,,,,,,,,,,,,2022.0,,12448.75,1.05512601666834,,,,,,,,,,,,,,,,,,,
L_aar,,,250.0,,,,,,,,,,,,,,,,,,,,,,2023.0,,14816.75,0.8864967013683837,,,,,,,,,,,,,,,,,,,
udelukket,,,,,,,,,,,,,,,,,,,,,,,,,,,,,2020-03-09,hul over 5 min,,,,,,,,,,,,,,,,,
udelukket,,,,,,,,,,,,,,,,,,,,,,,,,,,,,2020-03-12,hul over 5 min,,,,,,,,,,,,,,,,,
udelukket,,,,,,,,,,,,,,,,,,,,,,,,,,,,,2020-03-16,hul over 5 min,,,,,,,,,,,,,,,,,
udelukket,,,,,,,,,,,,,,,,,,,,,,,,,,,,,2020-03-18,hul over 5 min,,,,,,,,,,,,,,,,,
serie,,,1169.0,,,,,,,,,,,,,,,,,,,,,,,,,,,,1638282.0,1173.0,4.0,4.0,0.0,0.0,9.0,27.0,2.0,19.0,0.0,"18:00, 19:00, 19:01",0.0,454263.0,7.0,90858.0,0.0
