afgoerelse,htf,n_lys,maal_R,side,periode,handler_n,dage_med_handel_n,tvetydig_n,censureret_n,middel_R_brutto,middel_R_netto,middel_R_netto_ci95_lo,middel_R_netto_ci95_hi,win_rate_pct_brutto,win_rate_pct_brutto_ci95_lo,win_rate_pct_brutto_ci95_hi,win_rate_pct_netto,win_rate_pct_netto_ci95_lo,win_rate_pct_netto_ci95_hi,udfald_maal_pct,udfald_stop_pct,udfald_tidsexit_pct,N_alm_med,N_alm_sd,N_alm_t,N_alm_p_FWE,N_alm_p5,N_alm_p50,N_alm_p95,t_v,p_FWE,long_n,short_n,long_middel_R_netto,short_middel_R_netto,forskel,forskel_ci95_lo,forskel_ci95_hi,strejf_n,strejf_hvis_fyldt_middel_R_netto,model,regel,signaler_n,skyggefyld_pct,ordrer_n,erstattet_n,udloebet_n,annulleret_trend_n,annulleret_vindue_n,ignoreret_dagslukket_n,MDE_R_sidak12,MDE_R_ukorr,min_handler_n,betingelse_ok,lys_uden_vaege_i_vindue_n,sprunget_over_udefineret_n,ikke_i_trendens_retning_n,sprunget_over_ingen_stopplads_n,sprunget_over_rul_n,afvist_kontrakter_nul_n,signaler_long_n,signaler_short_n,dage_med_signal_n,dage_n,dage_op_pct,lys_op_pct,dage_ned_pct,lys_ned_pct,dage_udefineret_pct,lys_udefineret_pct,dage_med_skift_i_vinduet_n,risiko_pt_p10,risiko_pt_p50,risiko_pt_p90,omk_R_netto_p50,omk_R_netto_p90,kontrakter_p50,kontrakter_maks,kontrakter_loftet_n,be_WR_pct_netto_p50_1R,be_WR_pct_netto_p50_2R,kandidater_n,celler_n,celler_for_faa_n,dage_for_faa_kandidater_n,trukne_n
gennem,daily,3.0,1.0,alle,2019-2023,533.0,533.0,4.0,0.0,-0.009958785776473477,-0.12192607514687816,-0.2072045738149102,-0.03664757647884612,51.21951219512195,46.98247615898698,55.439095384417605,51.031894934333955,46.795846576256025,55.253175498932464,41.27579737335835,44.090056285178235,14.634146341463415,-0.06309353482869684,0.03397360868899175,-1.7317130145566328,1.0,-0.11809016126239219,-0.06309353482869684,-0.004371966395256623,-1.7317130145566328,1.0,,,,,,,,,,,,,,,,,,,,,,,,,,,,,,,,,,,,,,,,,,,,,,,,,,,,,,,
gennem,daily,3.0,2.0,alle,2019-2023,533.0,533.0,2.0,0.0,-0.030318946445030002,-0.14228623581543468,-0.2464488902920394,-0.038123581338829954,42.21388367729831,38.09126515906492,46.4479319099673,41.83864915572233,37.72380615456441,46.070291978035634,16.51031894934334,51.78236397748593,31.70731707317073,-0.03416924903837259,0.041766166381825204,-2.588626061311431,1.0,-0.10284474026570121,-0.03416924903837259,0.03308432941460118,-2.588626061311431,1.0,,,,,,,,,,,,,,,,,,,,,,,,,,,,,,,,,,,,,,,,,,,,,,,,,,,,,,,
gennem,daily,5.0,1.0,alle,2019-2023,611.0,611.0,4.0,0.0,-0.032137641324288785,-0.14300836398741748,-0.22236348906837328,-0.06365323890646168,50.245499181669395,46.2918344284469,54.196096233508484,50.08183306055646,46.129148792589866,54.033494761395275,40.42553191489362,45.00818330605565,14.566284779050736,-0.06455831980508911,0.033170524583386624,-2.36505286448258,1.0,-0.11685623767247671,-0.06455831980508911,-0.009662813505425272,-2.36505286448258,1.0,,,,,,,,,,,,,,,,,,,,,,,,,,,,,,,,,,,,,,,,,,,,,,,,,,,,,,,
gennem,daily,5.0,2.0,alle,2019-2023,611.0,611.0,2.0,0.0,-0.05076528150354684,-0.16163600416667553,-0.25851898662621936,-0.06475302170713172,41.4075286415712,37.56746072109985,45.354966110461454,41.08019639934533,37.246746592030036,45.025106023590745,16.857610474631752,52.53682487725041,30.605564648117838,-0.036513243102390264,0.0401449777509305,-3.11677246007155,1.0,-0.10271750865507319,-0.036513243102390264,0.0261474157508601,-3.11677246007155,1.0,,,,,,,,,,,,,,,,,,,,,,,,,,,,,,,,,,,,,,,,,,,,,,,,,,,,,,,
gennem,daily,9.0,1.0,alle,2019-2023,659.0,659.0,7.0,0.0,-0.04364443517697238,-0.1509447853001688,-0.22720553660652248,-0.07468403399381511,49.77238239757208,45.96735093592931,53.58005214815997,49.468892261001514,45.665793944693284,53.27814658484841,39.60546282245827,45.52352048558422,14.87101669195751,-0.06081232942875375,0.032718470343466845,-2.7547881953293243,1.0,-0.11050517042874809,-0.06081232942875375,-0.005567272830337138,-2.7547881953293243,1.0,,,,,,,,,,,,,,,,,,,,,,,,,,,,,,,,,,,,,,,,,,,,,,,,,,,,,,,
gennem,daily,9.0,2.0,alle,2019-2023,659.0,659.0,3.0,0.0,-0.0536152188928115,-0.1609155690160079,-0.2537649676578362,-0.0680661703741796,41.57814871016692,37.87463389736104,45.3792802139428,41.122913505311075,37.4280881275227,44.92063215195972,16.540212443095598,52.35204855842185,31.10773899848255,-0.03294632257300531,0.039261964958779365,-3.2593693814702314,1.0,-0.09568541511772376,-0.03294632257300531,0.033723158273980224,-3.2593693814702314,1.0,,,,,,,,,,,,,,,,,,,,,,,,,,,,,,,,,,,,,,,,,,,,,,,,,,,,,,,
gennem,4H,3.0,1.0,alle,2019-2023,559.0,559.0,3.0,0.0,-0.031114316962650396,-0.13802136380947191,-0.22063766958853154,-0.055405058030412305,49.19499105545617,45.07030376648266,53.330666904928535,48.47942754919499,44.36098986842064,52.61862139980052,41.86046511627907,45.08050089445438,13.059033989266547,-0.0866576282941804,0.0329639570517759,-1.5581786930074994,1.0,-0.14114643346561206,-0.0866576282941804,-0.031948625636594015,-1.5581786930074994,1.0,,,,,,,,,,,,,,,,,,,,,,,,,,,,,,,,,,,,,,,,,,,,,,,,,,,,,,,
gennem,4H,3.0,2.0,alle,2019-2023,559.0,559.0,1.0,0.0,-0.0896454736876932,-0.1965525205345147,-0.29601167838694575,-0.09709336268208361,38.28264758497317,34.34613828150276,42.37910149126015,37.74597495527728,33.82399903212807,41.835221188242286,15.921288014311271,54.38282647584973,29.695885509838998,-0.08391190261909216,0.04128996029654438,-2.7280389011381443,1.0,-0.15366988767282305,-0.08391190261909216,-0.018013439676192556,-2.7280389011381443,1.0,,,,,,,,,,,,,,,,,,,,,,,,,,,,,,,,,,,,,,,,,,,,,,,,,,,,,,,
gennem,4H,5.0,1.0,alle,2019-2023,634.0,634.0,3.0,0.0,-0.03885288489140913,-0.14135221305466597,-0.21852364014412606,-0.06418078596520589,48.89589905362776,45.02322105045083,52.78187615569745,48.26498422712934,44.39748827463958,52.15337876359343,41.640378548895896,45.58359621451104,12.77602523659306,-0.08650494047502137,0.032759979919336095,-1.6742156959403935,1.0,-0.13945481547724023,-0.08650494047502137,-0.030029742908659784,-1.6742156959403935,1.0,,,,,,,,,,,,,,,,,,,,,,,,,,,,,,,,,,,,,,,,,,,,,,,,,,,,,,,
gennem,4H,5.0,2.0,alle,2019-2023,634.0,634.0,1.0,0.0,-0.08410681695707828,-0.18660614512033513,-0.2803160652159993,-0.09289622502467101,38.48580441640379,34.77853308036835,42.33176635517797,38.01261829652997,34.317020731167666,41.85260607844221,16.876971608832807,54.41640378548896,28.706624605678233,-0.08301810022398196,0.04053654851009591,-2.5554234068683437,1.0,-0.15287733927238353,-0.08301810022398196,-0.018580637183673497,-2.5554234068683437,1.0,,,,,,,,,,,,,,,,,,,,,,,,,,,,,,,,,,,,,,,,,,,,,,,,,,,,,,,
gennem,4H,9.0,1.0,alle,2019-2023,684.0,684.0,6.0,0.0,-0.04588350183635559,-0.14634682358434062,-0.22074331053496882,-0.0719503366337124,48.9766081871345,45.24652515647876,52.71812210046283,48.099415204678365,44.3761380857932,51.84392110566974,41.08187134502924,46.05263157894737,12.865497076023392,-0.08375041308154468,0.0321942595169099,-1.944334531748352,1.0,-0.13463025380856428,-0.08375041308154468,-0.030665308414019585,-1.944334531748352,1.0,,,,,,,,,,,,,,,,,,,,,,,,,,,,,,,,,,,,,,,,,,,,,,,,,,,,,,,
gennem,4H,9.0,2.0,alle,2019-2023,684.0,684.0,2.0,0.0,-0.09335043987378118,-0.1938137616217662,-0.28332679584629306,-0.10430072739723932,38.888888888888886,35.30726615483658,42.59461834910065,38.1578947368421,34.59316381800555,41.85489729803282,16.374269005847953,54.53216374269006,29.093567251461987,-0.08588504424048968,0.03862198891145006,-2.79448885008818,1.0,-0.14881616815083307,-0.08588504424048968,-0.01856427495011652,-2.79448885008818,1.0,,,,,,,,,,,,,,,,,,,,,,,,,,,,,,,,,,,,,,,,,,,,,,,,,,,,,,,
beroering,daily,3.0,1.0,alle,2019-2023,539.0,539.0,4.0,0.0,0.004271937371018275,-0.10781144081530021,-0.19232918768539048,-0.02329369394520993,51.94805194805195,47.73131803913272,56.13721478177999,51.76252319109462,47.54652678023858,55.95357434344438,41.929499072356215,43.41372912801484,14.656771799628942,-0.0483713877610332,0.03377657590907153,-1.7598010293963198,1.0,-0.10459576401505623,-0.0483713877610332,0.0074351906792387125,-1.7598010293963198,1.0,,,,,,,,,,,,,,,,,,,,,,,,,,,,,,,,,,,,,,,,,,,,,,,,,,,,,,,
beroering,daily,3.0,2.0,alle,2019-2023,539.0,539.0,2.0,0.0,-0.023960841894323306,-0.13604422008064182,-0.2396729813439512,-0.032415458817332446,42.4860853432282,38.38056465001474,46.69795161217902,42.11502782931354,38.016962816157026,46.32469005157717,16.697588126159555,51.57699443413729,31.725417439703154,-0.021763502588412337,0.041940373020779874,-2.7248378891529574,1.0,-0.08888434618350044,-0.021763502588412337,0.04648770730079931,-2.7248378891529574,1.0,,,,,,,,,,,,,,,,,,,,,,,,,,,,,,,,,,,,,,,,,,,,,,,,,,,,,,,
beroering,daily,5.0,1.0,alle,2019-2023,615.0,615.0,4.0,0.0,-0.02388077713942621,-0.13426527834976018,-0.21317099071337486,-0.0553595659861455,50.73170731707317,46.788199764876126,54.666130721828985,50.56910569105691,46.62644186164635,54.50470407245762,40.65040650406504,44.552845528455286,14.796747967479675,-0.04976352702014401,0.033202585592660476,-2.545035268226084,1.0,-0.10326056441117924,-0.04976352702014401,0.004874680792001687,-2.545035268226084,1.0,,,,,,,,,,,,,,,,,,,,,,,,,,,,,,,,,,,,,,,,,,,,,,,,,,,,,,,
beroering,daily,5.0,2.0,alle,2019-2023,615.0,615.0,2.0,0.0,-0.05055449557972567,-0.16093899679005966,-0.257197137808014,-0.06468085577210532,41.6260162601626,37.79390693305582,45.56208860798571,41.300813008130085,37.475134110200884,45.23449232563837,16.585365853658537,52.357723577235774,31.056910569105693,-0.024761074565813626,0.04042215424474314,-3.36889324106114,1.0,-0.09347263785921019,-0.024761074565813626,0.0415776696913222,-3.36889324106114,1.0,,,,,,,,,,,,,,,,,,,,,,,,,,,,,,,,,,,,,,,,,,,,,,,,,,,,,,,
beroering,daily,9.0,1.0,alle,2019-2023,660.0,660.0,7.0,0.0,-0.0353612786571187,-0.1418073057312287,-0.2178314020515819,-0.0657832094108755,50.303030303030305,46.49782440710661,54.10472910124251,50.0,46.19647820304337,53.80352179695663,39.84848484848485,45.15151515151515,15.0,-0.04732748379489629,0.032626772417498326,-2.8957759206871834,1.0,-0.09819111839025814,-0.04732748379489629,0.006089136527545509,-2.8957759206871834,1.0,,,,,,,,,,,,,,,,,,,,,,,,,,,,,,,,,,,,,,,,,,,,,,,,,,,,,,,
beroering,daily,9.0,2.0,alle,2019-2023,660.0,660.0,3.0,0.0,-0.04566264339286475,-0.1521086704669747,-0.2450244941556245,-0.059192846778324926,41.96969696969697,38.26173171321125,45.770600315537365,41.515151515151516,37.81557270140524,45.31292906481971,16.666666666666668,52.121212121212125,31.21212121212121,-0.02003881246789978,0.039342103527737454,-3.3569597493932015,1.0,-0.08061226416555481,-0.02003881246789978,0.04821486035411914,-3.3569597493932015,1.0,,,,,,,,,,,,,,,,,,,,,,,,,,,,,,,,,,,,,,,,,,,,,,,,,,,,,,,
beroering,4H,3.0,1.0,alle,2019-2023,565.0,565.0,4.0,0.0,-0.013486530786244672,-0.11995730742298664,-0.2014460098325274,-0.0384686050134459,50.08849557522124,45.97903364826762,54.19676225839382,49.203539823008846,45.10056552644947,53.31727131359758,42.65486725663717,44.24778761061947,13.097345132743364,-0.07193664138403916,0.03331771266603818,-1.441295401046438,1.0,-0.12646821870510155,-0.07193664138403916,-0.016184193834955136,-1.441295401046438,1.0,,,,,,,,,,,,,,,,,,,,,,,,,,,,,,,,,,,,,,,,,,,,,,,,,,,,,,,
beroering,4H,3.0,2.0,alle,2019-2023,565.0,565.0,1.0,0.0,-0.0847399872539124,-0.19121076389065436,-0.29012704492476715,-0.0922944828565416,38.584070796460175,34.660080293835215,42.66224774683906,38.05309734513274,34.14310419196461,42.12444840874102,15.929203539823009,54.15929203539823,29.911504424778762,-0.07143064157628005,0.04161969582300322,-2.8779672687605706,1.0,-0.14270424818919375,-0.07143064157628005,-0.004452650071709492,-2.8779672687605706,1.0,,,,,,,,,,,,,,,,,,,,,,,,,,,,,,,,,,,,,,,,,,,,,,,,,,,,,,,
beroering,4H,5.0,1.0,alle,2019-2023,638.0,638.0,4.0,0.0,-0.030875165101853168,-0.1331863394354029,-0.2099664215330207,-0.05640625733778508,49.373040752351095,45.50893736620474,53.244648914323314,48.7460815047022,44.886637516029026,52.62053504502708,41.84952978056426,45.141065830721004,13.009404388714733,-0.07238034746918165,0.032832059277024,-1.8520310119193015,1.0,-0.1287276757277303,-0.07238034746918165,-0.01822783894094337,-1.8520310119193015,1.0,,,,,,,,,,,,,,,,,,,,,,,,,,,,,,,,,,,,,,,,,,,,,,,,,,,,,,,
beroering,4H,5.0,2.0,alle,2019-2023,638.0,638.0,1.0,0.0,-0.08222218776529444,-0.18453336209884416,-0.2777871772484903,-0.09127954694919803,38.71473354231975,35.0133286207364,42.551224428768606,38.244514106583075,34.55448403099871,42.075258728902334,16.771159874608152,54.23197492163009,28.996865203761754,-0.07170392555772517,0.04081127396122349,-2.7646634272755852,1.0,-0.14127102197332145,-0.07170392555772517,-0.005154331502672431,-2.7646634272755852,1.0,,,,,,,,,,,,,,,,,,,,,,,,,,,,,,,,,,,,,,,,,,,,,,,,,,,,,,,
beroering,4H,9.0,1.0,alle,2019-2023,685.0,685.0,7.0,0.0,-0.04085471989281435,-0.1406242193303929,-0.2148128870568994,-0.0664355516038864,49.34306569343066,45.61318604659652,53.08027238498394,48.46715328467153,44.74358309284429,52.20781991417677,41.167883211678834,45.839416058394164,12.992700729927007,-0.070000534237513,0.03211725984333478,-2.1989324567966304,1.0,-0.12169302999586287,-0.070000534237513,-0.017480102919985106,-2.1989324567966304,1.0,,,,,,,,,,,,,,,,,,,,,,,,,,,,,,,,,,,,,,,,,,,,,,,,,,,,,,,
beroering,4H,9.0,2.0,alle,2019-2023,685.0,685.0,2.0,0.0,-0.08865194429111702,-0.18842144372869557,-0.27797823013563555,-0.0988646573217556,39.12408759124087,35.53977360421512,42.82970487417235,38.394160583941606,34.82642206972655,42.09134355486142,16.496350364963504,54.45255474452555,29.05109489051095,-0.07082487680365947,0.038916187119065575,-3.0217905614762532,1.0,-0.13743164367269992,-0.07082487680365947,-0.0063658262031526585,-3.0217905614762532,1.0,,,,,,,,,,,,,,,,,,,,,,,,,,,,,,,,,,,,,,,,,,,,,,,,,,,,,,,
gennem_bedste_fald,daily,3.0,1.0,alle,2019-2023,533.0,533.0,4.0,0.0,0.005925761857466957,-0.1060415275129377,-0.1898406509306154,-0.022242404095260015,51.969981238273924,47.72958646705428,56.182182949214685,51.407129455909946,47.169164920796916,55.62495609082375,42.02626641651032,43.33958724202627,14.634146341463415,-0.05719602179304515,0.03396876115945913,-1.437953697828358,1.0,-0.11112855812222722,-0.05719602179304515,0.0001457596039830093,-1.437953697828358,1.0,,,,,,,,,,,,,,,,,,,,,,,,,,,,,,,,,,,,,,,,,,,,,,,,,,,,,,,
gennem_bedste_fald,daily,3.0,2.0,alle,2019-2023,533.0,533.0,2.0,0.0,-0.01855374944690469,-0.13052103881730936,-0.2340662002660533,-0.02697587736856545,42.589118198874296,38.45896947892229,46.82532652654211,42.21388367729831,38.09126515906492,46.4479319099673,16.885553470919323,51.407129455909946,31.70731707317073,-0.03266155928269833,0.041749408995116644,-2.3439728103949324,1.0,-0.1023810505447871,-0.03266155928269833,0.036590561400839015,-2.3439728103949324,1.0,,,,,,,,,,,,,,,,,,,,,,,,,,,,,,,,,,,,,,,,,,,,,,,,,,,,,,,
gennem_bedste_fald,daily,5.0,1.0,alle,2019-2023,611.0,611.0,4.0,0.0,-0.018280908281915215,-0.12915163094504392,-0.20732401309090973,-0.05097924879917812,50.90016366612111,46.942997837649926,54.84608125618651,50.40916530278233,46.45456214752013,54.358655622405514,41.08019639934533,44.35351882160393,14.566284779050736,-0.0590449375925248,0.03316389447023076,-2.113946340513467,1.0,-0.11245894478069307,-0.0590449375925248,-0.005162591633744269,-2.113946340513467,1.0,,,,,,,,,,,,,,,,,,,,,,,,,,,,,,,,,,,,,,,,,,,,,,,,,,,,,,,
gennem_bedste_fald,daily,5.0,2.0,alle,2019-2023,611.0,611.0,2.0,0.0,-0.040502024547735396,-0.1513727472108641,-0.24776465380322193,-0.05498084061850626,41.734860883797054,37.88835087020811,45.68465017729372,41.4075286415712,37.56746072109985,45.354966110461454,17.18494271685761,52.20949263502455,30.605564648117838,-0.0350712418437147,0.0402515239383047,-2.8893689974424293,1.0,-0.101319990284025,-0.0350712418437147,0.029227792958338657,-2.8893689974424293,1.0,,,,,,,,,,,,,,,,,,,,,,,,,,,,,,,,,,,,,,,,,,,,,,,,,,,,,,,
gennem_bedste_fald,daily,9.0,1.0,alle,2019-2023,659.0,659.0,7.0,0.0,-0.021617676687388756,-0.1289180268105852,-0.20410585763066247,-0.05373019599050795,50.834597875569045,47.02389842740619,54.635623597599725,50.22761760242792,46.41994785184002,54.03264906407068,40.667678300455236,44.46130500758726,14.87101669195751,-0.05454595759871815,0.0327324968649897,-2.2721172026266827,1.0,-0.10694482918222879,-0.05454595759871815,-9.478569774726923e-06,-2.2721172026266827,1.0,,,,,,,,,,,,,,,,,,,,,,,,,,,,,,,,,,,,,,,,,,,,,,,,,,,,,,,
gennem_bedste_fald,daily,9.0,2.0,alle,2019-2023,659.0,659.0,3.0,0.0,-0.0395249449314437,-0.14682529505464012,-0.23937911675970508,-0.054271473349575175,42.03338391502276,38.32150713629293,45.83760080683233,41.57814871016692,37.87463389736104,45.3792802139428,16.99544764795144,51.89681335356601,31.10773899848255,-0.030409614770335675,0.0393597741839412,-2.957732423470104,1.0,-0.09549071265614134,-0.030409614770335675,0.037450845471762695,-2.957732423470104,1.0,,,,,,,,,,,,,,,,,,,,,,,,,,,,,,,,,,,,,,,,,,,,,,,,,,,,,,,
gennem_bedste_fald,4H,3.0,1.0,alle,2019-2023,559.0,559.0,3.0,0.0,-0.019746366115046533,-0.12665341296186805,-0.20822576313585678,-0.04508106278787932,49.73166368515206,45.60284086975124,53.8641493540525,48.658318425760285,44.53823949846213,52.79671162055652,42.39713774597495,44.543828264758496,13.059033989266547,-0.08090111670360728,0.03285203213620111,-1.392677812702012,1.0,-0.13413571847721084,-0.08090111670360728,-0.028855622885126064,-1.392677812702012,1.0,,,,,,,,,,,,,,,,,,,,,,,,,,,,,,,,,,,,,,,,,,,,,,,,,,,,,,,
gennem_bedste_fald,4H,3.0,2.0,alle,2019-2023,559.0,559.0,1.0,0.0,-0.08395573009794866,-0.19086277694477014,-0.2898668439097175,-0.09185870997982279,38.46153846153846,34.520299152378556,42.560280471181876,37.924865831842574,33.997988067440744,42.016572003727134,16.100178890876567,54.203935599284435,29.695885509838998,-0.08187559421783185,0.041079500999564436,-2.6530795183732607,1.0,-0.15145069032429948,-0.08187559421783185,-0.016636920549059107,-2.6530795183732607,1.0,,,,,,,,,,,,,,,,,,,,,,,,,,,,,,,,,,,,,,,,,,,,,,,,,,,,,,,
gennem_bedste_fald,4H,5.0,1.0,alle,2019-2023,634.0,634.0,3.0,0.0,-0.028829723181928748,-0.13132905134518558,-0.20763608861894325,-0.0550220140714279,49.369085173501574,45.49292397010376,53.25284586198096,48.42271293375394,44.553863821526704,52.31056075868512,42.11356466876972,45.110410094637224,12.77602523659306,-0.08130756813048962,0.03255543906614691,-1.5365015693095438,1.0,-0.13285547688061491,-0.08130756813048962,-0.026602490276029383,-1.5365015693095438,1.0,,,,,,,,,,,,,,,,,,,,,,,,,,,,,,,,,,,,,,,,,,,,,,,,,,,,,,,
gennem_bedste_fald,4H,5.0,2.0,alle,2019-2023,634.0,634.0,1.0,0.0,-0.07909015029041079,-0.18158947845366763,-0.2749211389189207,-0.08825781798841455,38.64353312302839,34.93245391702292,42.49140306050221,38.170347003154575,34.47081639056568,42.012367961023,17.034700315457414,54.25867507886435,28.706624605678233,-0.08240714062258704,0.04034537915449292,-2.4583320298288855,1.0,-0.15149117361344852,-0.08240714062258704,-0.015310983578628468,-2.4583320298288855,1.0,,,,,,,,,,,,,,,,,,,,,,,,,,,,,,,,,,,,,,,,,,,,,,,,,,,,,,,
gennem_bedste_fald,4H,9.0,1.0,alle,2019-2023,684.0,684.0,6.0,0.0,-0.027749211661566228,-0.12821253340955124,-0.20181943173333816,-0.05460563508576434,49.853801169590646,46.1180566768988,53.59117864552143,48.68421052631579,44.956268906921444,52.426848994860606,41.95906432748538,45.175438596491226,12.865497076023392,-0.0785073240120546,0.031999050269615255,-1.5533338951842048,1.0,-0.12918749312613703,-0.0785073240120546,-0.02403838058976894,-1.5533338951842048,1.0,,,,,,,,,,,,,,,,,,,,,,,,,,,,,,,,,,,,,,,,,,,,,,,,,,,,,,,
gennem_bedste_fald,4H,9.0,2.0,alle,2019-2023,684.0,684.0,2.0,0.0,-0.08429311939540723,-0.18475644114339226,-0.27408146662338967,-0.09543141566339486,39.1812865497076,35.59314741390614,42.89026644519063,38.45029239766082,34.87870139861754,42.150889072580384,16.666666666666668,54.239766081871345,29.093567251461987,-0.08376573081001834,0.038452957765571304,-2.626344401100805,1.0,-0.14696925384997236,-0.08376573081001834,-0.017987165584515474,-2.626344401100805,1.0,,,,,,,,,,,,,,,,,,,,,,,,,,,,,,,,,,,,,,,,,,,,,,,,,,,,,,,
gennem,daily,3.0,1.0,alle,2019,111.0,111.0,3.0,0.0,0.014615075864751624,-0.1736340338530631,-0.37165941214562104,0.024391344439494783,52.252252252252255,43.04120089432602,61.31262746291094,52.252252252252255,43.04120089432602,61.31262746291094,43.24324324324324,43.24324324324324,13.513513513513514,,,,,,,,,,,,,,,,,,,,,,,,,,,,,,,,,,,,,,,,,,,,,,,,,,,,,,,,,,,,,,,,
gennem,daily,3.0,1.0,alle,2020,127.0,127.0,0.0,0.0,-0.05285987461147034,-0.1757285093813638,-0.3587880220441718,0.007331003281444176,48.818897637795274,40.288566566108884,57.41858220230158,48.818897637795274,40.288566566108884,57.41858220230158,40.94488188976378,47.24409448818898,11.811023622047244,,,,,,,,,,,,,,,,,,,,,,,,,,,,,,,,,,,,,,,,,,,,,,,,,,,,,,,,,,,,,,,,
gennem,daily,3.0,1.0,alle,2021,111.0,111.0,0.0,0.0,0.02736998699828723,-0.06760263277246324,-0.25093558264459703,0.11573031709967056,54.95495495495496,45.68803105775983,63.89039132816152,54.054054054054056,44.80286067541221,63.034030367614356,39.63963963963964,39.63963963963964,20.72072072072072,,,,,,,,,,,,,,,,,,,,,,,,,,,,,,,,,,,,,,,,,,,,,,,,,,,,,,,,,,,,,,,,
gennem,daily,3.0,1.0,alle,2022,78.0,78.0,0.0,0.0,-0.047436478117141176,-0.10921784775313263,-0.33163718504818784,0.11320148954192256,47.43589743589744,36.73726697600783,58.37523461225983,47.43589743589744,36.73726697600783,58.37523461225983,42.30769230769231,47.43589743589744,10.256410256410257,,,,,,,,,,,,,,,,,,,,,,,,,,,,,,,,,,,,,,,,,,,,,,,,,,,,,,,,,,,,,,,,
gennem,daily,3.0,1.0,alle,2023,106.0,106.0,1.0,0.0,0.004196929925811959,-0.06955486077051971,-0.252559822292179,0.11345010075113958,51.886792452830186,42.47673055392774,61.16488167787048,51.886792452830186,42.47673055392774,61.16488167787048,40.56603773584906,43.39622641509434,16.037735849056602,,,,,,,,,,,,,,,,,,,,,,,,,,,,,,,,,,,,,,,,,,,,,,,,,,,,,,,,,,,,,,,,
gennem,daily,3.0,2.0,alle,2019,111.0,111.0,2.0,0.0,-0.0532596260235823,-0.24150873574139708,-0.4744118481853008,-0.008605623297493398,42.34234234234234,33.55806207534501,51.63892151004929,42.34234234234234,33.55806207534501,51.63892151004929,16.216216216216218,51.351351351351354,32.432432432432435,,,,,,,,,,,,,,,,,,,,,,,,,,,,,,,,,,,,,,,,,,,,,,,,,,,,,,,,,,,,,,,,
gennem,daily,3.0,2.0,alle,2020,127.0,127.0,0.0,0.0,-0.11300632862348586,-0.2358749633933793,-0.45823901895242025,-0.01351090783433831,37.00787401574803,29.10748016449637,45.67115628801876,37.00787401574803,29.10748016449637,45.67115628801876,15.748031496062993,58.267716535433074,25.984251968503937,,,,,,,,,,,,,,,,,,,,,,,,,,,,,,,,,,,,,,,,,,,,,,,,,,,,,,,,,,,,,,,,
gennem,daily,3.0,2.0,alle,2021,111.0,111.0,0.0,0.0,0.10477223258958845,0.00979961281883798,-0.21048095035910644,0.2300801759967824,52.252252252252255,43.04120089432602,61.31262746291094,51.351351351351354,42.16469238103697,60.447604633305204,14.414414414414415,41.44144144144144,44.14414414414414,,,,,,,,,,,,,,,,,,,,,,,,,,,,,,,,,,,,,,,,,,,,,,,,,,,,,,,,,,,,,,,,
gennem,daily,3.0,2.0,alle,2022,78.0,78.0,0.0,0.0,-0.09802403920438084,-0.15980540884037236,-0.43759076672879205,0.11797994904804732,34.61538461538461,25.005203906310765,45.669805623295204,34.61538461538461,25.005203906310765,45.669805623295204,19.23076923076923,56.41025641025641,24.358974358974358,,,,,,,,,,,,,,,,,,,,,,,,,,,,,,,,,,,,,,,,,,,,,,,,,,,,,,,,,,,,,,,,
gennem,daily,3.0,2.0,alle,2023,106.0,106.0,0.0,0.0,0.0011300095197805864,-0.07262178117655109,-0.3054892072768277,0.16024564492372556,43.39622641509434,34.35571272093163,52.898644467774616,42.45283018867924,33.46963958952346,51.963911483283674,17.92452830188679,51.886792452830186,30.18867924528302,,,,,,,,,,,,,,,,,,,,,,,,,,,,,,,,,,,,,,,,,,,,,,,,,,,,,,,,,,,,,,,,
gennem,daily,5.0,1.0,alle,2019,125.0,125.0,3.0,0.0,0.02366546860081025,-0.158622063884742,-0.34082422294260384,0.02358009517311979,52.8,44.09609341541313,61.336940379820234,52.8,44.09609341541313,61.336940379820234,42.4,40.8,16.8,,,,,,,,,,,,,,,,,,,,,,,,,,,,,,,,,,,,,,,,,,,,,,,,,,,,,,,,,,,,,,,,
gennem,daily,5.0,1.0,alle,2020,145.0,145.0,0.0,0.0,-0.1110020173130238,-0.23472766588705063,-0.4060979234970181,-0.06335740827708317,46.206896551724135,38.29474220720596,54.31484379984101,46.206896551724135,38.29474220720596,54.31484379984101,39.310344827586206,51.03448275862069,9.655172413793103,,,,,,,,,,,,,,,,,,,,,,,,,,,,,,,,,,,,,,,,,,,,,,,,,,,,,,,,,,,,,,,,
gennem,daily,5.0,1.0,alle,2021,133.0,133.0,0.0,0.0,0.07226022569792634,-0.01845394503383024,-0.18493688789657034,0.14802899782890985,56.390977443609025,47.90094724543422,64.5221883645679,55.6390977443609,47.15533988044913,63.80625036367036,42.857142857142854,37.59398496240601,19.548872180451127,,,,,,,,,,,,,,,,,,,,,,,,,,,,,,,,,,,,,,,,,,,,,,,,,,,,,,,,,,,,,,,,
gennem,daily,5.0,1.0,alle,2022,92.0,92.0,0.0,0.0,-0.11454040218276236,-0.18186041807201578,-0.38678852715031087,0.02306769100627931,44.56521739130435,34.829808027402585,54.73629403004981,44.56521739130435,34.829808027402585,54.73629403004981,39.130434782608695,51.08695652173913,9.782608695652174,,,,,,,,,,,,,,,,,,,,,,,,,,,,,,,,,,,,,,,,,,,,,,,,,,,,,,,,,,,,,,,,
gennem,daily,5.0,1.0,alle,2023,116.0,116.0,1.0,0.0,-0.0480334735419254,-0.12352851469803537,-0.2978287955232367,0.05077176612716598,50.0,41.04811381612251,58.9518861838775,50.0,41.04811381612251,58.9518861838775,37.93103448275862,45.689655172413794,16.379310344827587,,,,,,,,,,,,,,,,,,,,,,,,,,,,,,,,,,,,,,,,,,,,,,,,,,,,,,,,,,,,,,,,
gennem,daily,5.0,2.0,alle,2019,125.0,125.0,2.0,0.0,-0.013391621793709958,-0.19567915427926225,-0.41681300423671575,0.025454695678191253,43.2,34.846990714538485,51.95849863989477,43.2,34.846990714538485,51.95849863989477,18.4,48.8,32.8,,,,,,,,,,,,,,,,,,,,,,,,,,,,,,,,,,,,,,,,,,,,,,,,,,,,,,,,,,,,,,,,
gennem,daily,5.0,2.0,alle,2020,145.0,145.0,0.0,0.0,-0.1673671674886176,-0.29109281606264437,-0.4964970298001876,-0.08568860232510114,35.172413793103445,27.874292770754693,43.235907074974364,35.172413793103445,27.874292770754693,43.235907074974364,15.172413793103448,61.37931034482759,23.448275862068964,,,,,,,,,,,,,,,,,,,,,,,,,,,,,,,,,,,,,,,,,,,,,,,,,,,,,,,,,,,,,,,,
gennem,daily,5.0,2.0,alle,2021,133.0,133.0,0.0,0.0,0.1432413162726393,0.0525271455408827,-0.15145980122981845,0.25651409231158384,52.63157894736842,44.191589405355586,60.92381937523351,51.8796992481203,43.455287512403686,60.19857590230282,17.293233082706767,40.6015037593985,42.10526315789474,,,,,,,,,,,,,,,,,,,,,,,,,,,,,,,,,,,,,,,,,,,,,,,,,,,,,,,,,,,,,,,,
gennem,daily,5.0,2.0,alle,2022,92.0,92.0,0.0,0.0,-0.17842511013522513,-0.24574512602447857,-0.49508871180551517,0.0035984597565580367,32.608695652173914,23.894787729606797,42.7167388542409,32.608695652173914,23.894787729606797,42.7167388542409,17.391304347826086,59.78260869565217,22.82608695652174,,,,,,,,,,,,,,,,,,,,,,,,,,,,,,,,,,,,,,,,,,,,,,,,,,,,,,,,,,,,,,,,
gennem,daily,5.0,2.0,alle,2023,116.0,116.0,0.0,0.0,-0.06647741310710471,-0.1419724542632147,-0.3589932931069101,0.07504838458048066,41.37931034482759,32.83348532804721,50.47779926677415,40.51724137931034,32.02653581506043,49.61587723924306,16.379310344827587,53.44827586206897,30.17241379310345,,,,,,,,,,,,,,,,,,,,,,,,,,,,,,,,,,,,,,,,,,,,,,,,,,,,,,,,,,,,,,,,
gennem,daily,9.0,1.0,alle,2019,135.0,135.0,3.0,0.0,0.0010977634145320156,-0.16752273331712275,-0.34132393626959856,0.0062784696353530844,53.333333333333336,44.942253647808705,61.5399600054078,52.592592592592595,44.21489587970383,60.82682585057567,39.25925925925926,41.48148148148148,19.25925925925926,,,,,,,,,,,,,,,,,,,,,,,,,,,,,,,,,,,,,,,,,,,,,,,,,,,,,,,,,,,,,,,,
gennem,daily,9.0,1.0,alle,2020,154.0,154.0,2.0,0.0,-0.135402156636909,-0.25695872171818207,-0.4224465665587893,-0.0914708768775748,44.8051948051948,37.17257408797846,52.690672159526265,44.8051948051948,37.17257408797846,52.690672159526265,38.96103896103896,52.5974025974026,8.441558441558442,,,,,,,,,,,,,,,,,,,,,,,,,,,,,,,,,,,,,,,,,,,,,,,,,,,,,,,,,,,,,,,,
gennem,daily,9.0,1.0,alle,2021,144.0,144.0,0.0,0.0,0.05884312786257326,-0.034182243728713646,-0.19555203926459314,0.12718755180716584,55.55555555555556,47.40008681930556,63.42231721243847,54.861111111111114,46.712268302595106,62.75733522518093,42.361111111111114,38.888888888888886,18.75,,,,,,,,,,,,,,,,,,,,,,,,,,,,,,,,,,,,,,,,,,,,,,,,,,,,,,,,,,,,,,,,
gennem,daily,9.0,1.0,alle,2022,100.0,100.0,1.0,0.0,-0.09394569142556687,-0.15891873576180218,-0.354996965318223,0.03715949379461864,46.0,36.560808309024104,55.735139676631775,46.0,36.560808309024104,55.735139676631775,40.0,50.0,10.0,,,,,,,,,,,,,,,,,,,,,,,,,,,,,,,,,,,,,,,,,,,,,,,,,,,,,,,,,,,,,,,,
gennem,daily,9.0,1.0,alle,2023,126.0,126.0,1.0,0.0,-0.05664119039806754,-0.13072448172448142,-0.297127165350762,0.035678201901799156,48.41269841269841,39.863610009012746,57.05570987823232,48.41269841269841,39.863610009012746,57.05570987823232,37.301587301587304,45.23809523809524,17.46031746031746,,,,,,,,,,,,,,,,,,,,,,,,,,,,,,,,,,,,,,,,,,,,,,,,,,,,,,,,,,,,,,,,
gennem,daily,9.0,2.0,alle,2019,135.0,135.0,2.0,0.0,-0.026091595058293775,-0.19471209178994853,-0.4003975225360313,0.010973338956134226,45.925925925925924,37.74869237107815,54.328602052768346,45.18518518518518,37.039137039232415,53.59766546167708,15.555555555555555,47.407407407407405,37.03703703703704,,,,,,,,,,,,,,,,,,,,,,,,,,,,,,,,,,,,,,,,,,,,,,,,,,,,,,,,,,,,,,,,
gennem,daily,9.0,2.0,alle,2020,154.0,154.0,1.0,0.0,-0.1885227823052591,-0.3100793473865322,-0.5092532544887662,-0.1109054402842981,33.76623376623377,26.77309182760858,41.54955269584369,33.76623376623377,26.77309182760858,41.54955269584369,15.584415584415584,62.98701298701299,21.428571428571427,,,,,,,,,,,,,,,,,,,,,,,,,,,,,,,,,,,,,,,,,,,,,,,,,,,,,,,,,,,,,,,,
gennem,daily,9.0,2.0,alle,2021,144.0,144.0,0.0,0.0,0.10991350946270818,0.016888137871421266,-0.17936551861634767,0.2131417943591902,50.69444444444444,42.61743705804492,58.735363445923085,50.0,41.94027960425476,58.05972039574524,16.666666666666668,42.361111111111114,40.97222222222222,,,,,,,,,,,,,,,,,,,,,,,,,,,,,,,,,,,,,,,,,,,,,,,,,,,,,,,,,,,,,,,,
gennem,daily,9.0,2.0,alle,2022,100.0,100.0,0.0,0.0,-0.14079863652556393,-0.2057716808617992,-0.44618770930618273,0.034644347582584334,35.0,26.364248243097528,44.74555670311203,35.0,26.364248243097528,44.74555670311203,18.0,58.0,24.0,,,,,,,,,,,,,,,,,,,,,,,,,,,,,,,,,,,,,,,,,,,,,,,,,,,,,,,,,,,,,,,,
gennem,daily,9.0,2.0,alle,2023,126.0,126.0,0.0,0.0,-0.035914580575847566,-0.10999787190226148,-0.32006754497719647,0.1000718011726735,41.26984126984127,33.05604463322385,50.00021474662405,40.476190476190474,32.310457721717,49.20546160175344,17.46031746031746,51.58730158730159,30.952380952380953,,,,,,,,,,,,,,,,,,,,,,,,,,,,,,,,,,,,,,,,,,,,,,,,,,,,,,,,,,,,,,,,
gennem,4H,3.0,1.0,alle,2019,130.0,130.0,2.0,0.0,-0.06728902096226434,-0.25093980378593417,-0.43261657646550133,-0.069263031106367,46.92307692307692,38.55621518512736,55.46656365299223,45.38461538461539,37.08144208122599,53.95272617595338,40.0,45.38461538461539,14.615384615384615,,,,,,,,,,,,,,,,,,,,,,,,,,,,,,,,,,,,,,,,,,,,,,,,,,,,,,,,,,,,,,,,
gennem,4H,3.0,1.0,alle,2020,135.0,135.0,1.0,0.0,-0.09687816161569923,-0.18987895580835215,-0.3601647219548795,-0.0195931896618248,45.925925925925924,37.74869237107815,54.328602052768346,45.925925925925924,37.74869237107815,54.328602052768346,40.74074074074074,50.370370370370374,8.88888888888889,,,,,,,,,,,,,,,,,,,,,,,,,,,,,,,,,,,,,,,,,,,,,,,,,,,,,,,,,,,,,,,,
gennem,4H,3.0,1.0,alle,2021,110.0,110.0,0.0,0.0,0.059368954525719164,-0.04691600528203914,-0.22987528185913786,0.13604327129505955,54.54545454545455,45.24405818800455,63.54008785473941,52.72727272727273,43.46369434623868,61.80679327940769,43.63636363636363,39.09090909090909,17.272727272727273,,,,,,,,,,,,,,,,,,,,,,,,,,,,,,,,,,,,,,,,,,,,,,,,,,,,,,,,,,,,,,,,
gennem,4H,3.0,1.0,alle,2022,75.0,75.0,0.0,0.0,0.009548771327325276,-0.04445659776910605,-0.2765990196682604,0.18768582413004828,50.666666666666664,39.59837845781367,61.669989752209275,50.666666666666664,39.59837845781367,61.669989752209275,46.666666666666664,46.666666666666664,6.666666666666667,,,,,,,,,,,,,,,,,,,,,,,,,,,,,,,,,,,,,,,,,,,,,,,,,,,,,,,,,,,,,,,,
gennem,4H,3.0,1.0,alle,2023,109.0,109.0,0.0,0.0,-0.02581212372739732,-0.09544131586686748,-0.27353118609925803,0.08264855436552308,49.54128440366973,40.331906413255034,58.781894480094806,49.54128440366973,40.331906413255034,58.781894480094806,40.36697247706422,43.11926605504587,16.513761467889907,,,,,,,,,,,,,,,,,,,,,,,,,,,,,,,,,,,,,,,,,,,,,,,,,,,,,,,,,,,,,,,,
gennem,4H,3.0,2.0,alle,2019,130.0,130.0,1.0,0.0,-0.16127994323199657,-0.34493072605566644,-0.5476453044698846,-0.1422161476414483,36.92307692307692,29.11386855184367,45.482941510164544,36.15384615384615,28.402063047397718,44.70044172414038,13.846153846153847,53.84615384615385,32.30769230769231,,,,,,,,,,,,,,,,,,,,,,,,,,,,,,,,,,,,,,,,,,,,,,,,,,,,,,,,,,,,,,,,
gennem,4H,3.0,2.0,alle,2020,135.0,135.0,0.0,0.0,-0.2025798673025193,-0.2955806614951722,-0.5000048699867929,-0.09115645300355152,31.85185185185185,24.5880599268503,40.11988796119319,31.85185185185185,24.5880599268503,40.11988796119319,14.074074074074074,62.96296296296296,22.962962962962962,,,,,,,,,,,,,,,,,,,,,,,,,,,,,,,,,,,,,,,,,,,,,,,,,,,,,,,,,,,,,,,,
gennem,4H,3.0,2.0,alle,2021,110.0,110.0,0.0,0.0,0.028724552017113134,-0.0775604077906452,-0.30006225843613243,0.144941442854842,45.45454545454545,36.45991214526058,54.755941811995434,44.54545454545455,35.597712785236766,53.861311963470456,14.545454545454545,47.27272727272727,38.18181818181818,,,,,,,,,,,,,,,,,,,,,,,,,,,,,,,,,,,,,,,,,,,,,,,,,,,,,,,,,,,,,,,,
gennem,4H,3.0,2.0,alle,2022,75.0,75.0,0.0,0.0,0.004575098555625727,-0.04943027054080559,-0.3434833855238354,0.24462284444222418,38.666666666666664,28.4552171134325,49.98252331617777,38.666666666666664,28.4552171134325,49.98252331617777,21.333333333333332,54.666666666666664,24.0,,,,,,,,,,,,,,,,,,,,,,,,,,,,,,,,,,,,,,,,,,,,,,,,,,,,,,,,,,,,,,,,
gennem,4H,3.0,2.0,alle,2023,109.0,109.0,0.0,0.0,-0.04862365320160741,-0.11825284534107755,-0.34232530672628364,0.10581961604412854,40.36697247706422,31.636435348787163,49.75338341155947,39.44954128440367,30.783908937791143,48.83351160925517,18.34862385321101,51.37614678899082,30.275229357798164,,,,,,,,,,,,,,,,,,,,,,,,,,,,,,,,,,,,,,,,,,,,,,,,,,,,,,,,,,,,,,,,
gennem,4H,5.0,1.0,alle,2019,140.0,140.0,2.0,0.0,-0.09362119707483559,-0.2604707660569774,-0.4306810251857614,-0.09026050692819337,45.714285714285715,37.68699173117245,53.97048998627966,44.285714285714285,36.31940800457251,52.55723428536364,38.57142857142857,46.42857142857143,15.0,,,,,,,,,,,,,,,,,,,,,,,,,,,,,,,,,,,,,,,,,,,,,,,,,,,,,,,,,,,,,,,,
gennem,4H,5.0,1.0,alle,2020,150.0,150.0,1.0,0.0,-0.12653003623156625,-0.21841629692883002,-0.37971217624391457,-0.05712041761374548,44.666666666666664,36.94280104150947,52.656881565083346,44.666666666666664,36.94280104150947,52.656881565083346,40.0,52.666666666666664,7.333333333333333,,,,,,,,,,,,,,,,,,,,,,,,,,,,,,,,,,,,,,,,,,,,,,,,,,,,,,,,,,,,,,,,
gennem,4H,5.0,1.0,alle,2021,134.0,134.0,0.0,0.0,0.11310124160468793,0.0015615772792560492,-0.16676351423138067,0.16988666878989275,56.71641791044776,48.25581534110977,64.80266514364381,55.223880597014926,46.7757456128161,63.38085031977003,47.014925373134325,36.56716417910448,16.417910447761194,,,,,,,,,,,,,,,,,,,,,,,,,,,,,,,,,,,,,,,,,,,,,,,,,,,,,,,,,,,,,,,,
gennem,4H,5.0,1.0,alle,2022,90.0,90.0,0.0,0.0,0.006681352523725318,-0.0453589178365271,-0.25519344569865243,0.16447561002559824,50.0,39.88372282354734,60.11627717645266,50.0,39.88372282354734,60.11627717645266,46.666666666666664,46.666666666666664,6.666666666666667,,,,,,,,,,,,,,,,,,,,,,,,,,,,,,,,,,,,,,,,,,,,,,,,,,,,,,,,,,,,,,,,
gennem,4H,5.0,1.0,alle,2023,120.0,120.0,0.0,0.0,-0.0691928674842077,-0.1376325003290812,-0.30482904455433146,0.029564043896169068,48.333333333333336,39.583644301054434,57.18641958700792,48.333333333333336,39.583644301054434,57.18641958700792,37.5,45.0,17.5,,,,,,,,,,,,,,,,,,,,,,,,,,,,,,,,,,,,,,,,,,,,,,,,,,,,,,,,,,,,,,,,
gennem,4H,5.0,2.0,alle,2019,140.0,140.0,1.0,0.0,-0.18155535885232776,-0.3484049278344696,-0.5413173939109716,-0.15549246175796763,35.714285714285715,28.25610827114282,43.93549745369755,35.0,27.595653505679387,43.205532505403,14.285714285714286,55.0,30.714285714285715,,,,,,,,,,,,,,,,,,,,,,,,,,,,,,,,,,,,,,,,,,,,,,,,,,,,,,,,,,,,,,,,
gennem,4H,5.0,2.0,alle,2020,150.0,150.0,0.0,0.0,-0.17842609289040412,-0.2703123535876679,-0.46870266397008387,-0.07192204320525195,32.666666666666664,25.675821341194332,40.523147130232324,32.666666666666664,25.675821341194332,40.523147130232324,16.0,63.333333333333336,20.666666666666668,,,,,,,,,,,,,,,,,,,,,,,,,,,,,,,,,,,,,,,,,,,,,,,,,,,,,,,,,,,,,,,,
gennem,4H,5.0,2.0,alle,2021,134.0,134.0,0.0,0.0,0.13286685662945416,0.021327192304022285,-0.18958742258003164,0.2322418071880762,48.507462686567166,40.20571693250764,56.892398515324906,47.76119402985075,39.484767990661,56.162405181087806,19.402985074626866,44.02985074626866,36.56716417910448,,,,,,,,,,,,,,,,,,,,,,,,,,,,,,,,,,,,,,,,,,,,,,,,,,,,,,,,,,,,,,,,
gennem,4H,5.0,2.0,alle,2022,90.0,90.0,0.0,0.0,-0.06698091290975021,-0.11902118327000268,-0.37819538241313116,0.14015301587312584,36.666666666666664,27.447254779029883,46.977695236018825,36.666666666666664,27.447254779029883,46.977695236018825,18.88888888888889,56.666666666666664,24.444444444444443,,,,,,,,,,,,,,,,,,,,,,,,,,,,,,,,,,,,,,,,,,,,,,,,,,,,,,,,,,,,,,,,
gennem,4H,5.0,2.0,alle,2023,120.0,120.0,0.0,0.0,-0.10764945336975384,-0.17608908621462732,-0.3813920172876635,0.029213844858408805,39.166666666666664,30.899196972332565,48.10621830007269,38.333333333333336,30.124527754856906,47.26591946157953,16.666666666666668,52.5,30.833333333333332,,,,,,,,,,,,,,,,,,,,,,,,,,,,,,,,,,,,,,,,,,,,,,,,,,,,,,,,,,,,,,,,
gennem,4H,9.0,1.0,alle,2019,147.0,147.0,2.0,0.0,-0.09024965797699606,-0.24945208655299708,-0.41464321674167115,-0.08426095636432299,46.93877551020408,39.05215221081391,54.981318381181424,44.89795918367347,37.08930805274901,52.96647626724318,37.414965986394556,46.25850340136054,16.3265306122449,,,,,,,,,,,,,,,,,,,,,,,,,,,,,,,,,,,,,,,,,,,,,,,,,,,,,,,,,,,,,,,,
gennem,4H,9.0,1.0,alle,2020,163.0,163.0,3.0,0.0,-0.11712371636185813,-0.20348585148012507,-0.3575414429738488,-0.0494302599864013,45.39877300613497,37.94923447970671,53.06019440803718,44.785276073619634,37.35883294789114,52.45185312488528,39.877300613496935,51.533742331288344,8.588957055214724,,,,,,,,,,,,,,,,,,,,,,,,,,,,,,,,,,,,,,,,,,,,,,,,,,,,,,,,,,,,,,,,
gennem,4H,9.0,1.0,alle,2021,147.0,147.0,0.0,0.0,0.10876647703604066,-0.010024160326340086,-0.17366596138623222,0.15361764073355202,56.46258503401361,48.3840521728385,64.2119543551714,55.10204081632653,47.03352373275681,62.91069194725098,47.61904761904762,37.414965986394556,14.965986394557824,,,,,,,,,,,,,,,,,,,,,,,,,,,,,,,,,,,,,,,,,,,,,,,,,,,,,,,,,,,,,,,,
gennem,4H,9.0,1.0,alle,2022,99.0,99.0,1.0,0.0,-0.04126492634025485,-0.090495577076873,-0.28833454496747635,0.10734339081373032,48.484848484848484,38.88222679365345,58.20066172776421,48.484848484848484,38.88222679365345,58.20066172776421,43.43434343434343,48.484848484848484,8.080808080808081,,,,,,,,,,,,,,,,,,,,,,,,,,,,,,,,,,,,,,,,,,,,,,,,,,,,,,,,,,,,,,,,
gennem,4H,9.0,1.0,alle,2023,128.0,128.0,0.0,0.0,-0.08538979830530206,-0.15492939936371558,-0.3187114458308053,0.008852647103374134,47.65625,39.198872606581446,56.250206875950624,47.65625,39.198872606581446,56.250206875950624,37.5,46.875,15.625,,,,,,,,,,,,,,,,,,,,,,,,,,,,,,,,,,,,,,,,,,,,,,,,,,,,,,,,,,,,,,,,
gennem,4H,9.0,2.0,alle,2019,147.0,147.0,1.0,0.0,-0.17592618204235108,-0.3351286106183522,-0.5193306113585646,-0.1509266098781398,38.095238095238095,30.64278319496243,46.154046885019326,36.734693877551024,29.37187530585558,44.773163926124106,12.92517006802721,53.74149659863946,33.333333333333336,,,,,,,,,,,,,,,,,,,,,,,,,,,,,,,,,,,,,,,,,,,,,,,,,,,,,,,,,,,,,,,,
gennem,4H,9.0,2.0,alle,2020,163.0,163.0,1.0,0.0,-0.17407887420856885,-0.2604410093268357,-0.4475928575278581,-0.07328916112581335,33.74233128834356,26.9322328847997,41.30108251856204,33.12883435582822,26.36475021143895,40.66982237695531,15.337423312883436,61.96319018404908,22.699386503067483,,,,,,,,,,,,,,,,,,,,,,,,,,,,,,,,,,,,,,,,,,,,,,,,,,,,,,,,,,,,,,,,
gennem,4H,9.0,2.0,alle,2021,147.0,147.0,0.0,0.0,0.10633517257309247,-0.012455464789288275,-0.21608261127835307,0.19117168169977652,46.93877551020408,39.05215221081391,54.981318381181424,46.25850340136054,38.396417916305026,54.31115725168926,19.727891156462587,45.57823129251701,34.69387755102041,,,,,,,,,,,,,,,,,,,,,,,,,,,,,,,,,,,,,,,,,,,,,,,,,,,,,,,,,,,,,,,,
gennem,4H,9.0,2.0,alle,2022,99.0,99.0,0.0,0.0,-0.1133683121422067,-0.1625989628788248,-0.4031545363400186,0.07795661058236897,36.36363636363637,27.561895587854657,46.184101104904286,36.36363636363637,27.561895587854657,46.184101104904286,17.171717171717173,57.57575757575758,25.252525252525253,,,,,,,,,,,,,,,,,,,,,,,,,,,,,,,,,,,,,,,,,,,,,,,,,,,,,,,,,,,,,,,,
gennem,4H,9.0,2.0,alle,2023,128.0,128.0,0.0,0.0,-0.10955861784070411,-0.17909821889911764,-0.3804750993627639,0.02227866156452865,39.0625,31.047019100495767,47.71535181798723,38.28125,30.31862585769025,46.9267715549701,17.1875,53.90625,28.90625,,,,,,,,,,,,,,,,,,,,,,,,,,,,,,,,,,,,,,,,,,,,,,,,,,,,,,,,,,,,,,,,
gennem,daily,3.0,1.0,long_mod_short,2019-2023,,,,,,,,,,,,,,,,,,,,,,,,,,,338.0,195.0,-0.0769546672988348,-0.19987651541682,0.1229218481179852,-0.054724358062629486,0.3005680542985999,,,,,,,,,,,,,,,,,,,,,,,,,,,,,,,,,,,,,,,,,,,,,,,,
gennem,daily,3.0,2.0,long_mod_short,2019-2023,,,,,,,,,,,,,,,,,,,,,,,,,,,338.0,195.0,-0.10704884475435265,-0.20336438032131018,0.09631553556695753,-0.12303786466819215,0.3156689358021072,,,,,,,,,,,,,,,,,,,,,,,,,,,,,,,,,,,,,,,,,,,,,,,,
gennem,daily,5.0,1.0,long_mod_short,2019-2023,,,,,,,,,,,,,,,,,,,,,,,,,,,394.0,217.0,-0.10083893805740861,-0.21957404977738748,0.11873511171997887,-0.048088116183147664,0.2855583396231054,,,,,,,,,,,,,,,,,,,,,,,,,,,,,,,,,,,,,,,,,,,,,,,,
gennem,daily,5.0,2.0,long_mod_short,2019-2023,,,,,,,,,,,,,,,,,,,,,,,,,,,394.0,217.0,-0.11893987735844876,-0.23915800399359416,0.1202181266351454,-0.08519052631587005,0.3256267795861609,,,,,,,,,,,,,,,,,,,,,,,,,,,,,,,,,,,,,,,,,,,,,,,,
gennem,daily,9.0,1.0,long_mod_short,2019-2023,,,,,,,,,,,,,,,,,,,,,,,,,,,425.0,234.0,-0.10770963806370891,-0.2294701595544229,0.121760521490714,-0.0383928052833135,0.2819138482647415,,,,,,,,,,,,,,,,,,,,,,,,,,,,,,,,,,,,,,,,,,,,,,,,
gennem,daily,9.0,2.0,long_mod_short,2019-2023,,,,,,,,,,,,,,,,,,,,,,,,,,,425.0,234.0,-0.11139558305751815,-0.25085571445343585,0.1394601313959177,-0.056504505894606594,0.335424768686442,,,,,,,,,,,,,,,,,,,,,,,,,,,,,,,,,,,,,,,,,,,,,,,,
gennem,4H,3.0,1.0,long_mod_short,2019-2023,,,,,,,,,,,,,,,,,,,,,,,,,,,345.0,214.0,-0.11489898939067619,-0.17529808892388557,0.06039909953320938,-0.10923132643399908,0.23002952550041783,,,,,,,,,,,,,,,,,,,,,,,,,,,,,,,,,,,,,,,,,,,,,,,,
gennem,4H,3.0,2.0,long_mod_short,2019-2023,,,,,,,,,,,,,,,,,,,,,,,,,,,345.0,214.0,-0.21426284272020343,-0.16800083289870807,-0.046262009821495365,-0.25401809071989934,0.16149407107690864,,,,,,,,,,,,,,,,,,,,,,,,,,,,,,,,,,,,,,,,,,,,,,,,
gennem,4H,5.0,1.0,long_mod_short,2019-2023,,,,,,,,,,,,,,,,,,,,,,,,,,,395.0,239.0,-0.11496414841701463,-0.18496428640978008,0.07000013799276544,-0.08892502898234117,0.22892530496787206,,,,,,,,,,,,,,,,,,,,,,,,,,,,,,,,,,,,,,,,,,,,,,,,
gennem,4H,5.0,2.0,long_mod_short,2019-2023,,,,,,,,,,,,,,,,,,,,,,,,,,,395.0,239.0,-0.16903997806106283,-0.215638094862647,0.04659811680158418,-0.1482167300717572,0.24141296367492557,,,,,,,,,,,,,,,,,,,,,,,,,,,,,,,,,,,,,,,,,,,,,,,,
gennem,4H,9.0,1.0,long_mod_short,2019-2023,,,,,,,,,,,,,,,,,,,,,,,,,,,424.0,260.0,-0.11645210017557249,-0.1950982186817163,0.07864611850614382,-0.07407647336312932,0.23136871037541695,,,,,,,,,,,,,,,,,,,,,,,,,,,,,,,,,,,,,,,,,,,,,,,,
gennem,4H,9.0,2.0,long_mod_short,2019-2023,,,,,,,,,,,,,,,,,,,,,,,,,,,424.0,260.0,-0.16713665321435417,-0.2373179691784689,0.07018131596411473,-0.11494025346954331,0.2553028853977728,,,,,,,,,,,,,,,,,,,,,,,,,,,,,,,,,,,,,,,,,,,,,,,,
gennem,daily,3.0,1.0,strejf,2019-2023,,,,,,,,,,,,,,,,,,,,,,,,,,,,,,,,,,8.0,0.29331295095537846,,,,,,,,,,,,,,,,,,,,,,,,,,,,,,,,,,,,,,,,,,,,,,
gennem,daily,3.0,2.0,strejf,2019-2023,,,,,,,,,,,,,,,,,,,,,,,,,,,,,,,,,,8.0,0.3825670671781354,,,,,,,,,,,,,,,,,,,,,,,,,,,,,,,,,,,,,,,,,,,,,,
gennem,daily,5.0,1.0,strejf,2019-2023,,,,,,,,,,,,,,,,,,,,,,,,,,,,,,,,,,6.0,0.7202560722386006,,,,,,,,,,,,,,,,,,,,,,,,,,,,,,,,,,,,,,,,,,,,,,
gennem,daily,5.0,2.0,strejf,2019-2023,,,,,,,,,,,,,,,,,,,,,,,,,,,,,,,,,,6.0,0.5598127718438635,,,,,,,,,,,,,,,,,,,,,,,,,,,,,,,,,,,,,,,,,,,,,,
gennem,daily,9.0,1.0,strejf,2019-2023,,,,,,,,,,,,,,,,,,,,,,,,,,,,,,,,,,6.0,0.3745100416794824,,,,,,,,,,,,,,,,,,,,,,,,,,,,,,,,,,,,,,,,,,,,,,
gennem,daily,9.0,2.0,strejf,2019-2023,,,,,,,,,,,,,,,,,,,,,,,,,,,,,,,,,,6.0,0.7179443851138259,,,,,,,,,,,,,,,,,,,,,,,,,,,,,,,,,,,,,,,,,,,,,,
gennem,4H,3.0,1.0,strejf,2019-2023,,,,,,,,,,,,,,,,,,,,,,,,,,,,,,,,,,7.0,0.5403917495621711,,,,,,,,,,,,,,,,,,,,,,,,,,,,,,,,,,,,,,,,,,,,,,
gennem,4H,3.0,2.0,strejf,2019-2023,,,,,,,,,,,,,,,,,,,,,,,,,,,,,,,,,,7.0,0.4983586734153337,,,,,,,,,,,,,,,,,,,,,,,,,,,,,,,,,,,,,,,,,,,,,,
gennem,4H,5.0,1.0,strejf,2019-2023,,,,,,,,,,,,,,,,,,,,,,,,,,,,,,,,,,6.0,0.6960063268859141,,,,,,,,,,,,,,,,,,,,,,,,,,,,,,,,,,,,,,,,,,,,,,
gennem,4H,5.0,2.0,strejf,2019-2023,,,,,,,,,,,,,,,,,,,,,,,,,,,,,,,,,,6.0,0.6921286830568335,,,,,,,,,,,,,,,,,,,,,,,,,,,,,,,,,,,,,,,,,,,,,,
gennem,4H,9.0,1.0,strejf,2019-2023,,,,,,,,,,,,,,,,,,,,,,,,,,,,,,,,,,4.0,0.18343188834046098,,,,,,,,,,,,,,,,,,,,,,,,,,,,,,,,,,,,,,,,,,,,,,
gennem,4H,9.0,2.0,strejf,2019-2023,,,,,,,,,,,,,,,,,,,,,,,,,,,,,,,,,,4.0,0.433431888340461,,,,,,,,,,,,,,,,,,,,,,,,,,,,,,,,,,,,,,,,,,,,,,
optaelling,daily,3.0,1.0,,,533.0,533.0,,,,,,,,,,,,,,,,,,,,,,,,,,,,,,,,8.0,,uden_vaege,gennem,1788.0,45.07829977628635,1202.0,65.0,582.0,0.0,22.0,586.0,0.15038468252854748,0.1077022705455898,301.0,True,,,,,,,,,,,,,,,,,,,,,,,,,,,,,,,,
optaelling,daily,3.0,2.0,,,533.0,533.0,,,,,,,,,,,,,,,,,,,,,,,,,,,,,,,,8.0,,uden_vaege,gennem,1788.0,45.07829977628635,1202.0,65.0,582.0,0.0,22.0,586.0,0.21264394109536608,0.15229101055146396,603.0,False,,,,,,,,,,,,,,,,,,,,,,,,,,,,,,,,
optaelling,daily,3.0,1.0,,,539.0,539.0,,,,,,,,,,,,,,,,,,,,,,,,,,,,,,,,0.0,,uden_vaege,beroering,1788.0,46.364653243847876,1197.0,65.0,571.0,0.0,22.0,591.0,0.1495453196056482,0.10710113689894417,301.0,True,,,,,,,,,,,,,,,,,,,,,,,,,,,,,,,,
optaelling,daily,3.0,2.0,,,539.0,539.0,,,,,,,,,,,,,,,,,,,,,,,,,,,,,,,,0.0,,uden_vaege,beroering,1788.0,46.364653243847876,1197.0,65.0,571.0,0.0,22.0,591.0,0.21145708192238655,0.15144100757510703,603.0,False,,,,,,,,,,,,,,,,,,,,,,,,,,,,,,,,
optaelling,daily,5.0,1.0,,,611.0,611.0,,,,,,,,,,,,,,,,,,,,,,,,,,,,,,,,6.0,,uden_vaege,gennem,1788.0,54.25055928411633,1146.0,102.0,404.0,0.0,29.0,642.0,0.14045803964232048,0.10059302271684951,301.0,True,,,,,,,,,,,,,,,,,,,,,,,,,,,,,,,,
optaelling,daily,5.0,2.0,,,611.0,611.0,,,,,,,,,,,,,,,,,,,,,,,,,,,,,,,,6.0,,uden_vaege,gennem,1788.0,54.25055928411633,1146.0,102.0,404.0,0.0,29.0,642.0,0.19860766805424113,0.1422385341216252,603.0,True,,,,,,,,,,,,,,,,,,,,,,,,,,,,,,,,
optaelling,daily,5.0,1.0,,,615.0,615.0,,,,,,,,,,,,,,,,,,,,,,,,,,,,,,,,0.0,,uden_vaege,beroering,1788.0,55.48098434004475,1140.0,102.0,394.0,0.0,29.0,648.0,0.14000052038230812,0.10026535727717074,301.0,True,,,,,,,,,,,,,,,,,,,,,,,,,,,,,,,,
optaelling,daily,5.0,2.0,,,615.0,615.0,,,,,,,,,,,,,,,,,,,,,,,,,,,,,,,,0.0,,uden_vaege,beroering,1788.0,55.48098434004475,1140.0,102.0,394.0,0.0,29.0,648.0,0.19796073582058366,0.14177521518991942,603.0,True,,,,,,,,,,,,,,,,,,,,,,,,,,,,,,,,
optaelling,daily,9.0,1.0,,,659.0,659.0,,,,,,,,,,,,,,,,,,,,,,,,,,,,,,,,6.0,,uden_vaege,gennem,1788.0,61.521252796420576,1102.0,144.0,258.0,0.0,41.0,686.0,0.13524602215911355,0.09686028805513863,301.0,True,,,,,,,,,,,,,,,,,,,,,,,,,,,,,,,,
optaelling,daily,9.0,2.0,,,659.0,659.0,,,,,,,,,,,,,,,,,,,,,,,,,,,,,,,,6.0,,uden_vaege,gennem,1788.0,61.521252796420576,1102.0,144.0,258.0,0.0,41.0,686.0,0.19123787533298653,0.136960447309966,603.0,True,,,,,,,,,,,,,,,,,,,,,,,,,,,,,,,,
optaelling,daily,9.0,1.0,,,660.0,660.0,,,,,,,,,,,,,,,,,,,,,,,,,,,,,,,,0.0,,uden_vaege,beroering,1788.0,62.58389261744966,1096.0,143.0,252.0,0.0,41.0,692.0,0.13514352421171957,0.09678688123288134,301.0,True,,,,,,,,,,,,,,,,,,,,,,,,,,,,,,,,
optaelling,daily,9.0,2.0,,,660.0,660.0,,,,,,,,,,,,,,,,,,,,,,,,,,,,,,,,0.0,,uden_vaege,beroering,1788.0,62.58389261744966,1096.0,143.0,252.0,0.0,41.0,692.0,0.19109294323537146,0.1368566500632942,603.0,True,,,,,,,,,,,,,,,,,,,,,,,,,,,,,,,,
optaelling,4H,3.0,1.0,,,559.0,559.0,,,,,,,,,,,,,,,,,,,,,,,,,,,,,,,,7.0,,uden_vaege,gennem,1844.0,45.98698481561822,1210.0,66.0,568.0,2.0,15.0,634.0,0.1468457236874645,0.10516774444796234,301.0,True,,,,,,,,,,,,,,,,,,,,,,,,,,,,,,,,
optaelling,4H,3.0,2.0,,,559.0,559.0,,,,,,,,,,,,,,,,,,,,,,,,,,,,,,,,7.0,,uden_vaege,gennem,1844.0,45.98698481561822,1210.0,66.0,568.0,2.0,15.0,634.0,0.20763985329407478,0.14870719064941873,603.0,False,,,,,,,,,,,,,,,,,,,,,,,,,,,,,,,,
optaelling,4H,3.0,1.0,,,565.0,565.0,,,,,,,,,,,,,,,,,,,,,,,,,,,,,,,,0.0,,uden_vaege,beroering,1844.0,47.34273318872017,1207.0,66.0,559.0,2.0,15.0,637.0,0.14606393078411314,0.10460784120933705,301.0,True,,,,,,,,,,,,,,,,,,,,,,,,,,,,,,,,
optaelling,4H,3.0,2.0,,,565.0,565.0,,,,,,,,,,,,,,,,,,,,,,,,,,,,,,,,0.0,,uden_vaege,beroering,1844.0,47.34273318872017,1207.0,66.0,559.0,2.0,15.0,637.0,0.20653439812873595,0.14791548747000258,603.0,False,,,,,,,,,,,,,,,,,,,,,,,,,,,,,,,,
optaelling,4H,5.0,1.0,,,634.0,634.0,,,,,,,,,,,,,,,,,,,,,,,,,,,,,,,,6.0,,uden_vaege,gennem,1844.0,55.36876355748374,1154.0,99.0,394.0,3.0,24.0,690.0,0.13788676382170978,0.09875153035590926,301.0,True,,,,,,,,,,,,,,,,,,,,,,,,,,,,,,,,
optaelling,4H,5.0,2.0,,,634.0,634.0,,,,,,,,,,,,,,,,,,,,,,,,,,,,,,,,6.0,,uden_vaege,gennem,1844.0,55.36876355748374,1154.0,99.0,394.0,3.0,24.0,690.0,0.19497188404389762,0.1396346639232557,603.0,True,,,,,,,,,,,,,,,,,,,,,,,,,,,,,,,,
optaelling,4H,5.0,1.0,,,638.0,638.0,,,,,,,,,,,,,,,,,,,,,,,,,,,,,,,,0.0,,uden_vaege,beroering,1844.0,56.61605206073753,1148.0,99.0,384.0,3.0,24.0,696.0,0.1374538372779936,0.09844147768994817,301.0,True,,,,,,,,,,,,,,,,,,,,,,,,,,,,,,,,
optaelling,4H,5.0,2.0,,,638.0,638.0,,,,,,,,,,,,,,,,,,,,,,,,,,,,,,,,0.0,,uden_vaege,beroering,1844.0,56.61605206073753,1148.0,99.0,384.0,3.0,24.0,696.0,0.19435972591108291,0.1391962494535867,603.0,True,,,,,,,,,,,,,,,,,,,,,,,,,,,,,,,,
optaelling,4H,9.0,1.0,,,684.0,684.0,,,,,,,,,,,,,,,,,,,,,,,,,,,,,,,,4.0,,uden_vaege,gennem,1844.0,63.34056399132321,1106.0,141.0,243.0,3.0,35.0,738.0,0.13275141440420057,0.0950737037115253,301.0,True,,,,,,,,,,,,,,,,,,,,,,,,,,,,,,,,
optaelling,4H,9.0,2.0,,,684.0,684.0,,,,,,,,,,,,,,,,,,,,,,,,,,,,,,,,4.0,,uden_vaege,gennem,1844.0,63.34056399132321,1106.0,141.0,243.0,3.0,35.0,738.0,0.18771049996753958,0.13443421704809677,603.0,True,,,,,,,,,,,,,,,,,,,,,,,,,,,,,,,,
optaelling,4H,9.0,1.0,,,685.0,685.0,,,,,,,,,,,,,,,,,,,,,,,,,,,,,,,,0.0,,uden_vaege,beroering,1844.0,64.31670281995662,1101.0,140.0,238.0,3.0,35.0,743.0,0.13265448017119155,0.09500428150167567,301.0,True,,,,,,,,,,,,,,,,,,,,,,,,,,,,,,,,
optaelling,4H,9.0,2.0,,,685.0,685.0,,,,,,,,,,,,,,,,,,,,,,,,,,,,,,,,0.0,,uden_vaege,beroering,1844.0,64.31670281995662,1101.0,140.0,238.0,3.0,35.0,743.0,0.18757343496206483,0.1343360540433694,603.0,True,,,,,,,,,,,,,,,,,,,,,,,,,,,,,,,,
optaelling,daily,3.0,,,,674.0,674.0,,,,,,,,,,,,,,,,,,,,,,,,,,,,,,,,,,N_alm_rep0,gennem,1788.0,63.702460850111855,1078.0,45.0,346.0,0.0,13.0,710.0,,,,,,,,,,,,,,,,,,,,,,,,,,,,,,,,,,,,
optaelling,daily,3.0,,,,682.0,682.0,,,,,,,,,,,,,,,,,,,,,,,,,,,,,,,,,,N_alm_rep0,beroering,1788.0,65.54809843400447,1069.0,41.0,333.0,0.0,13.0,719.0,,,,,,,,,,,,,,,,,,,,,,,,,,,,,,,,,,,,
optaelling,daily,5.0,,,,700.0,700.0,,,,,,,,,,,,,,,,,,,,,,,,,,,,,,,,,,N_alm_rep0,gennem,1788.0,69.51901565995526,1033.0,60.0,259.0,0.0,14.0,755.0,,,,,,,,,,,,,,,,,,,,,,,,,,,,,,,,,,,,
optaelling,daily,5.0,,,,706.0,706.0,,,,,,,,,,,,,,,,,,,,,,,,,,,,,,,,,,N_alm_rep0,beroering,1788.0,70.80536912751678,1027.0,55.0,252.0,0.0,14.0,761.0,,,,,,,,,,,,,,,,,,,,,,,,,,,,,,,,,,,,
optaelling,daily,9.0,,,,727.0,727.0,,,,,,,,,,,,,,,,,,,,,,,,,,,,,,,,,,N_alm_rep0,gennem,1788.0,74.3847874720358,998.0,79.0,169.0,0.0,23.0,790.0,,,,,,,,,,,,,,,,,,,,,,,,,,,,,,,,,,,,
optaelling,daily,9.0,,,,733.0,733.0,,,,,,,,,,,,,,,,,,,,,,,,,,,,,,,,,,N_alm_rep0,beroering,1788.0,75.78299776286353,989.0,72.0,162.0,0.0,22.0,799.0,,,,,,,,,,,,,,,,,,,,,,,,,,,,,,,,,,,,
optaelling,4H,3.0,,,,672.0,672.0,,,,,,,,,,,,,,,,,,,,,,,,,,,,,,,,,,N_alm_rep0,gennem,1844.0,64.47939262472885,1055.0,32.0,334.0,1.0,16.0,789.0,,,,,,,,,,,,,,,,,,,,,,,,,,,,,,,,,,,,
optaelling,4H,3.0,,,,677.0,677.0,,,,,,,,,,,,,,,,,,,,,,,,,,,,,,,,,,N_alm_rep0,beroering,1844.0,65.94360086767897,1044.0,28.0,322.0,1.0,16.0,800.0,,,,,,,,,,,,,,,,,,,,,,,,,,,,,,,,,,,,
optaelling,4H,5.0,,,,713.0,713.0,,,,,,,,,,,,,,,,,,,,,,,,,,,,,,,,,,N_alm_rep0,gennem,1844.0,70.28199566160521,1031.0,52.0,245.0,1.0,20.0,813.0,,,,,,,,,,,,,,,,,,,,,,,,,,,,,,,,,,,,
optaelling,4H,5.0,,,,719.0,719.0,,,,,,,,,,,,,,,,,,,,,,,,,,,,,,,,,,N_alm_rep0,beroering,1844.0,71.58351409978309,1020.0,47.0,233.0,1.0,20.0,824.0,,,,,,,,,,,,,,,,,,,,,,,,,,,,,,,,,,,,
optaelling,4H,9.0,,,,738.0,738.0,,,,,,,,,,,,,,,,,,,,,,,,,,,,,,,,,,N_alm_rep0,gennem,1844.0,75.37960954446855,999.0,72.0,165.0,1.0,23.0,845.0,,,,,,,,,,,,,,,,,,,,,,,,,,,,,,,,,,,,
optaelling,4H,9.0,,,,740.0,740.0,,,,,,,,,,,,,,,,,,,,,,,,,,,,,,,,,,N_alm_rep0,beroering,1844.0,76.46420824295011,988.0,67.0,157.0,1.0,23.0,856.0,,,,,,,,,,,,,,,,,,,,,,,,,,,,,,,,,,,,
optaelling,daily,,,,,,,,,,,,,,,,,,,,,,,,,,,,,,,,,,,,,,,,signaler,,1788.0,,,,,,,,,,,,3678.0,119.0,1730.0,8.0,0.0,33.0,1244.0,544.0,820.0,,,,,,,,,,,,,,,,,,,,,,,
optaelling,daily,,,,,,,,,,,,,,,,,,,,,,,,,,,,,,,,,,,,,,,,trend,,,,,,,,,,,,,,,,,,,,,,,1173.0,58.226768968456945,58.03997452014952,40.32395566922421,40.509356633775226,1.4492753623188406,1.4506688460752617,0.0,,,,,,,,,,,,,,,
optaelling,daily,,,,,,,,,,,,,,,,,,,,,,,,,,,,,,,,,,,,,,,,sizing,,,,,,,,,,,,,,,,,,,,,,,,,,,,,,,4.25,20.0,66.64999999999998,0.065675,0.3090588235294117,6.0,50.0,79.0,53.28375,35.522499999999994,,,,,
optaelling,daily,,,,,,,,,,,,,,,,,,,,,,,,,,,,,,,,,,,,,,,,N_alm_matching,,1788.0,,,,,,,,,,,,,,,,,,,,820.0,,,,,,,,,,,,,,,,,,,34620.0,820.0,0.0,0.0,1788.0
optaelling,4H,,,,,,,,,,,,,,,,,,,,,,,,,,,,,,,,,,,,,,,,signaler,,1844.0,,,,,,,,,,,,3678.0,24.0,1773.0,9.0,0.0,28.0,1229.0,615.0,834.0,,,,,,,,,,,,,,,,,,,,,,,
optaelling,4H,,,,,,,,,,,,,,,,,,,,,,,,,,,,,,,,,,,,,,,,trend,,,,,,,,,,,,,,,,,,,,,,,1173.0,57.20375106564365,56.92463012151004,42.54049445865303,42.819369493888445,0.2557544757033248,0.25600038460151675,86.0,,,,,,,,,,,,,,,
optaelling,4H,,,,,,,,,,,,,,,,,,,,,,,,,,,,,,,,,,,,,,,,sizing,,,,,,,,,,,,,,,,,,,,,,,,,,,,,,,4.25,20.125,65.75,0.06526959876543209,0.3090588235294117,6.0,50.0,78.0,53.26347993827161,35.5089866255144,,,,,
optaelling,4H,,,,,,,,,,,,,,,,,,,,,,,,,,,,,,,,,,,,,,,,N_alm_matching,,1844.0,,,,,,,,,,,,,,,,,,,,834.0,,,,,,,,,,,,,,,,,,,35005.0,841.0,0.0,0.0,1844.0
