tabel,afgoerelse,tf,middag,raekke_8,dage_n,handler_n,handler_pr_dag_p50,middel_brutto_usd_dag,middel_netto_usd_dag,netto_ci95_lo,netto_ci95_hi,breakeven_omk_middel,breakeven_omk_CI,hit_ratio_pct_brutto,gevinst_tab_forhold,hit_ratio_pct_netto,gevinst_tab_forhold_netto,netto_usd_dag_nominelt,nominelt_ci95_lo,nominelt_ci95_hi,netto_usd_dag_ved_3169,ved_3169_ci95_lo,ved_3169_ci95_hi,sigma_dag,MDE_sidak4,MDE_CI,middel,ci95_lo,t_v,p_FWE,N_retning_p5,N_retning_p50,N_retning_p95,N_retning_med,N_retning_sd,bp_pr_handel,bp_pr_dag,handler_pr_dag_p10,handler_pr_dag_p90,holdetid_min_p10,holdetid_min_p50,holdetid_min_p90,sidste_5_usd_dag,sidste_5_ci95_lo,sidste_5_ci95_hi,sidste_5_dage_n,dag_p1,dag_p5,dag_p50,dag_p95,dag_p99,dag_vaerste,dag_bedste,intradag_tab_p1,intradag_tab_p5,intradag_tab_vaerste,bedste_dag_andel,top5pct_dage_andel,long_n,short_n,long_brutto_usd,short_brutto_usd,long_minus_short,long_minus_short_ci95_lo,long_minus_short_ci95_hi,sharpe_aar,halvtime_ny,brutto_usd_dag,aar,netto_usd_dag,ci95_hi,nominelt_usd_dag,handler_pr_dag,L_median,dag,grund,dag_netto_usd,dag_netto_usd_nominelt,optaelling,handler_pr_dag_middel,dage_uden_handel_n,omk_usd_dag,udgang_vending_n,udgang_pause_n,udgang_fladt_n,udgang_efter_rth_n,udfoert_senere_n,betingelse_ok,netto_ved_82_brutto,styrke_netto_ved_82,omk_bp_dag,omk_bp_rundtur,n_1m,rth_dage_n,udelukket_n,udelukket_hul over 5 min_n,udelukket_første bar efter 08:35 CT_n,udelukket_ingen RTH-barer_n,kortdage_n,manglende_minutter_n,dage_med_manglende_minutter_n,ruller_n,ruller_i_rth_n,rul_tider_ct,vwap_udefineret_n,lys_1m_n,close_lig_vwap_1m_n,lys_5m_n,close_lig_vwap_5m_n
hoved,hoved,1.0,hele dagen,1.0,1169.0,19151.0,15.0,81.95333977867888,38.91683250750694,-0.30175629942785065,78.13542131444173,5.0025301133766185,2.6090403746772797,17.518667432510053,5.37989646335639,16.829408385985065,5.27355992635728,-9.087833190761344,-26.083350474775944,7.9076840932532555,30.04249829022721,-9.403853492941263,69.48885007339568,684.9637068119793,61.61552558756471,56.12630266813673,38.91683250750694,-0.30175629942785065,3.8476202063970524,0.001996007984031936,-78.63994255912941,-44.06253254412026,-8.178126379231516,-44.06253254412026,21.566412639601417,,,,,,,,,,,,,,,,,,,,,,,,,,,,,,,,,,,,,,,,,,,,,,,,,,,,,,,,,,,,,,,,,,,,,,,,,,
hoved,hoved,1.0,uden middag,1.0,1169.0,14831.0,12.0,74.40065653383564,41.07213899747978,9.022371047115705,73.12190694784385,5.864362988878286,3.3244331423115545,23.902636369766032,3.672383346234539,23.154204032094935,3.5974700255536365,-2.638183917878543,-16.438907702474257,11.16253986671717,34.19963882639339,2.014734974657621,66.38454267812915,560.5089988672586,50.42027222508873,45.92841548504636,41.07213899747978,9.022371047115705,4.262306488693829,0.001996007984031936,-64.8182409378985,-32.64512967891503,-6.088502023163566,-32.64512967891503,17.29515905811486,,,,,,,,,,,,,,,,,,,,,,,,,,,,,,,,,,,,,,,,,,,,,,,,,,,,,,,,,,,,,,,,,,,,,,,,,,
hoved,hoved,5.0,hele dagen,1.0,1169.0,8734.0,7.0,43.60451542126839,23.977297286110144,-14.43932396239726,62.39391853461755,5.836235233279454,0.7380477064645148,23.83787497137623,3.4774189699419535,23.379894664529424,3.438174366568418,-1.202496150556033,-17.381882853686786,14.97689055257472,19.930070767718348,-18.580611596129152,58.44075313156585,680.3774332695292,61.202969926591614,55.75050089294416,23.977297286110144,-14.43932396239726,2.0813058971382543,0.05588822355289421,-54.52617333857193,-17.72925554557823,13.68699369867098,-17.72925554557823,20.038646356133366,,,,,,,,,,,,,,,,,,,,,,,,,,,,,,,,,,,,,,,,,,,,,,,,,,,,,,,,,,,,,,,,,,,,,,,,,,
hoved,hoved,5.0,uden middag,1.0,1169.0,7387.0,6.0,38.40142865190558,21.801215649339294,-10.044650143258043,53.647081441936635,6.077063773396185,1.0633879182894068,32.692568024908624,2.2484678908267313,32.178150805469066,2.2195463571175633,-0.07198374679213654,-13.390506742791983,13.246539249207709,18.37817210785084,-13.524795444347173,50.28113966004885,553.5656428198341,49.79568653105999,45.35947307368243,21.801215649339294,-10.044650143258043,2.301821565740585,0.029940119760479042,-45.18229131678196,-15.999408740451194,9.981585597056698,-15.999408740451194,16.422048065063013,,,,,,,,,,,,,,,,,,,,,,,,,,,,,,,,,,,,,,,,,,,,,,,,,,,,,,,,,,,,,,,,,,,,,,,,,,
hoved,ved_3169,1.0,hele dagen,1.0,1169.0,19151.0,15.0,81.95333977867888,38.91683250750694,-0.30175629942785065,78.13542131444173,5.0025301133766185,2.6090403746772797,17.518667432510053,5.37989646335639,16.829408385985065,5.27355992635728,-9.087833190761344,-26.083350474775944,7.9076840932532555,30.04249829022721,-9.403853492941263,69.48885007339568,684.9637068119793,61.61552558756471,56.12630266813673,30.04249829022721,-9.403853492941263,3.8476202063970515,0.001996007984031936,-87.51427677640913,-52.93686676139999,-17.052460596511246,-52.93686676139999,21.56641263960142,,,,,,,,,,,,,,,,,,,,,,,,,,,,,,,,,,,,,,,,,,,,,,,,,,,,,,,,,,,,,,,,,,,,,,,,,,
hoved,ved_3169,1.0,uden middag,1.0,1169.0,14831.0,12.0,74.40065653383564,41.07213899747978,9.022371047115705,73.12190694784385,5.864362988878286,3.3244331423115545,23.902636369766032,3.672383346234539,23.154204032094935,3.5974700255536365,-2.638183917878543,-16.438907702474257,11.16253986671717,34.19963882639339,2.014734974657621,66.38454267812915,560.5089988672586,50.42027222508873,45.92841548504636,34.19963882639339,2.014734974657621,4.262306488693831,0.001996007984031936,-71.6907411089849,-39.517629850001434,-12.961002194249966,-39.517629850001434,17.29515905811485,,,,,,,,,,,,,,,,,,,,,,,,,,,,,,,,,,,,,,,,,,,,,,,,,,,,,,,,,,,,,,,,,,,,,,,,,,
hoved,ved_3169,5.0,hele dagen,1.0,1169.0,8734.0,7.0,43.60451542126839,23.977297286110144,-14.43932396239726,62.39391853461755,5.836235233279454,0.7380477064645148,23.83787497137623,3.4774189699419535,23.379894664529424,3.438174366568418,-1.202496150556033,-17.381882853686786,14.97689055257472,19.930070767718348,-18.580611596129152,58.44075313156585,680.3774332695292,61.202969926591614,55.75050089294416,19.930070767718348,-18.580611596129152,2.0813058971382543,0.05588822355289421,-58.57339985696372,-21.77648206397002,9.639767180279192,-21.77648206397002,20.03864635613337,,,,,,,,,,,,,,,,,,,,,,,,,,,,,,,,,,,,,,,,,,,,,,,,,,,,,,,,,,,,,,,,,,,,,,,,,,
hoved,ved_3169,5.0,uden middag,1.0,1169.0,7387.0,6.0,38.40142865190558,21.801215649339294,-10.044650143258043,53.647081441936635,6.077063773396185,1.0633879182894068,32.692568024908624,2.2484678908267313,32.178150805469066,2.2195463571175633,-0.07198374679213654,-13.390506742791983,13.246539249207709,18.37817210785084,-13.524795444347173,50.28113966004885,553.5656428198341,49.79568653105999,45.35947307368243,18.37817210785084,-13.524795444347173,2.301821565740585,0.029940119760479042,-48.60533485827042,-19.42245228193965,6.558542055568246,-19.42245228193965,16.422048065063013,,,,,,,,,,,,,,,,,,,,,,,,,,,,,,,,,,,,,,,,,,,,,,,,,,,,,,,,,,,,,,,,,,,,,,,,,,
diagnose,,1.0,hele dagen,,,,15.0,,,,,,,,,,,,,,,,,,,,,,,,,,,,,0.8584202953834543,14.062965848493185,5.0,30.0,1.0,3.0,57.0,6.959407920194021,1.6100910087196025,12.308724831668439,1169.0,-1845.4994778551725,-1014.2482748064009,32.049836831107505,1113.4952215656454,1840.1455681469272,-4076.359885891895,3510.186348694904,-2148.3960125256494,-1310.5432075046065,-4374.079438605267,0.07715750514987973,1.9850422522279063,9643.0,9508.0,6.0077963844225835,3.982990499188961,2.0248058852336226,-2.89568809129687,6.945299861764115,0.9039343719995289,,,,,,,,,,,,,,,,,,,,,,,,,,,,,,,,,,,,,,,,,,,
halvtime,,1.0,hele dagen,,,,,,,,,,,,,,,,,,,,,,,,,,,,,,,,,,,,,,,,,,,,,,,,,,,,,,,,,,,,,,,,09:30-10:00,12.080152262357574,,,,,,,,,,,,,,,,,,,,,,,,,,,,,,,,,,,,,,,,,
halvtime,,1.0,hele dagen,,,,,,,,,,,,,,,,,,,,,,,,,,,,,,,,,,,,,,,,,,,,,,,,,,,,,,,,,,,,,,,,10:00-10:30,10.748365373416759,,,,,,,,,,,,,,,,,,,,,,,,,,,,,,,,,,,,,,,,,
halvtime,,1.0,hele dagen,,,,,,,,,,,,,,,,,,,,,,,,,,,,,,,,,,,,,,,,,,,,,,,,,,,,,,,,,,,,,,,,10:30-11:00,11.43048295980712,,,,,,,,,,,,,,,,,,,,,,,,,,,,,,,,,,,,,,,,,
halvtime,,1.0,hele dagen,,,,,,,,,,,,,,,,,,,,,,,,,,,,,,,,,,,,,,,,,,,,,,,,,,,,,,,,,,,,,,,,11:00-11:30,9.918142802508095,,,,,,,,,,,,,,,,,,,,,,,,,,,,,,,,,,,,,,,,,
halvtime,,1.0,hele dagen,,,,,,,,,,,,,,,,,,,,,,,,,,,,,,,,,,,,,,,,,,,,,,,,,,,,,,,,,,,,,,,,11:30-12:00,2.8700572646562095,,,,,,,,,,,,,,,,,,,,,,,,,,,,,,,,,,,,,,,,,
halvtime,,1.0,hele dagen,,,,,,,,,,,,,,,,,,,,,,,,,,,,,,,,,,,,,,,,,,,,,,,,,,,,,,,,,,,,,,,,12:00-12:30,-3.6634459549396885,,,,,,,,,,,,,,,,,,,,,,,,,,,,,,,,,,,,,,,,,
halvtime,,1.0,hele dagen,,,,,,,,,,,,,,,,,,,,,,,,,,,,,,,,,,,,,,,,,,,,,,,,,,,,,,,,,,,,,,,,12:30-13:00,2.4439483050193953,,,,,,,,,,,,,,,,,,,,,,,,,,,,,,,,,,,,,,,,,
halvtime,,1.0,hele dagen,,,,,,,,,,,,,,,,,,,,,,,,,,,,,,,,,,,,,,,,,,,,,,,,,,,,,,,,,,,,,,,,13:00-13:30,-1.9442306428029752,,,,,,,,,,,,,,,,,,,,,,,,,,,,,,,,,,,,,,,,,
halvtime,,1.0,hele dagen,,,,,,,,,,,,,,,,,,,,,,,,,,,,,,,,,,,,,,,,,,,,,,,,,,,,,,,,,,,,,,,,13:30-14:00,12.962351780802543,,,,,,,,,,,,,,,,,,,,,,,,,,,,,,,,,,,,,,,,,
halvtime,,1.0,hele dagen,,,,,,,,,,,,,,,,,,,,,,,,,,,,,,,,,,,,,,,,,,,,,,,,,,,,,,,,,,,,,,,,14:00-14:30,-3.0213825576565365,,,,,,,,,,,,,,,,,,,,,,,,,,,,,,,,,,,,,,,,,
halvtime,,1.0,hele dagen,,,,,,,,,,,,,,,,,,,,,,,,,,,,,,,,,,,,,,,,,,,,,,,,,,,,,,,,,,,,,,,,14:30-15:00,0.7754423144205198,,,,,,,,,,,,,,,,,,,,,,,,,,,,,,,,,,,,,,,,,
halvtime,,1.0,hele dagen,,,,,,,,,,,,,,,,,,,,,,,,,,,,,,,,,,,,,,,,,,,,,,,,,,,,,,,,,,,,,,,,15:00-15:30,15.96291245289746,,,,,,,,,,,,,,,,,,,,,,,,,,,,,,,,,,,,,,,,,
halvtime,,1.0,hele dagen,,,,,,,,,,,,,,,,,,,,,,,,,,,,,,,,,,,,,,,,,,,,,,,,,,,,,,,,,,,,,,,,15:30-16:00,11.390543418192362,,,,,,,,,,,,,,,,,,,,,,,,,,,,,,,,,,,,,,,,,
diagnose,,1.0,uden middag,,,,12.0,,,,,,,,,,,,,,,,,,,,,,,,,,,,,1.0063084269473344,12.766946347353223,5.0,21.0,1.0,4.0,55.0,6.991525108393376,1.6529017475638854,12.330148469222866,1160.0,-1423.928821162565,-836.8562479514916,35.648216027874554,950.2318328981498,1658.1349930364954,-2328.814342929364,2476.7667298976958,-1841.9135214680168,-1063.7138890399262,-2829.6556854374385,0.05158498076932899,1.6649596558665078,7575.0,7256.0,6.075815520914311,5.643614238854458,0.43220128205985286,-4.665495589155158,5.529898153274864,1.1673841961384435,,,,,,,,,,,,,,,,,,,,,,,,,,,,,,,,,,,,,,,,,,,
halvtime,,1.0,uden middag,,,,,,,,,,,,,,,,,,,,,,,,,,,,,,,,,,,,,,,,,,,,,,,,,,,,,,,,,,,,,,,,09:30-10:00,12.080152262357574,,,,,,,,,,,,,,,,,,,,,,,,,,,,,,,,,,,,,,,,,
halvtime,,1.0,uden middag,,,,,,,,,,,,,,,,,,,,,,,,,,,,,,,,,,,,,,,,,,,,,,,,,,,,,,,,,,,,,,,,10:00-10:30,10.748365373416759,,,,,,,,,,,,,,,,,,,,,,,,,,,,,,,,,,,,,,,,,
halvtime,,1.0,uden middag,,,,,,,,,,,,,,,,,,,,,,,,,,,,,,,,,,,,,,,,,,,,,,,,,,,,,,,,,,,,,,,,10:30-11:00,11.43048295980712,,,,,,,,,,,,,,,,,,,,,,,,,,,,,,,,,,,,,,,,,
halvtime,,1.0,uden middag,,,,,,,,,,,,,,,,,,,,,,,,,,,,,,,,,,,,,,,,,,,,,,,,,,,,,,,,,,,,,,,,11:00-11:30,9.918142802508095,,,,,,,,,,,,,,,,,,,,,,,,,,,,,,,,,,,,,,,,,
halvtime,,1.0,uden middag,,,,,,,,,,,,,,,,,,,,,,,,,,,,,,,,,,,,,,,,,,,,,,,,,,,,,,,,,,,,,,,,11:30-12:00,2.8700572646562095,,,,,,,,,,,,,,,,,,,,,,,,,,,,,,,,,,,,,,,,,
halvtime,,1.0,uden middag,,,,,,,,,,,,,,,,,,,,,,,,,,,,,,,,,,,,,,,,,,,,,,,,,,,,,,,,,,,,,,,,12:00-12:30,0.0,,,,,,,,,,,,,,,,,,,,,,,,,,,,,,,,,,,,,,,,,
halvtime,,1.0,uden middag,,,,,,,,,,,,,,,,,,,,,,,,,,,,,,,,,,,,,,,,,,,,,,,,,,,,,,,,,,,,,,,,12:30-13:00,0.0,,,,,,,,,,,,,,,,,,,,,,,,,,,,,,,,,,,,,,,,,
halvtime,,1.0,uden middag,,,,,,,,,,,,,,,,,,,,,,,,,,,,,,,,,,,,,,,,,,,,,,,,,,,,,,,,,,,,,,,,13:00-13:30,0.0,,,,,,,,,,,,,,,,,,,,,,,,,,,,,,,,,,,,,,,,,
halvtime,,1.0,uden middag,,,,,,,,,,,,,,,,,,,,,,,,,,,,,,,,,,,,,,,,,,,,,,,,,,,,,,,,,,,,,,,,13:30-14:00,0.0,,,,,,,,,,,,,,,,,,,,,,,,,,,,,,,,,,,,,,,,,
halvtime,,1.0,uden middag,,,,,,,,,,,,,,,,,,,,,,,,,,,,,,,,,,,,,,,,,,,,,,,,,,,,,,,,,,,,,,,,14:00-14:30,0.0,,,,,,,,,,,,,,,,,,,,,,,,,,,,,,,,,,,,,,,,,
halvtime,,1.0,uden middag,,,,,,,,,,,,,,,,,,,,,,,,,,,,,,,,,,,,,,,,,,,,,,,,,,,,,,,,,,,,,,,,14:30-15:00,0.0,,,,,,,,,,,,,,,,,,,,,,,,,,,,,,,,,,,,,,,,,
halvtime,,1.0,uden middag,,,,,,,,,,,,,,,,,,,,,,,,,,,,,,,,,,,,,,,,,,,,,,,,,,,,,,,,,,,,,,,,15:00-15:30,15.96291245289746,,,,,,,,,,,,,,,,,,,,,,,,,,,,,,,,,,,,,,,,,
halvtime,,1.0,uden middag,,,,,,,,,,,,,,,,,,,,,,,,,,,,,,,,,,,,,,,,,,,,,,,,,,,,,,,,,,,,,,,,15:30-16:00,11.390543418192362,,,,,,,,,,,,,,,,,,,,,,,,,,,,,,,,,,,,,,,,,
diagnose,,5.0,hele dagen,,,,7.0,,,,,,,,,,,,,,,,,,,,,,,,,,,,,1.0014817820851558,7.482413930480539,2.0,13.0,5.0,15.0,160.0,4.339044649870657,-1.0193847351582939,9.697474034899608,1169.0,-1742.508324428871,-1044.7639883224551,5.6526225445634495,1093.5418066583518,1746.8939089570501,-3682.281054553249,3564.946467501657,-2172.257661472862,-1327.1760129858308,-3864.84970991852,0.12718569677817335,3.259529156157072,4404.0,4330.0,8.721479798847653,2.901681638184219,5.819798160663434,-4.775895627528281,16.41549194885515,0.5685549435518807,,,,,,,,,,,,,,,,,,,,,,,,,,,,,,,,,,,,,,,,,,,
halvtime,,5.0,hele dagen,,,,,,,,,,,,,,,,,,,,,,,,,,,,,,,,,,,,,,,,,,,,,,,,,,,,,,,,,,,,,,,,09:30-10:00,-7.13794936274321,,,,,,,,,,,,,,,,,,,,,,,,,,,,,,,,,,,,,,,,,
halvtime,,5.0,hele dagen,,,,,,,,,,,,,,,,,,,,,,,,,,,,,,,,,,,,,,,,,,,,,,,,,,,,,,,,,,,,,,,,10:00-10:30,3.338570107900073,,,,,,,,,,,,,,,,,,,,,,,,,,,,,,,,,,,,,,,,,
halvtime,,5.0,hele dagen,,,,,,,,,,,,,,,,,,,,,,,,,,,,,,,,,,,,,,,,,,,,,,,,,,,,,,,,,,,,,,,,10:30-11:00,3.940156301510564,,,,,,,,,,,,,,,,,,,,,,,,,,,,,,,,,,,,,,,,,
halvtime,,5.0,hele dagen,,,,,,,,,,,,,,,,,,,,,,,,,,,,,,,,,,,,,,,,,,,,,,,,,,,,,,,,,,,,,,,,11:00-11:30,8.65314714823416,,,,,,,,,,,,,,,,,,,,,,,,,,,,,,,,,,,,,,,,,
halvtime,,5.0,hele dagen,,,,,,,,,,,,,,,,,,,,,,,,,,,,,,,,,,,,,,,,,,,,,,,,,,,,,,,,,,,,,,,,11:30-12:00,1.4804052435993105,,,,,,,,,,,,,,,,,,,,,,,,,,,,,,,,,,,,,,,,,
halvtime,,5.0,hele dagen,,,,,,,,,,,,,,,,,,,,,,,,,,,,,,,,,,,,,,,,,,,,,,,,,,,,,,,,,,,,,,,,12:00-12:30,-4.285744306624483,,,,,,,,,,,,,,,,,,,,,,,,,,,,,,,,,,,,,,,,,
halvtime,,5.0,hele dagen,,,,,,,,,,,,,,,,,,,,,,,,,,,,,,,,,,,,,,,,,,,,,,,,,,,,,,,,,,,,,,,,12:30-13:00,1.1169948326283066,,,,,,,,,,,,,,,,,,,,,,,,,,,,,,,,,,,,,,,,,
halvtime,,5.0,hele dagen,,,,,,,,,,,,,,,,,,,,,,,,,,,,,,,,,,,,,,,,,,,,,,,,,,,,,,,,,,,,,,,,13:00-13:30,-4.5244455689717,,,,,,,,,,,,,,,,,,,,,,,,,,,,,,,,,,,,,,,,,
halvtime,,5.0,hele dagen,,,,,,,,,,,,,,,,,,,,,,,,,,,,,,,,,,,,,,,,,,,,,,,,,,,,,,,,,,,,,,,,13:30-14:00,14.028041871492649,,,,,,,,,,,,,,,,,,,,,,,,,,,,,,,,,,,,,,,,,
halvtime,,5.0,hele dagen,,,,,,,,,,,,,,,,,,,,,,,,,,,,,,,,,,,,,,,,,,,,,,,,,,,,,,,,,,,,,,,,14:00-14:30,-0.5950610815213649,,,,,,,,,,,,,,,,,,,,,,,,,,,,,,,,,,,,,,,,,
halvtime,,5.0,hele dagen,,,,,,,,,,,,,,,,,,,,,,,,,,,,,,,,,,,,,,,,,,,,,,,,,,,,,,,,,,,,,,,,14:30-15:00,-0.5366989776405929,,,,,,,,,,,,,,,,,,,,,,,,,,,,,,,,,,,,,,,,,
halvtime,,5.0,hele dagen,,,,,,,,,,,,,,,,,,,,,,,,,,,,,,,,,,,,,,,,,,,,,,,,,,,,,,,,,,,,,,,,15:00-15:30,15.586538363853277,,,,,,,,,,,,,,,,,,,,,,,,,,,,,,,,,,,,,,,,,
halvtime,,5.0,hele dagen,,,,,,,,,,,,,,,,,,,,,,,,,,,,,,,,,,,,,,,,,,,,,,,,,,,,,,,,,,,,,,,,15:30-16:00,12.54056084955134,,,,,,,,,,,,,,,,,,,,,,,,,,,,,,,,,,,,,,,,,
diagnose,,5.0,uden middag,,,,6.0,,,,,,,,,,,,,,,,,,,,,,,,,,,,,1.0428072917489508,6.589578669075706,3.0,10.0,5.0,15.0,75.0,4.371161838070011,-0.9766440835525332,9.718967759692553,1160.0,-1548.5722891679634,-784.7641743360829,12.228518904702401,889.9315978112086,1491.2206571369416,-2809.020479936287,3564.352611275861,-1925.9961973926831,-1054.8976891008406,-3239.226814556148,0.13985739637729086,3.042345057672188,3825.0,3562.0,7.287283192152241,4.777487895591046,2.5097952965611956,-7.460999923492835,12.480590516615226,0.623618554486997,,,,,,,,,,,,,,,,,,,,,,,,,,,,,,,,,,,,,,,,,,,
halvtime,,5.0,uden middag,,,,,,,,,,,,,,,,,,,,,,,,,,,,,,,,,,,,,,,,,,,,,,,,,,,,,,,,,,,,,,,,09:30-10:00,-7.13794936274321,,,,,,,,,,,,,,,,,,,,,,,,,,,,,,,,,,,,,,,,,
halvtime,,5.0,uden middag,,,,,,,,,,,,,,,,,,,,,,,,,,,,,,,,,,,,,,,,,,,,,,,,,,,,,,,,,,,,,,,,10:00-10:30,3.338570107900073,,,,,,,,,,,,,,,,,,,,,,,,,,,,,,,,,,,,,,,,,
halvtime,,5.0,uden middag,,,,,,,,,,,,,,,,,,,,,,,,,,,,,,,,,,,,,,,,,,,,,,,,,,,,,,,,,,,,,,,,10:30-11:00,3.940156301510564,,,,,,,,,,,,,,,,,,,,,,,,,,,,,,,,,,,,,,,,,
halvtime,,5.0,uden middag,,,,,,,,,,,,,,,,,,,,,,,,,,,,,,,,,,,,,,,,,,,,,,,,,,,,,,,,,,,,,,,,11:00-11:30,8.65314714823416,,,,,,,,,,,,,,,,,,,,,,,,,,,,,,,,,,,,,,,,,
halvtime,,5.0,uden middag,,,,,,,,,,,,,,,,,,,,,,,,,,,,,,,,,,,,,,,,,,,,,,,,,,,,,,,,,,,,,,,,11:30-12:00,1.4804052435993105,,,,,,,,,,,,,,,,,,,,,,,,,,,,,,,,,,,,,,,,,
halvtime,,5.0,uden middag,,,,,,,,,,,,,,,,,,,,,,,,,,,,,,,,,,,,,,,,,,,,,,,,,,,,,,,,,,,,,,,,12:00-12:30,0.0,,,,,,,,,,,,,,,,,,,,,,,,,,,,,,,,,,,,,,,,,
halvtime,,5.0,uden middag,,,,,,,,,,,,,,,,,,,,,,,,,,,,,,,,,,,,,,,,,,,,,,,,,,,,,,,,,,,,,,,,12:30-13:00,0.0,,,,,,,,,,,,,,,,,,,,,,,,,,,,,,,,,,,,,,,,,
halvtime,,5.0,uden middag,,,,,,,,,,,,,,,,,,,,,,,,,,,,,,,,,,,,,,,,,,,,,,,,,,,,,,,,,,,,,,,,13:00-13:30,0.0,,,,,,,,,,,,,,,,,,,,,,,,,,,,,,,,,,,,,,,,,
halvtime,,5.0,uden middag,,,,,,,,,,,,,,,,,,,,,,,,,,,,,,,,,,,,,,,,,,,,,,,,,,,,,,,,,,,,,,,,13:30-14:00,0.0,,,,,,,,,,,,,,,,,,,,,,,,,,,,,,,,,,,,,,,,,
halvtime,,5.0,uden middag,,,,,,,,,,,,,,,,,,,,,,,,,,,,,,,,,,,,,,,,,,,,,,,,,,,,,,,,,,,,,,,,14:00-14:30,0.0,,,,,,,,,,,,,,,,,,,,,,,,,,,,,,,,,,,,,,,,,
halvtime,,5.0,uden middag,,,,,,,,,,,,,,,,,,,,,,,,,,,,,,,,,,,,,,,,,,,,,,,,,,,,,,,,,,,,,,,,14:30-15:00,0.0,,,,,,,,,,,,,,,,,,,,,,,,,,,,,,,,,,,,,,,,,
halvtime,,5.0,uden middag,,,,,,,,,,,,,,,,,,,,,,,,,,,,,,,,,,,,,,,,,,,,,,,,,,,,,,,,,,,,,,,,15:00-15:30,15.586538363853277,,,,,,,,,,,,,,,,,,,,,,,,,,,,,,,,,,,,,,,,,
halvtime,,5.0,uden middag,,,,,,,,,,,,,,,,,,,,,,,,,,,,,,,,,,,,,,,,,,,,,,,,,,,,,,,,,,,,,,,,15:30-16:00,12.54056084955134,,,,,,,,,,,,,,,,,,,,,,,,,,,,,,,,,,,,,,,,,
aar,,1.0,hele dagen,,167.0,,,,,,,,,,,,,,,,,,,,,,,-79.17133798416396,,,,,,,,,,,,,,,,,,,,,,,,,,,,,,,,,,,,,,,,,2019.0,-12.525886249735699,54.11956548469255,-35.64592814371259,16.82634730538922,7842.75,,,,,,,,,,,,,,,,,,,,,,,,,,,,,,,,,,,
aar,,1.0,hele dagen,,249.0,,,,,,,,,,,,,,,,,,,,,,,0.6558657347708561,,,,,,,,,,,,,,,,,,,,,,,,,,,,,,,,,,,,,,,,,2020.0,96.5164949761988,192.37712421762674,5.286032128514044,16.120481927710845,10470.0,,,,,,,,,,,,,,,,,,,,,,,,,,,,,,,,,,,
aar,,1.0,hele dagen,,252.0,,,,,,,,,,,,,,,,,,,,,,,-25.73965803105355,,,,,,,,,,,,,,,,,,,,,,,,,,,,,,,,,,,,,,,,,2021.0,38.974630211329384,103.68891845371232,-1.924857142857163,16.0,14528.125,,,,,,,,,,,,,,,,,,,,,,,,,,,,,,,,,,,
aar,,1.0,hele dagen,,251.0,,,,,,,,,,,,,,,,,,,,,,,-41.3424520213338,,,,,,,,,,,,,,,,,,,,,,,,,,,,,,,,,,,,,,,,,2022.0,75.22180580727931,191.78606363589242,12.488585657370557,15.91633466135458,12448.75,,,,,,,,,,,,,,,,,,,,,,,,,,,,,,,,,,,
aar,,1.0,hele dagen,,250.0,,,,,,,,,,,,,,,,,,,,,,,-89.91750081849924,,,,,,,,,,,,,,,,,,,,,,,,,,,,,,,,,,,,,,,,,2023.0,-20.597148459896594,48.72320389870605,-34.546400000000034,17.2,14816.75,,,,,,,,,,,,,,,,,,,,,,,,,,,,,,,,,,,
aar,,1.0,uden middag,,167.0,,,,,,,,,,,,,,,,,,,,,,,-55.672550366598635,,,,,,,,,,,,,,,,,,,,,,,,,,,,,,,,,,,,,,,,,2019.0,-1.6453416309561177,52.3818671046864,-25.102047904191615,12.850299401197605,7842.75,,,,,,,,,,,,,,,,,,,,,,,,,,,,,,,,,,,
aar,,1.0,uden middag,,249.0,,,,,,,,,,,,,,,,,,,,,,,8.171750874685628,,,,,,,,,,,,,,,,,,,,,,,,,,,,,,,,,,,,,,,,,2020.0,86.88606921341288,165.60038755214015,6.668188755020062,12.542168674698795,10470.0,,,,,,,,,,,,,,,,,,,,,,,,,,,,,,,,,,,
aar,,1.0,uden middag,,252.0,,,,,,,,,,,,,,,,,,,,,,,-2.0270664707543347,,,,,,,,,,,,,,,,,,,,,,,,,,,,,,,,,,,,,,,,,2021.0,52.67067659662902,107.36841966401238,10.228670634920622,12.40079365079365,14528.125,,,,,,,,,,,,,,,,,,,,,,,,,,,,,,,,,,,
aar,,1.0,uden middag,,251.0,,,,,,,,,,,,,,,,,,,,,,,-29.535536731278825,,,,,,,,,,,,,,,,,,,,,,,,,,,,,,,,,,,,,,,,,2022.0,64.38050525837473,158.29654724802828,12.251780876494019,12.306772908366534,12448.75,,,,,,,,,,,,,,,,,,,,,,,,,,,,,,,,,,,
aar,,1.0,uden middag,,250.0,,,,,,,,,,,,,,,,,,,,,,,-67.93073223351986,,,,,,,,,,,,,,,,,,,,,,,,,,,,,,,,,,,,,,,,,2023.0,-11.116184063675318,45.69836410616922,-24.820784000000028,13.392,14816.75,,,,,,,,,,,,,,,,,,,,,,,,,,,,,,,,,,,
aar,,5.0,hele dagen,,167.0,,,,,,,,,,,,,,,,,,,,,,,-69.05789513453877,,,,,,,,,,,,,,,,,,,,,,,,,,,,,,,,,,,,,,,,,2019.0,-6.515214442334339,56.02746624987009,-16.084281437125746,7.335329341317365,7842.75,,,,,,,,,,,,,,,,,,,,,,,,,,,,,,,,,,,
aar,,5.0,hele dagen,,249.0,,,,,,,,,,,,,,,,,,,,,,,-74.81555790873523,,,,,,,,,,,,,,,,,,,,,,,,,,,,,,,,,,,,,,,,,2020.0,25.45843923411672,125.73243637696868,-7.623855421686753,7.710843373493976,10470.0,,,,,,,,,,,,,,,,,,,,,,,,,,,,,,,,,,,
aar,,5.0,hele dagen,,252.0,,,,,,,,,,,,,,,,,,,,,,,-26.588317683035626,,,,,,,,,,,,,,,,,,,,,,,,,,,,,,,,,,,,,,,,,2021.0,39.27565103690186,105.13961975683935,9.554460317460308,7.492063492063492,14528.125,,,,,,,,,,,,,,,,,,,,,,,,,,,,,,,,,,,
aar,,5.0,hele dagen,,251.0,,,,,,,,,,,,,,,,,,,,,,,-35.345141186205,,,,,,,,,,,,,,,,,,,,,,,,,,,,,,,,,,,,,,,,,2022.0,73.28314500077961,181.9114311877642,24.587314741035872,7.139442231075697,12448.75,,,,,,,,,,,,,,,,,,,,,,,,,,,,,,,,,,,
aar,,5.0,hele dagen,,250.0,,,,,,,,,,,,,,,,,,,,,,,-89.31926681820858,,,,,,,,,,,,,,,,,,,,,,,,,,,,,,,,,,,,,,,,,2023.0,-22.05273394582973,45.21379892654912,-21.601772000000008,7.636,14816.75,,,,,,,,,,,,,,,,,,,,,,,,,,,,,,,,,,,
aar,,5.0,uden middag,,167.0,,,,,,,,,,,,,,,,,,,,,,,-69.84860071839543,,,,,,,,,,,,,,,,,,,,,,,,,,,,,,,,,,,,,,,,,2019.0,-15.481225620235389,38.88614947792466,-16.353107784431135,6.269461077844311,7842.75,,,,,,,,,,,,,,,,,,,,,,,,,,,,,,,,,,,
aar,,5.0,uden middag,,249.0,,,,,,,,,,,,,,,,,,,,,,,-66.09416152185739,,,,,,,,,,,,,,,,,,,,,,,,,,,,,,,,,,,,,,,,,2020.0,17.81043175806497,101.71502503798732,-9.786040160642575,6.473895582329317,10470.0,,,,,,,,,,,,,,,,,,,,,,,,,,,,,,,,,,,
aar,,5.0,uden middag,,252.0,,,,,,,,,,,,,,,,,,,,,,,-9.6053114763725,,,,,,,,,,,,,,,,,,,,,,,,,,,,,,,,,,,,,,,,,2021.0,46.24481674593261,102.09494496823771,14.685682539682526,6.365079365079365,14528.125,,,,,,,,,,,,,,,,,,,,,,,,,,,,,,,,,,,
aar,,5.0,uden middag,,251.0,,,,,,,,,,,,,,,,,,,,,,,-25.757238169740802,,,,,,,,,,,,,,,,,,,,,,,,,,,,,,,,,,,,,,,,,2022.0,63.72280114340549,153.20284045655177,21.787167330677285,6.067729083665339,12448.75,,,,,,,,,,,,,,,,,,,,,,,,,,,,,,,,,,,
aar,,5.0,uden middag,,250.0,,,,,,,,,,,,,,,,,,,,,,,-69.03535271861527,,,,,,,,,,,,,,,,,,,,,,,,,,,,,,,,,,,,,,,,,2023.0,-16.047714568284125,36.93992358204703,-16.343308000000007,6.404,14816.75,,,,,,,,,,,,,,,,,,,,,,,,,,,,,,,,,,,
altid_long,,,,,1169.0,,,,14.438370729151844,,,,,,,,,,,,,,,,,,,-25.717493543900645,,,,,,,,,,,,,,,,,,,,,,,,,,,,,,,,,,,,,,,,,,,54.59423500220433,,,,,,,,,,,,,,,,,,,,,,,,,,,,,,,,,,,,,,
udelukket_dag,,1.0,hele dagen,,,21.0,,,,,,,,,,,,,,,,,,,,,,,,,,,,,,,,,,,,,,,,,,,,,,,,,,-0.8108693592620293,,,,,,,,,,,,,,,,,,,2020-03-09,hul over 5 min,315.32365071054573,46.832999999999856,,,,,,,,,,,,,,,,,,,,,,,,,,,,,,,
udelukket_dag,,1.0,hele dagen,,,18.0,,,,,,,,,,,,,,,,,,,,,,,,,,,,,,,,,,,,,,,,,,,,,,,,,,-1501.3301875145355,,,,,,,,,,,,,,,,,,,2020-03-12,hul over 5 min,-502.2798536163991,-164.786,,,,,,,,,,,,,,,,,,,,,,,,,,,,,,,
udelukket_dag,,1.0,hele dagen,,,15.0,,,,,,,,,,,,,,,,,,,,,,,,,,,,,,,,,,,,,,,,,,,,,,,,,,-516.4501566469092,,,,,,,,,,,,,,,,,,,2020-03-16,hul over 5 min,1946.2226375952582,463.59499999999997,,,,,,,,,,,,,,,,,,,,,,,,,,,,,,,
udelukket_dag,,1.0,hele dagen,,,14.0,,,,,,,,,,,,,,,,,,,,,,,,,,,,,,,,,,,,,,,,,,,,,,,,,,-229.772672426206,,,,,,,,,,,,,,,,,,,2020-03-18,hul over 5 min,466.68636285097193,83.22199999999995,,,,,,,,,,,,,,,,,,,,,,,,,,,,,,,
udelukket_dag,,1.0,uden middag,,,11.0,,,,,,,,,,,,,,,,,,,,,,,,,,,,,,,,,,,,,,,,,,,,,,,,,,-0.8108693592620293,,,,,,,,,,,,,,,,,,,2020-03-09,hul over 5 min,1146.1395245574668,294.6029999999999,,,,,,,,,,,,,,,,,,,,,,,,,,,,,,,
udelukket_dag,,1.0,uden middag,,,9.0,,,,,,,,,,,,,,,,,,,,,,,,,,,,,,,,,,,,,,,,,,,,,,,,,,-180.75225333067544,,,,,,,,,,,,,,,,,,,2020-03-12,hul over 5 min,1254.2120782418021,306.357,,,,,,,,,,,,,,,,,,,,,,,,,,,,,,,
udelukket_dag,,1.0,uden middag,,,9.0,,,,,,,,,,,,,,,,,,,,,,,,,,,,,,,,,,,,,,,,,,,,,,,,,,-516.4501566469092,,,,,,,,,,,,,,,,,,,2020-03-16,hul over 5 min,2927.165467400508,723.857,,,,,,,,,,,,,,,,,,,,,,,,,,,,,,,
udelukket_dag,,1.0,uden middag,,,13.0,,,,,,,,,,,,,,,,,,,,,,,,,,,,,,,,,,,,,,,,,,,,,,,,,,-369.7939085673147,,,,,,,,,,,,,,,,,,,2020-03-18,hul over 5 min,-357.2072994960404,-111.15100000000005,,,,,,,,,,,,,,,,,,,,,,,,,,,,,,,
udelukket_dag,,5.0,hele dagen,,,9.0,,,,,,,,,,,,,,,,,,,,,,,,,,,,,,,,,,,,,,,,,,,,,,,,,,-1539.3012156569434,,,,,,,,,,,,,,,,,,,2020-03-09,hul over 5 min,-995.2728927948142,-291.1430000000001,,,,,,,,,,,,,,,,,,,,,,,,,,,,,,,
udelukket_dag,,5.0,hele dagen,,,11.0,,,,,,,,,,,,,,,,,,,,,,,,,,,,,,,,,,,,,,,,,,,,,,,,,,-3892.7496837104222,,,,,,,,,,,,,,,,,,,2020-03-12,hul over 5 min,-2658.1806306854046,-707.8969999999999,,,,,,,,,,,,,,,,,,,,,,,,,,,,,,,
udelukket_dag,,5.0,hele dagen,,,8.0,,,,,,,,,,,,,,,,,,,,,,,,,,,,,,,,,,,,,,,,,,,,,,,,,,-1284.2524936494494,,,,,,,,,,,,,,,,,,,2020-03-16,hul over 5 min,1818.5515529212532,444.98400000000004,,,,,,,,,,,,,,,,,,,,,,,,,,,,,,,
udelukket_dag,,5.0,hele dagen,,,4.0,,,,,,,,,,,,,,,,,,,,,,,,,,,,,,,,,,,,,,,,,,,,,,,,,,-809.7576760259177,,,,,,,,,,,,,,,,,,,2020-03-18,hul over 5 min,10.469681785457396,-5.508000000000038,,,,,,,,,,,,,,,,,,,,,,,,,,,,,,,
udelukket_dag,,5.0,uden middag,,,7.0,,,,,,,,,,,,,,,,,,,,,,,,,,,,,,,,,,,,,,,,,,,,,,,,,,-1447.2617287459484,,,,,,,,,,,,,,,,,,,2020-03-09,hul over 5 min,-635.8734178509101,-188.38900000000007,,,,,,,,,,,,,,,,,,,,,,,,,,,,,,,
udelukket_dag,,5.0,uden middag,,,6.0,,,,,,,,,,,,,,,,,,,,,,,,,,,,,,,,,,,,,,,,,,,,,,,,,,-1843.3455669291338,,,,,,,,,,,,,,,,,,,2020-03-12,hul over 5 min,-788.2834791189073,-215.26200000000006,,,,,,,,,,,,,,,,,,,,,,,,,,,,,,,
udelukket_dag,,5.0,uden middag,,,6.0,,,,,,,,,,,,,,,,,,,,,,,,,,,,,,,,,,,,,,,,,,,,,,,,,,-1284.2524936494494,,,,,,,,,,,,,,,,,,,2020-03-16,hul over 5 min,2354.753698560542,584.7379999999999,,,,,,,,,,,,,,,,,,,,,,,,,,,,,,,
udelukket_dag,,5.0,uden middag,,,5.0,,,,,,,,,,,,,,,,,,,,,,,,,,,,,,,,,,,,,,,,,,,,,,,,,,-1271.7959071274295,,,,,,,,,,,,,,,,,,,2020-03-18,hul over 5 min,-1259.2092980561551,-310.13500000000005,,,,,,,,,,,,,,,,,,,,,,,,,,,,,,,
optaelling,,1.0,hele dagen,,1169.0,19151.0,15.0,,,,,,,,,,,,,,,,,684.9637068119793,61.61552558756471,56.12630266813673,,,,,,,,,,,,5.0,30.0,1.0,3.0,57.0,,,,,,,,,,,,,,,,,,,,,,,,,,,,,,,,,,,,,variant,16.382378100940976,0.0,43.036507271171935,17982.0,0.0,1169.0,0.0,2.0,True,38.963492728828065,0.4939911011787599,,,,,,,,,,,,,,,,,,,
optaelling,,1.0,uden middag,,1169.0,14831.0,12.0,,,,,,,,,,,,,,,,,560.5089988672586,50.42027222508873,45.92841548504636,,,,,,,,,,,,5.0,21.0,1.0,4.0,55.0,,,,,,,,,,,,,,,,,,,,,,,,,,,,,,,,,,,,,variant,12.686911890504705,0.0,33.328517536355854,12502.0,1169.0,1160.0,0.0,0.0,True,48.671482463644146,0.843503357089514,,,,,,,,,,,,,,,,,,,
optaelling,,5.0,hele dagen,,1169.0,8734.0,7.0,,,,,,,,,,,,,,,,,680.3774332695292,61.202969926591614,55.75050089294416,,,,,,,,,,,,2.0,13.0,5.0,15.0,160.0,,,,,,,,,,,,,,,,,,,,,,,,,,,,,,,,,,,,,variant,7.4713430282292554,0.0,19.62721813515825,7565.0,0.0,1169.0,0.0,0.0,True,62.37278186484175,0.879886970612504,,,,,,,,,,,,,,,,,,,
optaelling,,5.0,uden middag,,1169.0,7387.0,6.0,,,,,,,,,,,,,,,,,553.5656428198341,49.79568653105999,45.35947307368243,,,,,,,,,,,,3.0,10.0,5.0,15.0,75.0,,,,,,,,,,,,,,,,,,,,,,,,,,,,,,,,,,,,,variant,6.319076133447391,0.0,16.600213002566292,5058.0,1169.0,1160.0,0.0,0.0,True,65.39978699743371,0.9812103287505866,,,,,,,,,,,,,,,,,,,
optaelling,,1.0,hele dagen,,167.0,,,,,,,,,,,,,,,,,,,,,,,,,,,,,,,,,,,,,,,,,,,,,,,,,,,,,,,,,,,,,,,,2019.0,,,,,,,,,,aar,16.82634730538922,,44.20281437125748,,,,,,,,,28.13594439054373,,,,,,,,,,,,,,,,,,
optaelling,,1.0,hele dagen,,249.0,,,,,,,,,,,,,,,,,,,,,,,,,,,,,,,,,,,,,,,,,,,,,,,,,,,,,,,,,,,,,,,,2020.0,,,,,,,,,,aar,16.120481927710845,,42.34850602409638,,,,,,,,,20.904141691203453,,,,,,,,,,,,,,,,,,
optaelling,,1.0,hele dagen,,252.0,,,,,,,,,,,,,,,,,,,,,,,,,,,,,,,,,,,,,,,,,,,,,,,,,,,,,,,,,,,,,,,,2021.0,,,,,,,,,,aar,16.0,,42.032,,,,,,,,,14.634489412081875,,,,,,,,,,,,,,,,,,
optaelling,,1.0,hele dagen,,251.0,,,,,,,,,,,,,,,,,,,,,,,,,,,,,,,,,,,,,,,,,,,,,,,,,,,,,,,,,,,,,,,,2022.0,,,,,,,,,,aar,15.91633466135458,,41.81221115537848,,,,,,,,,16.566359563523257,,,,,,,,,,,,,,,,,,
optaelling,,1.0,hele dagen,,250.0,,,,,,,,,,,,,,,,,,,,,,,,,,,,,,,,,,,,,,,,,,,,,,,,,,,,,,,,,,,,,,,,2023.0,,,,,,,,,,aar,17.2,,45.1844,,,,,,,,,15.986552271689474,,,,,,,,,,,,,,,,,,
optaelling,,1.0,uden middag,,167.0,,,,,,,,,,,,,,,,,,,,,,,,,,,,,,,,,,,,,,,,,,,,,,,,,,,,,,,,,,,,,,,,2019.0,,,,,,,,,,aar,12.850299401197605,,33.757736526946104,,,,,,,,,21.47910731501511,,,,,,,,,,,,,,,,,,
optaelling,,1.0,uden middag,,249.0,,,,,,,,,,,,,,,,,,,,,,,,,,,,,,,,,,,,,,,,,,,,,,,,,,,,,,,,,,,,,,,,2020.0,,,,,,,,,,aar,12.542168674698795,,32.94827710843373,,,,,,,,,16.27686634844347,,,,,,,,,,,,,,,,,,
optaelling,,1.0,uden middag,,252.0,,,,,,,,,,,,,,,,,,,,,,,,,,,,,,,,,,,,,,,,,,,,,,,,,,,,,,,,,,,,,,,,2021.0,,,,,,,,,,aar,12.40079365079365,,32.57688492063492,,,,,,,,,11.335178740802032,,,,,,,,,,,,,,,,,,
optaelling,,1.0,uden middag,,251.0,,,,,,,,,,,,,,,,,,,,,,,,,,,,,,,,,,,,,,,,,,,,,,,,,,,,,,,,,,,,,,,,2022.0,,,,,,,,,,aar,12.306772908366534,,32.32989243027888,,,,,,,,,12.786581648276043,,,,,,,,,,,,,,,,,,
optaelling,,1.0,uden middag,,250.0,,,,,,,,,,,,,,,,,,,,,,,,,,,,,,,,,,,,,,,,,,,,,,,,,,,,,,,,,,,,,,,,2023.0,,,,,,,,,,aar,13.392,,35.180784,,,,,,,,,12.435703248765684,,,,,,,,,,,,,,,,,,
optaelling,,5.0,hele dagen,,167.0,,,,,,,,,,,,,,,,,,,,,,,,,,,,,,,,,,,,,,,,,,,,,,,,,,,,,,,,,,,,,,,,2019.0,,,,,,,,,,aar,7.335329341317365,,19.269910179640718,,,,,,,,,12.258872001866758,,,,,,,,,,,,,,,,,,
optaelling,,5.0,hele dagen,,249.0,,,,,,,,,,,,,,,,,,,,,,,,,,,,,,,,,,,,,,,,,,,,,,,,,,,,,,,,,,,,,,,,2020.0,,,,,,,,,,aar,7.710843373493976,,20.256385542168672,,,,,,,,,9.970201106626522,,,,,,,,,,,,,,,,,,
optaelling,,5.0,hele dagen,,252.0,,,,,,,,,,,,,,,,,,,,,,,,,,,,,,,,,,,,,,,,,,,,,,,,,,,,,,,,,,,,,,,,2021.0,,,,,,,,,,aar,7.492063492063492,,19.681650793650793,,,,,,,,,6.8539622206148225,,,,,,,,,,,,,,,,,,
optaelling,,5.0,hele dagen,,251.0,,,,,,,,,,,,,,,,,,,,,,,,,,,,,,,,,,,,,,,,,,,,,,,,,,,,,,,,,,,,,,,,2022.0,,,,,,,,,,aar,7.139442231075697,,18.755314741035853,,,,,,,,,7.4235260284682605,,,,,,,,,,,,,,,,,,
optaelling,,5.0,hele dagen,,250.0,,,,,,,,,,,,,,,,,,,,,,,,,,,,,,,,,,,,,,,,,,,,,,,,,,,,,,,,,,,,,,,,2023.0,,,,,,,,,,aar,7.636,,20.059772000000002,,,,,,,,,7.10965444726215,,,,,,,,,,,,,,,,,,
optaelling,,5.0,uden middag,,167.0,,,,,,,,,,,,,,,,,,,,,,,,,,,,,,,,,,,,,,,,,,,,,,,,,,,,,,,,,,,,,,,,2019.0,,,,,,,,,,aar,6.269461077844311,,16.469874251497004,,,,,,,,,10.480460019858148,,,,,,,,,,,,,,,,,,
optaelling,,5.0,uden middag,,249.0,,,,,,,,,,,,,,,,,,,,,,,,,,,,,,,,,,,,,,,,,,,,,,,,,,,,,,,,,,,,,,,,2020.0,,,,,,,,,,aar,6.473895582329317,,17.006923694779115,,,,,,,,,8.34413209847856,,,,,,,,,,,,,,,,,,
optaelling,,5.0,uden middag,,252.0,,,,,,,,,,,,,,,,,,,,,,,,,,,,,,,,,,,,,,,,,,,,,,,,,,,,,,,,,,,,,,,,2021.0,,,,,,,,,,aar,6.365079365079365,,16.72106349206349,,,,,,,,,5.809413390081302,,,,,,,,,,,,,,,,,,
optaelling,,5.0,uden middag,,251.0,,,,,,,,,,,,,,,,,,,,,,,,,,,,,,,,,,,,,,,,,,,,,,,,,,,,,,,,,,,,,,,,2022.0,,,,,,,,,,aar,6.067729083665339,,15.939924302788842,,,,,,,,,6.300176534196096,,,,,,,,,,,,,,,,,,
optaelling,,5.0,uden middag,,250.0,,,,,,,,,,,,,,,,,,,,,,,,,,,,,,,,,,,,,,,,,,,,,,,,,,,,,,,,,,,,,,,,2023.0,,,,,,,,,,aar,6.404,,16.823307999999997,,,,,,,,,5.96551401545169,,,,,,,,,,,,,,,,,,
optaelling,,,,,167.0,,,,,,,,,,,,,,,,,,,,,,,,,,,,,,,,,,,,,,,,,,,,,,,,,,,,,,,,,,,,,,,,2019.0,,,,,7842.75,,,,,L_aar,,,,,,,,,,,,,1.6747951930126548,,,,,,,,,,,,,,,,,
optaelling,,,,,249.0,,,,,,,,,,,,,,,,,,,,,,,,,,,,,,,,,,,,,,,,,,,,,,,,,,,,,,,,,,,,,,,,2020.0,,,,,10470.0,,,,,L_aar,,,,,,,,,,,,,1.2545367717287488,,,,,,,,,,,,,,,,,
optaelling,,,,,252.0,,,,,,,,,,,,,,,,,,,,,,,,,,,,,,,,,,,,,,,,,,,,,,,,,,,,,,,,,,,,,,,,2021.0,,,,,14528.125,,,,,L_aar,,,,,,,,,,,,,0.9041084104108409,,,,,,,,,,,,,,,,,
optaelling,,,,,251.0,,,,,,,,,,,,,,,,,,,,,,,,,,,,,,,,,,,,,,,,,,,,,,,,,,,,,,,,,,,,,,,,2022.0,,,,,12448.75,,,,,L_aar,,,,,,,,,,,,,1.05512601666834,,,,,,,,,,,,,,,,,
optaelling,,,,,250.0,,,,,,,,,,,,,,,,,,,,,,,,,,,,,,,,,,,,,,,,,,,,,,,,,,,,,,,,,,,,,,,,2023.0,,,,,14816.75,,,,,L_aar,,,,,,,,,,,,,0.8864967013683837,,,,,,,,,,,,,,,,,
optaelling,,,,,,,,,,,,,,,,,,,,,,,,,,,,,,,,,,,,,,,,,,,,,,,,,,,,,,,,,,,,,,,,,,,,,,,,,,,2020-03-09,hul over 5 min,,,udelukket,,,,,,,,,,,,,,,,,,,,,,,,,,,,,,
optaelling,,,,,,,,,,,,,,,,,,,,,,,,,,,,,,,,,,,,,,,,,,,,,,,,,,,,,,,,,,,,,,,,,,,,,,,,,,,2020-03-12,hul over 5 min,,,udelukket,,,,,,,,,,,,,,,,,,,,,,,,,,,,,,
optaelling,,,,,,,,,,,,,,,,,,,,,,,,,,,,,,,,,,,,,,,,,,,,,,,,,,,,,,,,,,,,,,,,,,,,,,,,,,,2020-03-16,hul over 5 min,,,udelukket,,,,,,,,,,,,,,,,,,,,,,,,,,,,,,
optaelling,,,,,,,,,,,,,,,,,,,,,,,,,,,,,,,,,,,,,,,,,,,,,,,,,,,,,,,,,,,,,,,,,,,,,,,,,,,2020-03-18,hul over 5 min,,,udelukket,,,,,,,,,,,,,,,,,,,,,,,,,,,,,,
optaelling,,,,,1169.0,,,,,,,,,,,,,,,,,,,,,,,,,,,,,,,,,,,,,,,,,,,,,,,,,,,,,,,,,,,,,,,,,,,,,,,,,,serie,,,,,,,,,,,,,,1638282.0,1173.0,4.0,4.0,0.0,0.0,9.0,27.0,2.0,19.0,0.0,"18:00, 19:00, 19:01",0.0,454263.0,7.0,90858.0,0.0
