tabel,model,k,dage_med_aabningsretning_n,signaler_n,dage_med_signal_n,sprunget_over_hul_n,afvist_kontrakter_nul_n,handler_n,long_n,short_n,dage_uden_signal_n,dage_med_handel_n,signalminut_p10,signalminut_p50,signalminut_p90,risiko_pt_p10,risiko_pt_p50,risiko_pt_p90,omk_R_netto_p50,omk_R_netto_p90,be_WR_pct_netto_p50,kontrakter_p50,kontrakter_maks,kontrakter_loftet_n,MDE_R_sidak3,MDE_R_ukorr,betingelse_ok,aar,n,rth_dage_n,aabning_ned_n,aabning_op_n,r_aabning_nul_n,mangler_bar_n,rul_n,vindue_barer_n,vindue_barer_uden_naeste_minut_n,modeldage_n,puljens_minutter_n,celler_uden_handlebar_bar_n
variant,vending,1.0,1168.0,24918.0,1168.0,0.0,0.0,1168.0,531.0,637.0,0.0,1168.0,540.0,541.0,549.0,12.385425000000396,26.635425000000396,46.135425000000396,0.04931402446178277,0.10605207330390018,41.97256097847131,4.0,28.0,0.0,0.10619816271701306,0.08912573632909848,True,,,,,,,,,,,,,
variant,vending,1.5,1168.0,5162.0,1154.0,0.0,0.0,1154.0,522.0,632.0,14.0,1154.0,540.0,554.0,602.0,10.635425000000396,24.885425000000396,43.81042500000041,0.052781899445156315,0.12350235181010172,42.11127597780625,5.0,39.0,0.0,0.10684040368074951,0.08966473057654369,True,,,,,,,,,,,,,
variant,vending,2.0,1168.0,1109.0,688.0,0.0,0.0,688.0,266.0,422.0,480.0,688.0,540.0,585.0,641.0,9.635425000000396,22.635425000000396,41.46042500000041,0.05802851061996746,0.13631988210171797,42.3211404247987,5.0,39.0,0.0,0.13837072153056637,0.1161262316341816,True,,,,,,,,,,,,,
variant,N_med,1.0,1168.0,24639.0,1168.0,0.0,0.0,1168.0,637.0,531.0,0.0,1168.0,540.0,541.0,550.0,11.885425000000396,26.885425000000396,45.385425000000396,0.04885546722806058,0.1105135070895619,41.95421868912243,4.0,26.0,0.0,,,,,,,,,,,,,,,,
variant,N_med,1.5,1168.0,4851.0,1145.0,0.0,0.0,1145.0,620.0,525.0,23.0,1145.0,540.0,555.0,601.0,10.735425000000397,24.635425000000396,43.53542500000043,0.053317529533181536,0.12236778561897868,42.13270118132726,5.0,32.0,0.0,,,,,,,,,,,,,,,,
variant,N_med,2.0,1168.0,1002.0,639.0,0.0,0.0,639.0,306.0,333.0,529.0,639.0,540.0,585.0,640.0,9.385425000000396,22.135425000000396,40.68542500000041,0.05933927177815544,0.1399510411089476,42.37357087112621,5.0,39.0,0.0,,,,,,,,,,,,,,,,
aar,vending,1.0,,,,,,165.0,,,,,,,,7.385425000000396,11.385425000000396,17.98542500000039,0.11536679570590946,0.17785029297568244,44.61467182823638,10.0,28.0,0.0,,,,2019.0,165.0,,,,,,,,,,,
aar,vending,1.0,,,,,,251.0,,,,,,,,14.135425000000396,23.885425000000396,43.135425000000396,0.054991694725966905,0.09292256865286774,42.19966778903868,5.0,14.0,0.0,,,,2020.0,251.0,,,,,,,,,,,
aar,vending,1.0,,,,,,252.0,,,,,,,,17.635425000000396,25.260425000000396,41.8604250000004,0.0519996066849443,0.07448076811304351,42.079984267397776,4.0,9.0,0.0,,,,2021.0,252.0,,,,,,,,,,,
aar,vending,1.0,,,,,,251.0,,,,,,,,29.885425000000396,40.135425000000396,57.635425000000396,0.0327266996674381,0.04395119025411158,41.30906798669752,3.0,5.0,0.0,,,,2022.0,251.0,,,,,,,,,,,
aar,vending,1.0,,,,,,249.0,,,,,,,,19.885425000000396,27.635425000000396,38.135425000000396,0.04752957481203857,0.06605340343492652,41.901182992481544,4.0,10.0,0.0,,,,2023.0,249.0,,,,,,,,,,,
aar,vending,1.5,,,,,,165.0,,,,,,,,6.135425000000396,9.885425000000396,18.035425000000394,0.13287238535520196,0.21408459886640538,45.314895414208074,12.0,39.0,0.0,,,,2019.0,165.0,,,,,,,,,,,
aar,vending,1.5,,,,,,241.0,,,,,,,,11.885425000000396,22.135425000000396,41.135425000000396,0.05933927177815544,0.1105135070895619,42.37357087112621,5.0,16.0,0.0,,,,2020.0,241.0,,,,,,,,,,,
aar,vending,1.5,,,,,,251.0,,,,,,,,14.635425000000396,22.385425000000396,38.885425000000396,0.05867657192123789,0.08974799160256462,42.34706287684952,5.0,12.0,0.0,,,,2021.0,251.0,,,,,,,,,,,
aar,vending,1.5,,,,,,250.0,,,,,,,,26.3354250000004,37.635425000000396,57.635425000000396,0.03490062886230157,0.04987742824079342,41.39602515449206,3.0,10.0,0.0,,,,2022.0,250.0,,,,,,,,,,,
aar,vending,1.5,,,,,,247.0,,,,,,,,18.135425000000396,25.635425000000396,35.385425000000396,0.05123769159278536,0.07242730732805938,42.04950766371142,4.0,10.0,0.0,,,,2023.0,247.0,,,,,,,,,,,
aar,vending,2.0,,,,,,107.0,,,,,,,,5.635425000000396,9.635425000000396,17.485425000000397,0.13631988210171797,0.2330791377757503,45.45279528406872,12.0,39.0,0.0,,,,2019.0,107.0,,,,,,,,,,,
aar,vending,2.0,,,,,,133.0,,,,,,,,9.885425000000396,18.635425000000396,38.88542500000039,0.07048403779360932,0.13287238535520196,42.819361511744376,6.0,20.0,0.0,,,,2020.0,133.0,,,,,,,,,,,
aar,vending,2.0,,,,,,154.0,,,,,,,,13.960425000000395,21.135425000000396,36.5604250000004,0.06214684587605763,0.09409368509433438,42.48587383504231,5.0,12.0,0.0,,,,2021.0,154.0,,,,,,,,,,,
aar,vending,2.0,,,,,,147.0,,,,,,,,24.5854250000004,35.635425000000396,57.4854250000004,0.036859389217330375,0.0535123587895355,41.47437556869321,3.0,9.0,0.0,,,,2022.0,147.0,,,,,,,,,,,
aar,vending,2.0,,,,,,147.0,,,,,,,,15.285425000000396,24.385425000000396,34.335425000000406,0.05386414220789584,0.08593706809773377,42.154565688315834,5.0,10.0,0.0,,,,2023.0,147.0,,,,,,,,,,,
aar,N_med,1.0,,,,,,165.0,,,,,,,,7.135425000000396,10.885425000000396,18.135425000000396,0.12066593633229315,0.18408153683907083,44.826637453291724,11.0,26.0,0.0,,,,2019.0,165.0,,,,,,,,,,,
aar,N_med,1.0,,,,,,251.0,,,,,,,,14.385425000000396,23.885425000000396,42.885425000000396,0.054991694725966905,0.0913076951150184,42.19966778903868,5.0,15.0,0.0,,,,2020.0,251.0,,,,,,,,,,,
aar,N_med,1.0,,,,,,252.0,,,,,,,,17.635425000000396,24.260425000000396,40.885425000000396,0.05414311047864255,0.07448076811304351,42.165724419145704,5.0,10.0,0.0,,,,2021.0,252.0,,,,,,,,,,,
aar,N_med,1.0,,,,,,251.0,,,,,,,,29.135425000000396,40.135425000000396,57.635425000000396,0.0327266996674381,0.04508257559311327,41.30906798669752,3.0,5.0,0.0,,,,2022.0,251.0,,,,,,,,,,,
aar,N_med,1.0,,,,,,249.0,,,,,,,,19.635425000000396,27.885425000000396,38.4354250000004,0.0471034599616101,0.06689440131802461,41.8841383984644,4.0,10.0,0.0,,,,2023.0,249.0,,,,,,,,,,,
aar,N_med,1.5,,,,,,164.0,,,,,,,,6.635425000000396,10.385425000000396,17.385425000000396,0.1264753247941177,0.19795265563244577,45.05901299176471,12.0,32.0,0.0,,,,2019.0,164.0,,,,,,,,,,,
aar,N_med,1.5,,,,,,249.0,,,,,,,,11.635425000000396,22.135425000000396,39.6854250000004,0.05933927177815544,0.11288801225567224,42.37357087112621,5.0,18.0,0.0,,,,2020.0,249.0,,,,,,,,,,,
aar,N_med,1.5,,,,,,246.0,,,,,,,,16.010425000000396,23.385425000000396,37.635425000000396,0.05616746328108117,0.08204529674817129,42.24669853124324,5.0,13.0,0.0,,,,2021.0,246.0,,,,,,,,,,,
aar,N_med,1.5,,,,,,244.0,,,,,,,,26.710425000000395,38.260425000000396,54.33542500000041,0.03433087897561658,0.04917645729166612,41.37323515902466,3.0,9.0,0.0,,,,2022.0,244.0,,,,,,,,,,,
aar,N_med,1.5,,,,,,242.0,,,,,,,,17.885425000000396,26.260425000000396,34.885425000000396,0.05001936418056557,0.07343968622495528,42.00077456722262,4.0,12.0,0.0,,,,2023.0,242.0,,,,,,,,,,,
aar,N_med,2.0,,,,,,109.0,,,,,,,,6.135425000000396,9.885425000000396,16.885425000000396,0.13287238535520196,0.21408459886640538,45.314895414208074,12.0,39.0,0.0,,,,2019.0,109.0,,,,,,,,,,,
aar,N_med,2.0,,,,,,132.0,,,,,,,,9.410425000000396,20.135425000000396,32.5604250000004,0.0652433466978837,0.13958792520822466,42.609733867915345,6.0,23.0,0.0,,,,2020.0,132.0,,,,,,,,,,,
aar,N_med,2.0,,,,,,141.0,,,,,,,,14.385425000000396,22.885425000000396,37.135425000000396,0.05739460814033286,0.0913076951150184,42.29578432561332,5.0,12.0,0.0,,,,2021.0,141.0,,,,,,,,,,,
aar,N_med,2.0,,,,,,118.0,,,,,,,,23.885425000000396,36.510425000000396,52.885425000000396,0.03597982168948306,0.054991694725966905,41.43919286757932,3.0,7.0,0.0,,,,2022.0,118.0,,,,,,,,,,,
aar,N_med,2.0,,,,,,139.0,,,,,,,,15.635425000000396,24.385425000000396,35.3354250000004,0.05386414220789584,0.08400794989582737,42.154565688315834,5.0,11.0,0.0,,,,2023.0,139.0,,,,,,,,,,,
dage,,,1168.0,,,,,,,,,,,,,,,,,,,,,,,,,,,1173.0,531.0,637.0,5.0,0.0,0.0,140760.0,0.0,,,
N_tid_opslag,,1.0,,,,,,,,,,,,,,,,,,,,,,,,,,,,,,,,,,,,1168.0,30.0,0.0
N_tid_opslag,,1.5,,,,,,,,,,,,,,,,,,,,,,,,,,,,,,,,,,,,1154.0,108.0,0.0
N_tid_opslag,,2.0,,,,,,,,,,,,,,,,,,,,,,,,,,,,,,,,,,,,688.0,120.0,0.0
