spor,tabel,noegle,stoerrelse,vaerdi
A,hovedtest,beta,mde_beta,0.055
A,hovedtest,beta,signaler_n,3349.0
A,hovedtest,beta,skygge_n,3286.0
A,hovedtest,beta,n,3286.0
A,hovedtest,beta,klynger_n,1095.0
A,hovedtest,beta,beta,-0.03420817148041083
A,hovedtest,beta,se,0.019206728663330935
A,hovedtest,beta,t,-1.7810514263014672
A,hovedtest,beta,df,1094.0
A,hovedtest,beta,ci95_lo,-0.07189436185543135
A,hovedtest,beta,ci95_hi,0.0034780188946096913
A,hovedtest,beta,p_ensidet,0.9624092766373589
A,hovedtest,beta,alfa,0.025
A,hovedtest,beta,signifikant,0.0
A,hovedtest,beta,skaering,0.03313111445731143
A,hovedtest_bedste_fald,beta,n,3286.0
A,hovedtest_bedste_fald,beta,klynger_n,1095.0
A,hovedtest_bedste_fald,beta,beta,-0.03120050459334063
A,hovedtest_bedste_fald,beta,se,0.019174609039883245
A,hovedtest_bedste_fald,beta,t,-1.6271781358589104
A,hovedtest_bedste_fald,beta,df,1094.0
A,hovedtest_bedste_fald,beta,ci95_lo,-0.0688236719379825
A,hovedtest_bedste_fald,beta,ci95_hi,0.006422662751301239
A,hovedtest_bedste_fald,beta,p_ensidet,0.9480063852304477
A,hovedtest_bedste_fald,beta,alfa,0.025
A,hovedtest_bedste_fald,beta,signifikant,0.0
A,hovedtest_bedste_fald,beta,skaering,0.03881710932377935
A,hovedtest_N1,beta,p5,-0.04527678543510565
A,hovedtest_N1,beta,p50,-0.005408055920160554
A,hovedtest_N1,beta,p95,0.0296559747527803
A,hovedtest_N1,beta,andel_ge_observeret,0.886
A,hovedtest_N1,beta,R,500.0
A,hovedtest_N1,beta,gyldige_n,500.0
A,score,0,handler_n,34.0
A,score,0,dage_med_handel_n,32.0
A,score,0,middel_R_brutto,0.6242536132585923
A,score,0,middel_R_netto,0.548477157724191
A,score,0,middel_R_netto_ci95_lo,0.0888461203406104
A,score,0,middel_R_netto_ci95_hi,1.0081081951077717
A,score,0,win_rate_pct_netto,38.23529411764706
A,score,0,win_rate_ci95_lo_pct,23.900183324508898
A,score,0,win_rate_ci95_hi_pct,54.9589826555693
A,score,0,holder_pct,67.6470588235294
A,score,0,holder_ci95_lo_pct,50.842894593908206
A,score,0,holder_ci95_hi_pct,80.8683564359745
A,score,0,tvetydige_n,0.0
A,score,0,tvetydige_pct,0.0
A,score,0,udfald_maal_pct,38.23529411764706
A,score,0,udfald_stop_pct,29.41176470588235
A,score,0,udfald_BE_pct,11.764705882352942
A,score,0,udfald_tidsexit_pct,20.58823529411765
A,score,0,udfald_censureret_pct,0.0
A,score,1,handler_n,649.0
A,score,1,dage_med_handel_n,477.0
A,score,1,middel_R_brutto,0.07777491503097007
A,score,1,middel_R_netto,0.006198293452734341
A,score,1,middel_R_netto_ci95_lo,-0.0873295605543585
A,score,1,middel_R_netto_ci95_hi,0.09972614745982719
A,score,1,win_rate_pct_netto,22.033898305084747
A,score,1,win_rate_ci95_lo_pct,19.014818358547966
A,score,1,win_rate_ci95_hi_pct,25.382095303196124
A,score,1,holder_pct,49.152542372881356
A,score,1,holder_ci95_lo_pct,45.32264519004556
A,score,1,holder_ci95_hi_pct,52.99241279970427
A,score,1,tvetydige_n,1.0
A,score,1,tvetydige_pct,0.15408320493066255
A,score,1,udfald_maal_pct,22.033898305084747
A,score,1,udfald_stop_pct,45.14637904468413
A,score,1,udfald_BE_pct,13.25115562403698
A,score,1,udfald_tidsexit_pct,19.568567026194145
A,score,1,udfald_censureret_pct,0.0
A,score,2,handler_n,796.0
A,score,2,dage_med_handel_n,570.0
A,score,2,middel_R_brutto,0.027254399982803858
A,score,2,middel_R_netto,-0.04947081257566525
A,score,2,middel_R_netto_ci95_lo,-0.13487702536338228
A,score,2,middel_R_netto_ci95_hi,0.03593540021205179
A,score,2,win_rate_pct_netto,23.492462311557787
A,score,2,win_rate_ci95_lo_pct,20.67894256095114
A,score,2,win_rate_ci95_hi_pct,26.56060155792872
A,score,2,holder_pct,48.11557788944724
A,score,2,holder_ci95_lo_pct,44.661975411838114
A,score,2,holder_ci95_hi_pct,51.5872812790775
A,score,2,tvetydige_n,6.0
A,score,2,tvetydige_pct,0.7537688442211056
A,score,2,udfald_maal_pct,23.492462311557787
A,score,2,udfald_stop_pct,48.49246231155779
A,score,2,udfald_BE_pct,15.954773869346734
A,score,2,udfald_tidsexit_pct,12.06030150753769
A,score,2,udfald_censureret_pct,0.0
A,score,3,handler_n,903.0
A,score,3,dage_med_handel_n,585.0
A,score,3,middel_R_brutto,-0.013321768639758931
A,score,3,middel_R_netto,-0.10628997954428453
A,score,3,middel_R_netto_ci95_lo,-0.18811533730831204
A,score,3,middel_R_netto_ci95_hi,-0.024464621780257018
A,score,3,win_rate_pct_netto,23.80952380952381
A,score,3,win_rate_ci95_lo_pct,21.146154710077504
A,score,3,win_rate_ci95_hi_pct,26.69478315185981
A,score,3,holder_pct,45.84717607973422
A,score,3,holder_ci95_lo_pct,42.621702848392374
A,score,3,holder_ci95_hi_pct,49.10783275339472
A,score,3,tvetydige_n,6.0
A,score,3,tvetydige_pct,0.6644518272425249
A,score,3,udfald_maal_pct,23.80952380952381
A,score,3,udfald_stop_pct,53.0454042081949
A,score,3,udfald_BE_pct,13.510520487264673
A,score,3,udfald_tidsexit_pct,9.634551495016611
A,score,3,udfald_censureret_pct,0.0
A,score,4,handler_n,599.0
A,score,4,dage_med_handel_n,435.0
A,score,4,middel_R_brutto,-0.008957528589251959
A,score,4,middel_R_netto,-0.11399512695734372
A,score,4,middel_R_netto_ci95_lo,-0.21608948861052973
A,score,4,middel_R_netto_ci95_hi,-0.01190076530415772
A,score,4,win_rate_pct_netto,24.874791318864773
A,score,4,win_rate_ci95_lo_pct,21.58038884825625
A,score,4,win_rate_ci95_hi_pct,28.48940220612315
A,score,4,holder_pct,46.24373956594324
A,score,4,holder_ci95_lo_pct,42.28756255599021
A,score,4,holder_ci95_hi_pct,50.247788266093096
A,score,4,tvetydige_n,5.0
A,score,4,tvetydige_pct,0.8347245409015025
A,score,4,udfald_maal_pct,24.874791318864773
A,score,4,udfald_stop_pct,53.58931552587646
A,score,4,udfald_BE_pct,14.858096828046744
A,score,4,udfald_tidsexit_pct,6.67779632721202
A,score,4,udfald_censureret_pct,0.0
A,score,5+,handler_n,305.0
A,score,5+,dage_med_handel_n,247.0
A,score,5+,middel_R_brutto,0.04934100893933906
A,score,5+,middel_R_netto,-0.04465922466649045
A,score,5+,middel_R_netto_ci95_lo,-0.1928502227737706
A,score,5+,middel_R_netto_ci95_hi,0.1035317734407897
A,score,5+,win_rate_pct_netto,28.19672131147541
A,score,5+,win_rate_ci95_lo_pct,23.442350567190562
A,score,5+,win_rate_ci95_hi_pct,33.493482948213014
A,score,5+,holder_pct,46.22950819672131
A,score,5+,holder_ci95_lo_pct,40.715733347169284
A,score,5+,holder_ci95_hi_pct,51.837079967524566
A,score,5+,tvetydige_n,3.0
A,score,5+,tvetydige_pct,0.9836065573770492
A,score,5+,udfald_maal_pct,28.19672131147541
A,score,5+,udfald_stop_pct,52.459016393442624
A,score,5+,udfald_BE_pct,13.114754098360656
A,score,5+,udfald_tidsexit_pct,6.229508196721311
A,score,5+,udfald_censureret_pct,0.0
A,score_bedste_fald,0,handler_n,34.0
A,score_bedste_fald,0,dage_med_handel_n,32.0
A,score_bedste_fald,0,middel_R_brutto,0.6242536132585923
A,score_bedste_fald,0,middel_R_netto,0.548477157724191
A,score_bedste_fald,0,middel_R_netto_ci95_lo,0.0888461203406104
A,score_bedste_fald,0,middel_R_netto_ci95_hi,1.0081081951077717
A,score_bedste_fald,0,win_rate_pct_netto,38.23529411764706
A,score_bedste_fald,0,win_rate_ci95_lo_pct,23.900183324508898
A,score_bedste_fald,0,win_rate_ci95_hi_pct,54.9589826555693
A,score_bedste_fald,0,holder_pct,67.6470588235294
A,score_bedste_fald,0,holder_ci95_lo_pct,50.842894593908206
A,score_bedste_fald,0,holder_ci95_hi_pct,80.8683564359745
A,score_bedste_fald,0,tvetydige_n,0.0
A,score_bedste_fald,0,tvetydige_pct,0.0
A,score_bedste_fald,0,udfald_maal_pct,38.23529411764706
A,score_bedste_fald,0,udfald_stop_pct,29.41176470588235
A,score_bedste_fald,0,udfald_BE_pct,11.764705882352942
A,score_bedste_fald,0,udfald_tidsexit_pct,20.58823529411765
A,score_bedste_fald,0,udfald_censureret_pct,0.0
A,score_bedste_fald,1,handler_n,649.0
A,score_bedste_fald,1,dage_med_handel_n,477.0
A,score_bedste_fald,1,middel_R_brutto,0.0824227041704388
A,score_bedste_fald,1,middel_R_netto,0.010846082592203057
A,score_bedste_fald,1,middel_R_netto_ci95_lo,-0.08277754617503026
A,score_bedste_fald,1,middel_R_netto_ci95_hi,0.10446971135943638
A,score_bedste_fald,1,win_rate_pct_netto,22.18798151001541
A,score_bedste_fald,1,win_rate_ci95_lo_pct,19.160108967676933
A,score_bedste_fald,1,win_rate_ci95_hi_pct,25.543157786839917
A,score_bedste_fald,1,holder_pct,49.46070878274268
A,score_bedste_fald,1,holder_ci95_lo_pct,45.628672365170345
A,score_bedste_fald,1,holder_ci95_hi_pct,53.29909181012501
A,score_bedste_fald,1,tvetydige_n,1.0
A,score_bedste_fald,1,tvetydige_pct,0.15408320493066255
A,score_bedste_fald,1,udfald_maal_pct,22.18798151001541
A,score_bedste_fald,1,udfald_stop_pct,44.99229583975347
A,score_bedste_fald,1,udfald_BE_pct,13.25115562403698
A,score_bedste_fald,1,udfald_tidsexit_pct,19.568567026194145
A,score_bedste_fald,1,udfald_censureret_pct,0.0
A,score_bedste_fald,2,handler_n,796.0
A,score_bedste_fald,2,dage_med_handel_n,570.0
A,score_bedste_fald,2,middel_R_brutto,0.04368114025929599
A,score_bedste_fald,2,middel_R_netto,-0.03304407229917312
A,score_bedste_fald,2,middel_R_netto_ci95_lo,-0.11870135799750431
A,score_bedste_fald,2,middel_R_netto_ci95_hi,0.05261321339915807
A,score_bedste_fald,2,win_rate_pct_netto,23.99497487437186
A,score_bedste_fald,2,win_rate_ci95_lo_pct,21.157674996366065
A,score_bedste_fald,2,win_rate_ci95_hi_pct,27.08206733826963
A,score_bedste_fald,2,holder_pct,48.618090452261306
A,score_bedste_fald,2,holder_ci95_lo_pct,45.1609418621078
A,score_bedste_fald,2,holder_ci95_hi_pct,52.088513044563655
A,score_bedste_fald,2,tvetydige_n,6.0
A,score_bedste_fald,2,tvetydige_pct,0.7537688442211056
A,score_bedste_fald,2,udfald_maal_pct,23.99497487437186
A,score_bedste_fald,2,udfald_stop_pct,47.8643216080402
A,score_bedste_fald,2,udfald_BE_pct,16.08040201005025
A,score_bedste_fald,2,udfald_tidsexit_pct,12.06030150753769
A,score_bedste_fald,2,udfald_censureret_pct,0.0
A,score_bedste_fald,3,handler_n,903.0
A,score_bedste_fald,3,dage_med_handel_n,585.0
A,score_bedste_fald,3,middel_R_brutto,0.0023432855293454903
A,score_bedste_fald,3,middel_R_netto,-0.09062492537518012
A,score_bedste_fald,3,middel_R_netto_ci95_lo,-0.1727583390415533
A,score_bedste_fald,3,middel_R_netto_ci95_hi,-0.00849151170880695
A,score_bedste_fald,3,win_rate_pct_netto,24.363233665559246
A,score_bedste_fald,3,win_rate_ci95_lo_pct,21.67578807190191
A,score_bedste_fald,3,win_rate_ci95_hi_pct,27.267878376463788
A,score_bedste_fald,3,holder_pct,46.84385382059801
A,score_bedste_fald,3,holder_ci95_lo_pct,43.60942456108096
A,score_bedste_fald,3,holder_ci95_hi_pct,50.10502249627723
A,score_bedste_fald,3,tvetydige_n,6.0
A,score_bedste_fald,3,tvetydige_pct,0.6644518272425249
A,score_bedste_fald,3,udfald_maal_pct,24.363233665559246
A,score_bedste_fald,3,udfald_stop_pct,52.602436323366554
A,score_bedste_fald,3,udfald_BE_pct,13.399778516057586
A,score_bedste_fald,3,udfald_tidsexit_pct,9.634551495016611
A,score_bedste_fald,3,udfald_censureret_pct,0.0
A,score_bedste_fald,4,handler_n,599.0
A,score_bedste_fald,4,dage_med_handel_n,435.0
A,score_bedste_fald,4,middel_R_brutto,0.006186144744560988
A,score_bedste_fald,4,middel_R_netto,-0.09885145362353076
A,score_bedste_fald,4,middel_R_netto_ci95_lo,-0.20130048664724803
A,score_bedste_fald,4,middel_R_netto_ci95_hi,0.0035975794001865125
A,score_bedste_fald,4,win_rate_pct_netto,25.375626043405678
A,score_bedste_fald,4,win_rate_ci95_lo_pct,22.055272960342354
A,score_bedste_fald,4,win_rate_ci95_hi_pct,29.009804651092608
A,score_bedste_fald,4,holder_pct,47.412353923205345
A,score_bedste_fald,4,holder_ci95_lo_pct,43.44283772711762
A,score_bedste_fald,4,holder_ci95_hi_pct,51.414848394762004
A,score_bedste_fald,4,tvetydige_n,5.0
A,score_bedste_fald,4,tvetydige_pct,0.8347245409015025
A,score_bedste_fald,4,udfald_maal_pct,25.375626043405678
A,score_bedste_fald,4,udfald_stop_pct,53.08848080133556
A,score_bedste_fald,4,udfald_BE_pct,14.858096828046744
A,score_bedste_fald,4,udfald_tidsexit_pct,6.67779632721202
A,score_bedste_fald,4,udfald_censureret_pct,0.0
A,score_bedste_fald,5+,handler_n,305.0
A,score_bedste_fald,5+,dage_med_handel_n,247.0
A,score_bedste_fald,5+,middel_R_brutto,0.0691983447857497
A,score_bedste_fald,5+,middel_R_netto,-0.024801888820079804
A,score_bedste_fald,5+,middel_R_netto_ci95_lo,-0.17340702850884085
A,score_bedste_fald,5+,middel_R_netto_ci95_hi,0.12380325086868124
A,score_bedste_fald,5+,win_rate_pct_netto,28.852459016393443
A,score_bedste_fald,5+,win_rate_ci95_lo_pct,24.055629042553896
A,score_bedste_fald,5+,win_rate_ci95_hi_pct,34.17536737464206
A,score_bedste_fald,5+,holder_pct,47.540983606557376
A,score_bedste_fald,5+,holder_ci95_lo_pct,42.00187992685497
A,score_bedste_fald,5+,holder_ci95_hi_pct,53.14125919142363
A,score_bedste_fald,5+,tvetydige_n,3.0
A,score_bedste_fald,5+,tvetydige_pct,0.9836065573770492
A,score_bedste_fald,5+,udfald_maal_pct,28.852459016393443
A,score_bedste_fald,5+,udfald_stop_pct,51.80327868852459
A,score_bedste_fald,5+,udfald_BE_pct,13.114754098360656
A,score_bedste_fald,5+,udfald_tidsexit_pct,6.229508196721311
A,score_bedste_fald,5+,udfald_censureret_pct,0.0
A,diagnose_kriterier,f1_brud,sand_n,1973.0
A,diagnose_kriterier,f1_brud,falsk_n,1313.0
A,diagnose_kriterier,f1_brud,sand_middel_R_netto,-0.10384218886919516
A,diagnose_kriterier,f1_brud,falsk_middel_R_netto,0.007836094092096116
A,diagnose_kriterier,f1_brud,forskel_R_netto,-0.11167828296129127
A,diagnose_kriterier,f1_brud,forskel_ci95_lo,-0.19845783523319768
A,diagnose_kriterier,f1_brud,forskel_ci95_hi,-0.024898730689384863
A,diagnose_kriterier,f2_flip,sand_n,317.0
A,diagnose_kriterier,f2_flip,falsk_n,2969.0
A,diagnose_kriterier,f2_flip,sand_middel_R_netto,0.014229606245826264
A,diagnose_kriterier,f2_flip,falsk_middel_R_netto,-0.067060502619039
A,diagnose_kriterier,f2_flip,forskel_R_netto,0.08129010886486526
A,diagnose_kriterier,f2_flip,forskel_ci95_lo,-0.06688282187211134
A,diagnose_kriterier,f2_flip,forskel_ci95_hi,0.22946303960184186
A,diagnose_kriterier,f3_sweep,sand_n,494.0
A,diagnose_kriterier,f3_sweep,falsk_n,2792.0
A,diagnose_kriterier,f3_sweep,sand_middel_R_netto,-0.000836169157385013
A,diagnose_kriterier,f3_sweep,falsk_middel_R_netto,-0.06954827347143683
A,diagnose_kriterier,f3_sweep,forskel_R_netto,0.06871210431405181
A,diagnose_kriterier,f3_sweep,forskel_ci95_lo,-0.050800311787291746
A,diagnose_kriterier,f3_sweep,forskel_ci95_hi,0.18822452041539536
A,diagnose_kriterier,f4_inducement,sand_n,1192.0
A,diagnose_kriterier,f4_inducement,falsk_n,2094.0
A,diagnose_kriterier,f4_inducement,sand_middel_R_netto,-0.1434931669650964
A,diagnose_kriterier,f4_inducement,falsk_middel_R_netto,-0.011245459442982308
A,diagnose_kriterier,f4_inducement,forskel_R_netto,-0.1322477075221141
A,diagnose_kriterier,f4_inducement,forskel_ci95_lo,-0.22207553593536333
A,diagnose_kriterier,f4_inducement,forskel_ci95_hi,-0.042419879108864855
A,diagnose_kriterier,f5_stakket,sand_n,960.0
A,diagnose_kriterier,f5_stakket,falsk_n,2326.0
A,diagnose_kriterier,f5_stakket,sand_middel_R_netto,-0.04286531949292758
A,diagnose_kriterier,f5_stakket,falsk_middel_R_netto,-0.06596781615769105
A,diagnose_kriterier,f5_stakket,forskel_R_netto,0.023102496664763474
A,diagnose_kriterier,f5_stakket,forskel_ci95_lo,-0.07207024121745559
A,diagnose_kriterier,f5_stakket,forskel_ci95_hi,0.11827523454698255
A,diagnose_kriterier,f6_retning,sand_n,1786.0
A,diagnose_kriterier,f6_retning,falsk_n,1500.0
A,diagnose_kriterier,f6_retning,sand_middel_R_netto,-0.04401940211576178
A,diagnose_kriterier,f6_retning,falsk_middel_R_netto,-0.07731546327816623
A,diagnose_kriterier,f6_retning,forskel_R_netto,0.033296061162404446
A,diagnose_kriterier,f6_retning,forskel_ci95_lo,-0.05250342752011696
A,diagnose_kriterier,f6_retning,forskel_ci95_hi,0.11909554984492585
A,diagnose_kriterier,f7_discount,sand_n,2204.0
A,diagnose_kriterier,f7_discount,falsk_n,1082.0
A,diagnose_kriterier,f7_discount,sand_middel_R_netto,-0.09602875295793786
A,diagnose_kriterier,f7_discount,falsk_middel_R_netto,0.015762961574209942
A,diagnose_kriterier,f7_discount,forskel_R_netto,-0.11179171453214781
A,diagnose_kriterier,f7_discount,forskel_ci95_lo,-0.20283094595741885
A,diagnose_kriterier,f7_discount,forskel_ci95_hi,-0.020752483106876787
A,diagnose_side,demand,handler_n,1755.0
A,diagnose_side,demand,middel_R_netto,-0.07225854274631138
A,diagnose_side,demand,middel_R_netto_ci95_lo,-0.1302242424805199
A,diagnose_side,demand,middel_R_netto_ci95_hi,-0.014292843012102867
A,diagnose_side,supply,handler_n,1531.0
A,diagnose_side,supply,middel_R_netto,-0.04427047980158288
A,diagnose_side,supply,middel_R_netto_ci95_lo,-0.10769199922973768
A,diagnose_side,supply,middel_R_netto_ci95_hi,0.019151039626571935
A,diagnose_side,demand_minus_supply,handler_n,3286.0
A,diagnose_side,demand_minus_supply,middel_R_netto,-0.027988062944728505
A,diagnose_side,demand_minus_supply,middel_R_netto_ci95_lo,-0.11387687026191581
A,diagnose_side,demand_minus_supply,middel_R_netto_ci95_hi,0.05790074437245881
A,diagnose_aar,2019,handler_n,454.0
A,diagnose_aar,2019,middel_R_netto,-0.28595768400956284
A,diagnose_aar,2019,middel_R_netto_ci95_lo,-0.39630440741630907
A,diagnose_aar,2019,middel_R_netto_ci95_hi,-0.1756109606028166
A,diagnose_aar,2019,tvetydige_n,2.0
A,diagnose_aar,2020,handler_n,741.0
A,diagnose_aar,2020,middel_R_netto,-0.06652394078634682
A,diagnose_aar,2020,middel_R_netto_ci95_lo,-0.1568175429447081
A,diagnose_aar,2020,middel_R_netto_ci95_hi,0.023769661372014445
A,diagnose_aar,2020,tvetydige_n,7.0
A,diagnose_aar,2021,handler_n,698.0
A,diagnose_aar,2021,middel_R_netto,-0.047603485779773795
A,diagnose_aar,2021,middel_R_netto_ci95_lo,-0.1382871099468571
A,diagnose_aar,2021,middel_R_netto_ci95_hi,0.043080138387309515
A,diagnose_aar,2021,tvetydige_n,3.0
A,diagnose_aar,2022,handler_n,714.0
A,diagnose_aar,2022,middel_R_netto,0.02545855492812059
A,diagnose_aar,2022,middel_R_netto_ci95_lo,-0.06919792490533433
A,diagnose_aar,2022,middel_R_netto_ci95_hi,0.1201150347615755
A,diagnose_aar,2022,tvetydige_n,2.0
A,diagnose_aar,2023,handler_n,679.0
A,diagnose_aar,2023,middel_R_netto,-0.0006229655042287332
A,diagnose_aar,2023,middel_R_netto_ci95_lo,-0.09562263580178947
A,diagnose_aar,2023,middel_R_netto_ci95_hi,0.094376704793332
A,diagnose_aar,2023,tvetydige_n,7.0
A,diagnose_strejf,skygge,strejf_n,63.0
A,diagnose_strejf,skygge,hvis_fyldt_middel_R_netto,0.4041387524913665
A,diagnose_strejf,skygge,hvis_fyldt_win_rate_pct_netto,34.92063492063492
A,variant,brud_alene,mde_middel_R_netto,0.13
A,variant,brud_alene,handler_n,974.0
A,variant,brud_alene,dage_med_handel_n,907.0
A,variant,brud_alene,middel_R_brutto,0.06026648410567571
A,variant,brud_alene,middel_R_netto,-0.037629892325042096
A,variant,brud_alene,middel_R_netto_ci95_lo,-0.11902102084770583
A,variant,brud_alene,middel_R_netto_ci95_hi,0.04376123619762163
A,variant,brud_alene,win_rate_pct_netto,27.82340862422998
A,variant,brud_alene,win_rate_ci95_lo_pct,25.100402020283024
A,variant,brud_alene,win_rate_ci95_hi_pct,30.720657098952437
A,variant,brud_alene,holder_pct,50.30800821355236
A,variant,brud_alene,holder_ci95_lo_pct,47.17296653876008
A,variant,brud_alene,holder_ci95_hi_pct,53.44062986236165
A,variant,brud_alene,tvetydige_n,10.0
A,variant,brud_alene,tvetydige_pct,1.0266940451745379
A,variant,brud_alene,udfald_maal_pct,27.82340862422998
A,variant,brud_alene,udfald_stop_pct,51.12936344969199
A,variant,brud_alene,udfald_BE_pct,16.119096509240247
A,variant,brud_alene,udfald_tidsexit_pct,4.9281314168377826
A,variant,brud_alene,udfald_censureret_pct,0.0
A,variant,brud_alene,signaler_sprunget_over_position_n,37.0
A,variant,brud_alene,signaler_sprunget_over_dagslukket_n,983.0
A,variant,brud_alene,signaler_n,2011.0
A,variant,brud_alene,omk_R_netto_p50,0.07024064171122721
A,variant,brud_alene,omk_R_netto_p90,0.19901515151514051
A,variant,brud_alene,strejf_uden_gennemhandling_n,17.0
A,variant_strejf,brud_alene,strejf_n,17.0
A,variant_strejf,brud_alene,hvis_fyldt_middel_R_netto,0.9576598472973487
A,variant_strejf,brud_alene,hvis_fyldt_win_rate_pct_netto,58.8235294117647
A,variant_N1,brud_alene,p5,-0.1654155845260449
A,variant_N1,brud_alene,p50,-0.0833162779144597
A,variant_N1,brud_alene,p95,-0.0012825840116369785
A,variant_N1,brud_alene,handler_n_p50,675.0
A,variant_N1,brud_alene,gyldige_n,500.0
A,variant_N1,brud_alene,R,500.0
A,variant,score_ge_2,mde_middel_R_netto,0.13
A,variant,score_ge_2,handler_n,1104.0
A,variant,score_ge_2,dage_med_handel_n,1005.0
A,variant,score_ge_2,middel_R_brutto,0.09286784436638655
A,variant,score_ge_2,middel_R_netto,-0.0018686098786092958
A,variant,score_ge_2,middel_R_netto_ci95_lo,-0.07878420172146196
A,variant,score_ge_2,middel_R_netto_ci95_hi,0.07504698196424338
A,variant,score_ge_2,win_rate_pct_netto,28.804347826086957
A,variant,score_ge_2,win_rate_ci95_lo_pct,26.210187450987743
A,variant,score_ge_2,win_rate_ci95_hi_pct,31.545500759291944
A,variant,score_ge_2,holder_pct,50.45289855072464
A,variant,score_ge_2,holder_ci95_lo_pct,47.50716726793703
A,variant,score_ge_2,holder_ci95_hi_pct,53.39548896688605
A,variant,score_ge_2,tvetydige_n,11.0
A,variant,score_ge_2,tvetydige_pct,0.9963768115942029
A,variant,score_ge_2,udfald_maal_pct,28.804347826086957
A,variant,score_ge_2,udfald_stop_pct,50.0
A,variant,score_ge_2,udfald_BE_pct,16.032608695652176
A,variant,score_ge_2,udfald_tidsexit_pct,5.163043478260869
A,variant,score_ge_2,udfald_censureret_pct,0.0
A,variant,score_ge_2,signaler_sprunget_over_position_n,52.0
A,variant,score_ge_2,signaler_sprunget_over_dagslukket_n,1479.0
A,variant,score_ge_2,signaler_n,2651.0
A,variant,score_ge_2,omk_R_netto_p50,0.06542963885429401
A,variant,score_ge_2,omk_R_netto_p90,0.19105454545454545
A,variant,score_ge_2,strejf_uden_gennemhandling_n,16.0
A,variant_strejf,score_ge_2,strejf_n,16.0
A,variant_strejf,score_ge_2,hvis_fyldt_middel_R_netto,0.7041598465873175
A,variant_strejf,score_ge_2,hvis_fyldt_win_rate_pct_netto,43.75
A,variant_N1,score_ge_2,p5,-0.1533195733681109
A,variant_N1,score_ge_2,p50,-0.08135125764435272
A,variant_N1,score_ge_2,p95,-0.006456115454284486
A,variant_N1,score_ge_2,handler_n_p50,782.0
A,variant_N1,score_ge_2,gyldige_n,500.0
A,variant_N1,score_ge_2,R,500.0
A,variant,score_ge_3,mde_middel_R_netto,0.14
A,variant,score_ge_3,handler_n,937.0
A,variant,score_ge_3,dage_med_handel_n,875.0
A,variant,score_ge_3,middel_R_brutto,0.07048078045498184
A,variant,score_ge_3,middel_R_netto,-0.02685307162252486
A,variant,score_ge_3,middel_R_netto_ci95_lo,-0.11053810226206631
A,variant,score_ge_3,middel_R_netto_ci95_hi,0.0568319590170166
A,variant,score_ge_3,win_rate_pct_netto,28.38847385272145
A,variant,score_ge_3,win_rate_ci95_lo_pct,25.594302467329495
A,variant,score_ge_3,win_rate_ci95_hi_pct,31.359125105085223
A,variant,score_ge_3,holder_pct,49.30629669156884
A,variant,score_ge_3,holder_ci95_lo_pct,46.11451619132614
A,variant,score_ge_3,holder_ci95_hi_pct,52.503741977664944
A,variant,score_ge_3,tvetydige_n,9.0
A,variant,score_ge_3,tvetydige_pct,0.96051227321238
A,variant,score_ge_3,udfald_maal_pct,28.38847385272145
A,variant,score_ge_3,udfald_stop_pct,51.2273212379936
A,variant,score_ge_3,udfald_BE_pct,14.941302027748133
A,variant,score_ge_3,udfald_tidsexit_pct,5.44290288153682
A,variant,score_ge_3,udfald_censureret_pct,0.0
A,variant,score_ge_3,signaler_sprunget_over_position_n,29.0
A,variant,score_ge_3,signaler_sprunget_over_dagslukket_n,857.0
A,variant,score_ge_3,signaler_n,1840.0
A,variant,score_ge_3,omk_R_netto_p50,0.07128900949796753
A,variant,score_ge_3,omk_R_netto_p90,0.19901515151514051
A,variant,score_ge_3,strejf_uden_gennemhandling_n,17.0
A,variant_strejf,score_ge_3,strejf_n,17.0
A,variant_strejf,score_ge_3,hvis_fyldt_middel_R_netto,0.9744179124206014
A,variant_strejf,score_ge_3,hvis_fyldt_win_rate_pct_netto,58.8235294117647
A,variant_N1,score_ge_3,p5,-0.15512702830934827
A,variant_N1,score_ge_3,p50,-0.07307078879921675
A,variant_N1,score_ge_3,p95,0.00944744029802246
A,variant_N1,score_ge_3,handler_n_p50,610.0
A,variant_N1,score_ge_3,gyldige_n,500.0
A,variant_N1,score_ge_3,R,500.0
A,variant,score_ge_4,mde_middel_R_netto,0.17
A,variant,score_ge_4,handler_n,598.0
A,variant,score_ge_4,dage_med_handel_n,578.0
A,variant,score_ge_4,middel_R_brutto,0.09492183331447589
A,variant,score_ge_4,middel_R_netto,-0.002859971080450033
A,variant,score_ge_4,middel_R_netto_ci95_lo,-0.10826140747414434
A,variant,score_ge_4,middel_R_netto_ci95_hi,0.10254146531324426
A,variant,score_ge_4,win_rate_pct_netto,28.762541806020067
A,variant,score_ge_4,win_rate_ci95_lo_pct,25.279170647575505
A,variant,score_ge_4,win_rate_ci95_hi_pct,32.517023636262635
A,variant,score_ge_4,holder_pct,49.163879598662206
A,variant,score_ge_4,holder_ci95_lo_pct,45.175136960060456
A,variant,score_ge_4,holder_ci95_hi_pct,53.16329588575994
A,variant,score_ge_4,tvetydige_n,6.0
A,variant,score_ge_4,tvetydige_pct,1.0033444816053512
A,variant,score_ge_4,udfald_maal_pct,28.762541806020067
A,variant,score_ge_4,udfald_stop_pct,50.33444816053512
A,variant,score_ge_4,udfald_BE_pct,14.715719063545151
A,variant,score_ge_4,udfald_tidsexit_pct,6.187290969899665
A,variant,score_ge_4,udfald_censureret_pct,0.0
A,variant,score_ge_4,signaler_sprunget_over_position_n,19.0
A,variant,score_ge_4,signaler_sprunget_over_dagslukket_n,291.0
A,variant,score_ge_4,signaler_n,920.0
A,variant,score_ge_4,omk_R_netto_p50,0.07463068181818026
A,variant,score_ge_4,omk_R_netto_p90,0.20766798418969942
A,variant,score_ge_4,strejf_uden_gennemhandling_n,12.0
A,variant_strejf,score_ge_4,strejf_n,12.0
A,variant_strejf,score_ge_4,hvis_fyldt_middel_R_netto,0.3225408404175097
A,variant_strejf,score_ge_4,hvis_fyldt_win_rate_pct_netto,33.333333333333336
A,variant_N1,score_ge_4,p5,-0.18064779650395552
A,variant_N1,score_ge_4,p50,-0.07813393500606372
A,variant_N1,score_ge_4,p95,0.031574365360661064
A,variant_N1,score_ge_4,handler_n_p50,370.0
A,variant_N1,score_ge_4,gyldige_n,500.0
A,variant_N1,score_ge_4,R,500.0
B,hovedtest,beta,mde_beta,0.04
B,hovedtest,beta,signaler_n,9273.0
B,hovedtest,beta,skygge_n,8948.0
B,hovedtest,beta,n,8948.0
B,hovedtest,beta,klynger_n,1173.0
B,hovedtest,beta,beta,-0.028530274613163376
B,hovedtest,beta,se,0.012157103964562828
B,hovedtest,beta,t,-2.34679860403656
B,hovedtest,beta,df,1172.0
B,hovedtest,beta,ci95_lo,-0.052382393004404934
B,hovedtest,beta,ci95_hi,-0.004678156221921817
B,hovedtest,beta,p_ensidet,0.9904493688423613
B,hovedtest,beta,alfa,0.025
B,hovedtest,beta,signifikant,0.0
B,hovedtest,beta,skaering,-0.07596164011763074
B,hovedtest_bedste_fald,beta,n,8948.0
B,hovedtest_bedste_fald,beta,klynger_n,1173.0
B,hovedtest_bedste_fald,beta,beta,-0.01645140927179442
B,hovedtest_bedste_fald,beta,se,0.012077723690568996
B,hovedtest_bedste_fald,beta,t,-1.3621283027563098
B,hovedtest_bedste_fald,beta,df,1172.0
B,hovedtest_bedste_fald,beta,ci95_lo,-0.040147784346309466
B,hovedtest_bedste_fald,beta,ci95_hi,0.007244965802720625
B,hovedtest_bedste_fald,beta,p_ensidet,0.913290437296123
B,hovedtest_bedste_fald,beta,alfa,0.025
B,hovedtest_bedste_fald,beta,signifikant,0.0
B,hovedtest_bedste_fald,beta,skaering,-0.08307494813656757
B,hovedtest_N1,beta,p5,-0.018575947673799234
B,hovedtest_N1,beta,p50,0.005243151878723262
B,hovedtest_N1,beta,p95,0.031627467623033687
B,hovedtest_N1,beta,andel_ge_observeret,0.988
B,hovedtest_N1,beta,R,500.0
B,hovedtest_N1,beta,gyldige_n,500.0
B,score,0,handler_n,130.0
B,score,0,dage_med_handel_n,117.0
B,score,0,middel_R_brutto,-0.008162016258750472
B,score,0,middel_R_netto,-0.13174328411169187
B,score,0,middel_R_netto_ci95_lo,-0.3607337466558378
B,score,0,middel_R_netto_ci95_hi,0.09724717843245409
B,score,0,win_rate_pct_netto,26.923076923076923
B,score,0,win_rate_ci95_lo_pct,20.04169827826835
B,score,0,win_rate_ci95_hi_pct,35.129143007628485
B,score,0,holder_pct,50.0
B,score,0,holder_ci95_lo_pct,41.52923244410056
B,score,0,holder_ci95_hi_pct,58.47076755589944
B,score,0,tvetydige_n,0.0
B,score,0,tvetydige_pct,0.0
B,score,0,udfald_maal_pct,26.923076923076923
B,score,0,udfald_stop_pct,56.15384615384615
B,score,0,udfald_BE_pct,13.076923076923077
B,score,0,udfald_tidsexit_pct,3.8461538461538463
B,score,0,udfald_censureret_pct,0.0
B,score,1,handler_n,1863.0
B,score,1,dage_med_handel_n,926.0
B,score,1,middel_R_brutto,0.0019818035572691487
B,score,1,middel_R_netto,-0.10417401896033272
B,score,1,middel_R_netto_ci95_lo,-0.1626286700754536
B,score,1,middel_R_netto_ci95_hi,-0.045719367845211856
B,score,1,win_rate_pct_netto,26.99946323134729
B,score,1,win_rate_ci95_lo_pct,25.032349718122145
B,score,1,win_rate_ci95_hi_pct,29.061234611134328
B,score,1,holder_pct,49.86580783682233
B,score,1,holder_ci95_lo_pct,47.59798074442941
B,score,1,holder_ci95_hi_pct,52.13418719214733
B,score,1,tvetydige_n,5.0
B,score,1,tvetydige_pct,0.2683843263553409
B,score,1,udfald_maal_pct,26.99946323134729
B,score,1,udfald_stop_pct,54.05260332796565
B,score,1,udfald_BE_pct,16.854535695115406
B,score,1,udfald_tidsexit_pct,2.0933977455716586
B,score,1,udfald_censureret_pct,0.0
B,score,2,handler_n,2442.0
B,score,2,dage_med_handel_n,1011.0
B,score,2,middel_R_brutto,-0.013225578199469306
B,score,2,middel_R_netto,-0.12436724618696826
B,score,2,middel_R_netto_ci95_lo,-0.175662787706435
B,score,2,middel_R_netto_ci95_hi,-0.07307170466750153
B,score,2,win_rate_pct_netto,26.6994266994267
B,score,2,win_rate_ci95_lo_pct,24.982412079712837
B,score,2,win_rate_ci95_hi_pct,28.489633465352586
B,score,2,holder_pct,48.157248157248155
B,score,2,holder_ci95_lo_pct,46.179941479052836
B,score,2,holder_ci95_hi_pct,50.14034331800858
B,score,2,tvetydige_n,18.0
B,score,2,tvetydige_pct,0.7371007371007371
B,score,2,udfald_maal_pct,26.6994266994267
B,score,2,udfald_stop_pct,55.11875511875512
B,score,2,udfald_BE_pct,15.92956592956593
B,score,2,udfald_tidsexit_pct,2.2522522522522523
B,score,2,udfald_censureret_pct,0.0
B,score,3,handler_n,2356.0
B,score,3,dage_med_handel_n,960.0
B,score,3,middel_R_brutto,-0.028204896115124556
B,score,3,middel_R_netto,-0.16564481670224315
B,score,3,middel_R_netto_ci95_lo,-0.21810806929492377
B,score,3,middel_R_netto_ci95_hi,-0.11318156410956254
B,score,3,win_rate_pct_netto,26.146010186757216
B,score,3,win_rate_ci95_lo_pct,24.411466109042713
B,score,3,win_rate_ci95_hi_pct,27.958215515175077
B,score,3,holder_pct,46.73174872665535
B,score,3,holder_ci95_lo_pct,44.724047356689944
B,score,3,holder_ci95_hi_pct,48.75009051709078
B,score,3,tvetydige_n,36.0
B,score,3,tvetydige_pct,1.5280135823429541
B,score,3,udfald_maal_pct,26.146010186757216
B,score,3,udfald_stop_pct,55.602716468590835
B,score,3,udfald_BE_pct,15.449915110356537
B,score,3,udfald_tidsexit_pct,2.801358234295416
B,score,3,udfald_censureret_pct,0.0
B,score,4,handler_n,1539.0
B,score,4,dage_med_handel_n,805.0
B,score,4,middel_R_brutto,-0.03471382310228528
B,score,4,middel_R_netto,-0.19673240596371264
B,score,4,middel_R_netto_ci95_lo,-0.26220944253727574
B,score,4,middel_R_netto_ci95_hi,-0.1312553693901495
B,score,4,win_rate_pct_netto,26.575698505523068
B,score,4,win_rate_ci95_lo_pct,24.429056850911923
B,score,4,win_rate_ci95_hi_pct,28.838986610202166
B,score,4,holder_pct,46.26380766731644
B,score,4,holder_ci95_lo_pct,43.78514330418039
B,score,4,holder_ci95_hi_pct,48.76107722013045
B,score,4,tvetydige_n,42.0
B,score,4,tvetydige_pct,2.729044834307992
B,score,4,udfald_maal_pct,26.575698505523068
B,score,4,udfald_stop_pct,56.14035087719298
B,score,4,udfald_BE_pct,15.269655620532813
B,score,4,udfald_tidsexit_pct,2.014294996751137
B,score,4,udfald_censureret_pct,0.0
B,score,5+,handler_n,618.0
B,score,5+,dage_med_handel_n,431.0
B,score,5+,middel_R_brutto,-0.046395701241723326
B,score,5+,middel_R_netto,-0.2098760813137476
B,score,5+,middel_R_netto_ci95_lo,-0.31273615777255337
B,score,5+,middel_R_netto_ci95_hi,-0.10701600485494184
B,score,5+,win_rate_pct_netto,26.375404530744337
B,score,5+,win_rate_ci95_lo_pct,23.054740725722763
B,score,5+,win_rate_ci95_hi_pct,29.98795273608496
B,score,5+,holder_pct,44.983818770226534
B,score,5+,holder_ci95_lo_pct,41.104639788604175
B,score,5+,holder_ci95_hi_pct,48.92497320671116
B,score,5+,tvetydige_n,13.0
B,score,5+,tvetydige_pct,2.103559870550162
B,score,5+,udfald_maal_pct,26.375404530744337
B,score,5+,udfald_stop_pct,56.79611650485437
B,score,5+,udfald_BE_pct,14.88673139158576
B,score,5+,udfald_tidsexit_pct,1.941747572815534
B,score,5+,udfald_censureret_pct,0.0
B,score_bedste_fald,0,handler_n,130.0
B,score_bedste_fald,0,dage_med_handel_n,117.0
B,score_bedste_fald,0,middel_R_brutto,-0.008162016258750472
B,score_bedste_fald,0,middel_R_netto,-0.13174328411169187
B,score_bedste_fald,0,middel_R_netto_ci95_lo,-0.3607337466558378
B,score_bedste_fald,0,middel_R_netto_ci95_hi,0.09724717843245409
B,score_bedste_fald,0,win_rate_pct_netto,26.923076923076923
B,score_bedste_fald,0,win_rate_ci95_lo_pct,20.04169827826835
B,score_bedste_fald,0,win_rate_ci95_hi_pct,35.129143007628485
B,score_bedste_fald,0,holder_pct,50.0
B,score_bedste_fald,0,holder_ci95_lo_pct,41.52923244410056
B,score_bedste_fald,0,holder_ci95_hi_pct,58.47076755589944
B,score_bedste_fald,0,tvetydige_n,0.0
B,score_bedste_fald,0,tvetydige_pct,0.0
B,score_bedste_fald,0,udfald_maal_pct,26.923076923076923
B,score_bedste_fald,0,udfald_stop_pct,56.15384615384615
B,score_bedste_fald,0,udfald_BE_pct,13.076923076923077
B,score_bedste_fald,0,udfald_tidsexit_pct,3.8461538461538463
B,score_bedste_fald,0,udfald_censureret_pct,0.0
B,score_bedste_fald,1,handler_n,1863.0
B,score_bedste_fald,1,dage_med_handel_n,926.0
B,score_bedste_fald,1,middel_R_brutto,0.007925358228434935
B,score_bedste_fald,1,middel_R_netto,-0.09823046428916694
B,score_bedste_fald,1,middel_R_netto_ci95_lo,-0.15679077427900934
B,score_bedste_fald,1,middel_R_netto_ci95_hi,-0.03967015429932456
B,score_bedste_fald,1,win_rate_pct_netto,27.214170692431562
B,score_bedste_fald,1,win_rate_ci95_lo_pct,25.241610951772586
B,score_bedste_fald,1,win_rate_ci95_hi_pct,29.280504678961073
B,score_bedste_fald,1,holder_pct,50.18786902844874
B,score_bedste_fald,1,holder_ci95_lo_pct,47.91938704631742
B,score_bedste_fald,1,holder_ci95_hi_pct,52.45557784247512
B,score_bedste_fald,1,tvetydige_n,5.0
B,score_bedste_fald,1,tvetydige_pct,0.2683843263553409
B,score_bedste_fald,1,udfald_maal_pct,27.214170692431562
B,score_bedste_fald,1,udfald_stop_pct,53.89157273215244
B,score_bedste_fald,1,udfald_BE_pct,16.800858829844337
B,score_bedste_fald,1,udfald_tidsexit_pct,2.0933977455716586
B,score_bedste_fald,1,udfald_censureret_pct,0.0
B,score_bedste_fald,2,handler_n,2442.0
B,score_bedste_fald,2,dage_med_handel_n,1011.0
B,score_bedste_fald,2,middel_R_brutto,-9.128196293952634e-06
B,score_bedste_fald,2,middel_R_netto,-0.11115079618379292
B,score_bedste_fald,2,middel_R_netto_ci95_lo,-0.16250913618967927
B,score_bedste_fald,2,middel_R_netto_ci95_hi,-0.059792456177906565
B,score_bedste_fald,2,win_rate_pct_netto,27.06797706797707
B,score_bedste_fald,2,win_rate_ci95_lo_pct,25.342781617533085
B,score_bedste_fald,2,win_rate_ci95_hi_pct,28.86520696812006
B,score_bedste_fald,2,holder_pct,48.85339885339885
B,score_bedste_fald,2,holder_ci95_lo_pct,46.87417496798598
B,score_bedste_fald,2,holder_ci95_hi_pct,50.83622446129669
B,score_bedste_fald,2,tvetydige_n,18.0
B,score_bedste_fald,2,tvetydige_pct,0.7371007371007371
B,score_bedste_fald,2,udfald_maal_pct,27.06797706797707
B,score_bedste_fald,2,udfald_stop_pct,54.54545454545455
B,score_bedste_fald,2,udfald_BE_pct,16.134316134316133
B,score_bedste_fald,2,udfald_tidsexit_pct,2.2522522522522523
B,score_bedste_fald,2,udfald_censureret_pct,0.0
B,score_bedste_fald,3,handler_n,2356.0
B,score_bedste_fald,3,dage_med_handel_n,960.0
B,score_bedste_fald,3,middel_R_brutto,0.001754638690085497
B,score_bedste_fald,3,middel_R_netto,-0.1356852818970331
B,score_bedste_fald,3,middel_R_netto_ci95_lo,-0.18824671832741288
B,score_bedste_fald,3,middel_R_netto_ci95_hi,-0.08312384546665333
B,score_bedste_fald,3,win_rate_pct_netto,26.91001697792869
B,score_bedste_fald,3,win_rate_ci95_lo_pct,25.157870323956015
B,score_bedste_fald,3,win_rate_ci95_hi_pct,28.737337511585753
B,score_bedste_fald,3,holder_pct,48.51443123938879
B,score_bedste_fald,3,holder_ci95_lo_pct,46.5004099088637
B,score_bedste_fald,3,holder_ci95_hi_pct,50.53328912467299
B,score_bedste_fald,3,tvetydige_n,36.0
B,score_bedste_fald,3,tvetydige_pct,1.5280135823429541
B,score_bedste_fald,3,udfald_maal_pct,26.91001697792869
B,score_bedste_fald,3,udfald_stop_pct,54.159592529711375
B,score_bedste_fald,3,udfald_BE_pct,16.129032258064516
B,score_bedste_fald,3,udfald_tidsexit_pct,2.801358234295416
B,score_bedste_fald,3,udfald_censureret_pct,0.0
B,score_bedste_fald,4,handler_n,1539.0
B,score_bedste_fald,4,dage_med_handel_n,805.0
B,score_bedste_fald,4,middel_R_brutto,0.014410127732804907
B,score_bedste_fald,4,middel_R_netto,-0.14760845512862247
B,score_bedste_fald,4,middel_R_netto_ci95_lo,-0.21323095191450012
B,score_bedste_fald,4,middel_R_netto_ci95_hi,-0.08198595834274483
B,score_bedste_fald,4,win_rate_pct_netto,27.74528914879792
B,score_bedste_fald,4,win_rate_ci95_lo_pct,25.56584869052429
B,score_bedste_fald,4,win_rate_ci95_hi_pct,30.035551823849023
B,score_bedste_fald,4,holder_pct,49.252761533463286
B,score_bedste_fald,4,holder_ci95_lo_pct,46.759975275950154
B,score_bedste_fald,4,holder_ci95_hi_pct,51.749268828912
B,score_bedste_fald,4,tvetydige_n,42.0
B,score_bedste_fald,4,tvetydige_pct,2.729044834307992
B,score_bedste_fald,4,udfald_maal_pct,27.74528914879792
B,score_bedste_fald,4,udfald_stop_pct,53.606237816764136
B,score_bedste_fald,4,udfald_BE_pct,16.63417803768681
B,score_bedste_fald,4,udfald_tidsexit_pct,2.014294996751137
B,score_bedste_fald,4,udfald_censureret_pct,0.0
B,score_bedste_fald,5+,handler_n,618.0
B,score_bedste_fald,5+,dage_med_handel_n,431.0
B,score_bedste_fald,5+,middel_R_brutto,-0.00534878232999676
B,score_bedste_fald,5+,middel_R_netto,-0.168829162402021
B,score_bedste_fald,5+,middel_R_netto_ci95_lo,-0.27174837350790243
B,score_bedste_fald,5+,middel_R_netto_ci95_hi,-0.0659099512961396
B,score_bedste_fald,5+,win_rate_pct_netto,27.508090614886733
B,score_bedste_fald,5+,win_rate_ci95_lo_pct,24.134479322066987
B,score_bedste_fald,5+,win_rate_ci95_hi_pct,31.15959185047598
B,score_bedste_fald,5+,holder_pct,47.249190938511326
B,score_bedste_fald,5+,holder_ci95_lo_pct,43.342228673415626
B,score_bedste_fald,5+,holder_ci95_hi_pct,51.1901397433702
B,score_bedste_fald,5+,tvetydige_n,13.0
B,score_bedste_fald,5+,tvetydige_pct,2.103559870550162
B,score_bedste_fald,5+,udfald_maal_pct,27.508090614886733
B,score_bedste_fald,5+,udfald_stop_pct,55.016181229773466
B,score_bedste_fald,5+,udfald_BE_pct,15.533980582524272
B,score_bedste_fald,5+,udfald_tidsexit_pct,1.941747572815534
B,score_bedste_fald,5+,udfald_censureret_pct,0.0
B,diagnose_kriterier,f1_brud,sand_n,4983.0
B,diagnose_kriterier,f1_brud,falsk_n,3965.0
B,diagnose_kriterier,f1_brud,sand_middel_R_netto,-0.1893797346208114
B,diagnose_kriterier,f1_brud,falsk_middel_R_netto,-0.09935994981367666
B,diagnose_kriterier,f1_brud,forskel_R_netto,-0.09001978480713474
B,diagnose_kriterier,f1_brud,forskel_ci95_lo,-0.14404810999815768
B,diagnose_kriterier,f1_brud,forskel_ci95_hi,-0.035991459616111804
B,diagnose_kriterier,f2_flip,sand_n,896.0
B,diagnose_kriterier,f2_flip,falsk_n,8052.0
B,diagnose_kriterier,f2_flip,sand_middel_R_netto,-0.11157102582757884
B,diagnose_kriterier,f2_flip,falsk_middel_R_netto,-0.1537101067418306
B,diagnose_kriterier,f2_flip,forskel_R_netto,0.04213908091425177
B,diagnose_kriterier,f2_flip,forskel_ci95_lo,-0.046989842344875396
B,diagnose_kriterier,f2_flip,forskel_ci95_hi,0.13126800417337892
B,diagnose_kriterier,f3_sweep,sand_n,1218.0
B,diagnose_kriterier,f3_sweep,falsk_n,7730.0
B,diagnose_kriterier,f3_sweep,sand_middel_R_netto,-0.066537657735343
B,diagnose_kriterier,f3_sweep,falsk_middel_R_netto,-0.16256126151424102
B,diagnose_kriterier,f3_sweep,forskel_R_netto,0.09602360377889803
B,diagnose_kriterier,f3_sweep,forskel_ci95_lo,0.017861630084882174
B,diagnose_kriterier,f3_sweep,forskel_ci95_hi,0.17418557747291388
B,diagnose_kriterier,f4_inducement,sand_n,2899.0
B,diagnose_kriterier,f4_inducement,falsk_n,6049.0
B,diagnose_kriterier,f4_inducement,sand_middel_R_netto,-0.256380801910603
B,diagnose_kriterier,f4_inducement,falsk_middel_R_netto,-0.09826309702230006
B,diagnose_kriterier,f4_inducement,forskel_R_netto,-0.1581177048883029
B,diagnose_kriterier,f4_inducement,forskel_ci95_lo,-0.2156388765211325
B,diagnose_kriterier,f4_inducement,forskel_ci95_hi,-0.10059653325547328
B,diagnose_kriterier,f5_stakket,sand_n,2712.0
B,diagnose_kriterier,f5_stakket,falsk_n,6236.0
B,diagnose_kriterier,f5_stakket,sand_middel_R_netto,-0.1239916277442075
B,diagnose_kriterier,f5_stakket,falsk_middel_R_netto,-0.16057987879801802
B,diagnose_kriterier,f5_stakket,forskel_R_netto,0.03658825105381053
B,diagnose_kriterier,f5_stakket,forskel_ci95_lo,-0.022052315122774405
B,diagnose_kriterier,f5_stakket,forskel_ci95_hi,0.09522881723039546
B,diagnose_kriterier,f6_retning,sand_n,4569.0
B,diagnose_kriterier,f6_retning,falsk_n,4379.0
B,diagnose_kriterier,f6_retning,sand_middel_R_netto,-0.13465013863755754
B,diagnose_kriterier,f6_retning,falsk_middel_R_netto,-0.16497486530982658
B,diagnose_kriterier,f6_retning,forskel_R_netto,0.030324726672269042
B,diagnose_kriterier,f6_retning,forskel_ci95_lo,-0.02344176030769657
B,diagnose_kriterier,f6_retning,forskel_ci95_hi,0.08409121365223465
B,diagnose_kriterier,f7_discount,sand_n,5871.0
B,diagnose_kriterier,f7_discount,falsk_n,3077.0
B,diagnose_kriterier,f7_discount,sand_middel_R_netto,-0.1763321258018752
B,diagnose_kriterier,f7_discount,falsk_middel_R_netto,-0.09827608321219428
B,diagnose_kriterier,f7_discount,forskel_R_netto,-0.07805604258968094
B,diagnose_kriterier,f7_discount,forskel_ci95_lo,-0.1345896920920287
B,diagnose_kriterier,f7_discount,forskel_ci95_hi,-0.021522393087333183
B,diagnose_side,demand,handler_n,4661.0
B,diagnose_side,demand,middel_R_netto,-0.1461630655989041
B,diagnose_side,demand,middel_R_netto_ci95_lo,-0.18354687436511574
B,diagnose_side,demand,middel_R_netto_ci95_hi,-0.10877925683269248
B,diagnose_side,supply,handler_n,4287.0
B,diagnose_side,supply,middel_R_netto,-0.15310832047358036
B,diagnose_side,supply,middel_R_netto_ci95_lo,-0.19179260156250097
B,diagnose_side,supply,middel_R_netto_ci95_hi,-0.11442403938465975
B,diagnose_side,demand_minus_supply,handler_n,8948.0
B,diagnose_side,demand_minus_supply,middel_R_netto,0.00694525487467626
B,diagnose_side,demand_minus_supply,middel_R_netto_ci95_lo,-0.04684358367549313
B,diagnose_side,demand_minus_supply,middel_R_netto_ci95_hi,0.06073409342484565
B,diagnose_aar,2019,handler_n,1191.0
B,diagnose_aar,2019,middel_R_netto,-0.33621224187296417
B,diagnose_aar,2019,middel_R_netto_ci95_lo,-0.41136060498894045
B,diagnose_aar,2019,middel_R_netto_ci95_hi,-0.2610638787569879
B,diagnose_aar,2019,tvetydige_n,15.0
B,diagnose_aar,2020,handler_n,1969.0
B,diagnose_aar,2020,middel_R_netto,-0.16251309749261567
B,diagnose_aar,2020,middel_R_netto_ci95_lo,-0.21954997068333104
B,diagnose_aar,2020,middel_R_netto_ci95_hi,-0.10547622430190029
B,diagnose_aar,2020,tvetydige_n,22.0
B,diagnose_aar,2021,handler_n,1955.0
B,diagnose_aar,2021,middel_R_netto,-0.13785747308351845
B,diagnose_aar,2021,middel_R_netto_ci95_lo,-0.19528815744037561
B,diagnose_aar,2021,middel_R_netto_ci95_hi,-0.08042678872666129
B,diagnose_aar,2021,tvetydige_n,35.0
B,diagnose_aar,2022,handler_n,2007.0
B,diagnose_aar,2022,middel_R_netto,-0.10144877373038812
B,diagnose_aar,2022,middel_R_netto_ci95_lo,-0.15700023471511332
B,diagnose_aar,2022,middel_R_netto_ci95_hi,-0.04589731274566293
B,diagnose_aar,2022,tvetydige_n,25.0
B,diagnose_aar,2023,handler_n,1826.0
B,diagnose_aar,2023,middel_R_netto,-0.07891856562864341
B,diagnose_aar,2023,middel_R_netto_ci95_lo,-0.13905268500657153
B,diagnose_aar,2023,middel_R_netto_ci95_hi,-0.018784446250715278
B,diagnose_aar,2023,tvetydige_n,17.0
B,diagnose_strejf,skygge,strejf_n,325.0
B,diagnose_strejf,skygge,hvis_fyldt_middel_R_netto,0.5221517059355952
B,diagnose_strejf,skygge,hvis_fyldt_win_rate_pct_netto,46.46153846153846
B,variant,brud_alene,mde_middel_R_netto,0.12
B,variant,brud_alene,handler_n,1292.0
B,variant,brud_alene,dage_med_handel_n,1133.0
B,variant,brud_alene,middel_R_brutto,0.070160112307628
B,variant,brud_alene,middel_R_netto,-0.09101736638241997
B,variant,brud_alene,middel_R_netto_ci95_lo,-0.1643852110109149
B,variant,brud_alene,middel_R_netto_ci95_hi,-0.017649521753925035
B,variant,brud_alene,win_rate_pct_netto,30.340557275541794
B,variant,brud_alene,win_rate_ci95_lo_pct,27.895082972253842
B,variant,brud_alene,win_rate_ci95_hi_pct,32.90259049759213
B,variant,brud_alene,holder_pct,49.690402476780186
B,variant,brud_alene,holder_ci95_lo_pct,46.96903357764084
B,variant,brud_alene,holder_ci95_hi_pct,52.41360694944335
B,variant,brud_alene,tvetydige_n,33.0
B,variant,brud_alene,tvetydige_pct,2.5541795665634677
B,variant,brud_alene,udfald_maal_pct,30.340557275541794
B,variant,brud_alene,udfald_stop_pct,52.863777089783284
B,variant,brud_alene,udfald_BE_pct,16.021671826625386
B,variant,brud_alene,udfald_tidsexit_pct,0.7739938080495357
B,variant,brud_alene,udfald_censureret_pct,0.0
B,variant,brud_alene,signaler_sprunget_over_position_n,58.0
B,variant,brud_alene,signaler_sprunget_over_dagslukket_n,3762.0
B,variant,brud_alene,signaler_n,5156.0
B,variant,brud_alene,omk_R_netto_p50,0.10383399209486464
B,variant,brud_alene,omk_R_netto_p90,0.2985227272727519
B,variant,brud_alene,strejf_uden_gennemhandling_n,44.0
B,variant_strejf,brud_alene,strejf_n,44.0
B,variant_strejf,brud_alene,hvis_fyldt_middel_R_netto,0.7150777639809722
B,variant_strejf,brud_alene,hvis_fyldt_win_rate_pct_netto,54.54545454545455
B,variant_N1,brud_alene,p5,-0.2756013590760705
B,variant_N1,brud_alene,p50,-0.20850184161603164
B,variant_N1,brud_alene,p95,-0.1422621749076201
B,variant_N1,brud_alene,handler_n_p50,1070.0
B,variant_N1,brud_alene,gyldige_n,500.0
B,variant_N1,brud_alene,R,500.0
B,variant,score_ge_2,mde_middel_R_netto,0.12
B,variant,score_ge_2,handler_n,1339.0
B,variant,score_ge_2,dage_med_handel_n,1166.0
B,variant,score_ge_2,middel_R_brutto,0.07344792154495035
B,variant,score_ge_2,middel_R_netto,-0.08441032206059217
B,variant,score_ge_2,middel_R_netto_ci95_lo,-0.1565178009662839
B,variant,score_ge_2,middel_R_netto_ci95_hi,-0.012302843154900434
B,variant,score_ge_2,win_rate_pct_netto,30.61986557132188
B,variant,score_ge_2,win_rate_ci95_lo_pct,28.20946716027247
B,variant,score_ge_2,win_rate_ci95_hi_pct,33.14114526006533
B,variant,score_ge_2,holder_pct,49.81329350261389
B,variant,score_ge_2,holder_ci95_lo_pct,47.139573295691115
B,variant,score_ge_2,holder_ci95_hi_pct,52.488081929938346
B,variant,score_ge_2,tvetydige_n,34.0
B,variant,score_ge_2,tvetydige_pct,2.539208364451083
B,variant,score_ge_2,udfald_maal_pct,30.61986557132188
B,variant,score_ge_2,udfald_stop_pct,53.02464525765497
B,variant,score_ge_2,udfald_BE_pct,15.758028379387603
B,variant,score_ge_2,udfald_tidsexit_pct,0.5974607916355489
B,variant,score_ge_2,udfald_censureret_pct,0.0
B,variant,score_ge_2,signaler_sprunget_over_position_n,84.0
B,variant,score_ge_2,signaler_sprunget_over_dagslukket_n,5734.0
B,variant,score_ge_2,signaler_n,7199.0
B,variant,score_ge_2,omk_R_netto_p50,0.09552727272727272
B,variant,score_ge_2,omk_R_netto_p90,0.28096256684490883
B,variant,score_ge_2,strejf_uden_gennemhandling_n,42.0
B,variant_strejf,score_ge_2,strejf_n,42.0
B,variant_strejf,score_ge_2,hvis_fyldt_middel_R_netto,0.7723398023472166
B,variant_strejf,score_ge_2,hvis_fyldt_win_rate_pct_netto,59.523809523809526
B,variant_N1,score_ge_2,p5,-0.26133965745737964
B,variant_N1,score_ge_2,p50,-0.2039689180057611
B,variant_N1,score_ge_2,p95,-0.14327923493734881
B,variant_N1,score_ge_2,handler_n_p50,1183.0
B,variant_N1,score_ge_2,gyldige_n,500.0
B,variant_N1,score_ge_2,R,500.0
B,variant,score_ge_3,mde_middel_R_netto,0.12
B,variant,score_ge_3,handler_n,1274.0
B,variant,score_ge_3,dage_med_handel_n,1121.0
B,variant,score_ge_3,middel_R_brutto,0.06942891022473714
B,variant,score_ge_3,middel_R_netto,-0.09311429554249871
B,variant,score_ge_3,middel_R_netto_ci95_lo,-0.16676708815138797
B,variant,score_ge_3,middel_R_netto_ci95_hi,-0.01946150293360946
B,variant,score_ge_3,win_rate_pct_netto,30.062794348508636
B,variant,score_ge_3,win_rate_ci95_lo_pct,27.607939360937685
B,variant,score_ge_3,win_rate_ci95_hi_pct,32.63752016040014
B,variant,score_ge_3,holder_pct,49.84301412872841
B,variant,score_ge_3,holder_ci95_lo_pct,47.10205408584353
B,variant,score_ge_3,holder_ci95_hi_pct,52.58491803637172
B,variant,score_ge_3,tvetydige_n,30.0
B,variant,score_ge_3,tvetydige_pct,2.3547880690737832
B,variant,score_ge_3,udfald_maal_pct,30.062794348508636
B,variant,score_ge_3,udfald_stop_pct,52.43328100470958
B,variant,score_ge_3,udfald_BE_pct,16.562009419152275
B,variant,score_ge_3,udfald_tidsexit_pct,0.9419152276295133
B,variant,score_ge_3,udfald_censureret_pct,0.0
B,variant,score_ge_3,signaler_sprunget_over_position_n,53.0
B,variant,score_ge_3,signaler_sprunget_over_dagslukket_n,3289.0
B,variant,score_ge_3,signaler_n,4660.0
B,variant,score_ge_3,omk_R_netto_p50,0.10383399209486464
B,variant,score_ge_3,omk_R_netto_p90,0.2985227272727519
B,variant,score_ge_3,strejf_uden_gennemhandling_n,44.0
B,variant_strejf,score_ge_3,strejf_n,44.0
B,variant_strejf,score_ge_3,hvis_fyldt_middel_R_netto,0.5385182626075902
B,variant_strejf,score_ge_3,hvis_fyldt_win_rate_pct_netto,52.27272727272727
B,variant_N1,score_ge_3,p5,-0.26889806216354706
B,variant_N1,score_ge_3,p50,-0.19809128280918215
B,variant_N1,score_ge_3,p95,-0.12787015793447873
B,variant_N1,score_ge_3,handler_n_p50,1004.0
B,variant_N1,score_ge_3,gyldige_n,500.0
B,variant_N1,score_ge_3,R,500.0
B,variant,score_ge_4,mde_middel_R_netto,0.13
B,variant,score_ge_4,handler_n,1022.0
B,variant,score_ge_4,dage_med_handel_n,928.0
B,variant,score_ge_4,middel_R_brutto,0.03995640070967469
B,variant,score_ge_4,middel_R_netto,-0.12262365470162986
B,variant,score_ge_4,middel_R_netto_ci95_lo,-0.20365215202931225
B,variant,score_ge_4,middel_R_netto_ci95_hi,-0.041595157373947464
B,variant,score_ge_4,win_rate_pct_netto,28.47358121330724
B,variant,score_ge_4,win_rate_ci95_lo_pct,25.791405348862916
B,variant,score_ge_4,win_rate_ci95_hi_pct,31.31697663193328
B,variant,score_ge_4,holder_pct,50.489236790606654
B,variant,score_ge_4,holder_ci95_lo_pct,47.427856835953406
B,variant,score_ge_4,holder_ci95_hi_pct,53.54695266448304
B,variant,score_ge_4,tvetydige_n,27.0
B,variant,score_ge_4,tvetydige_pct,2.6418786692759295
B,variant,score_ge_4,udfald_maal_pct,28.47358121330724
B,variant,score_ge_4,udfald_stop_pct,52.44618395303327
B,variant,score_ge_4,udfald_BE_pct,17.5146771037182
B,variant,score_ge_4,udfald_tidsexit_pct,1.5655577299412915
B,variant,score_ge_4,udfald_censureret_pct,0.0
B,variant,score_ge_4,signaler_sprunget_over_position_n,27.0
B,variant,score_ge_4,signaler_sprunget_over_dagslukket_n,1143.0
B,variant,score_ge_4,signaler_n,2230.0
B,variant,score_ge_4,omk_R_netto_p50,0.1194090909090909
B,variant,score_ge_4,omk_R_netto_p90,0.3184242424242424
B,variant,score_ge_4,strejf_uden_gennemhandling_n,38.0
B,variant_strejf,score_ge_4,strejf_n,38.0
B,variant_strejf,score_ge_4,hvis_fyldt_middel_R_netto,0.5888038929662964
B,variant_strejf,score_ge_4,hvis_fyldt_win_rate_pct_netto,50.0
B,variant_N1,score_ge_4,p5,-0.25795670858485426
B,variant_N1,score_ge_4,p50,-0.17433568356322038
B,variant_N1,score_ge_4,p95,-0.09893467048423357
B,variant_N1,score_ge_4,handler_n_p50,690.0
B,variant_N1,score_ge_4,gyldige_n,500.0
B,variant_N1,score_ge_4,R,500.0
alle,westfall_young,A|score_ge_2,p_fwe,0.16367265469061876
alle,westfall_young,A|score_ge_2,observeret_middel_R_netto,-0.0018686098786092958
alle,westfall_young,A|score_ge_2,R,500.0
alle,westfall_young,A|score_ge_2,maks_p5,-0.12408203169778986
alle,westfall_young,A|score_ge_2,maks_p50,-0.051332897561879684
alle,westfall_young,A|score_ge_2,maks_p95,0.03717842267107523
alle,bedste_fald_variant,A|score_ge_2,handler_n,1104.0
alle,bedste_fald_variant,A|score_ge_2,dage_med_handel_n,1005.0
alle,bedste_fald_variant,A|score_ge_2,middel_R_brutto,0.11574739686754563
alle,bedste_fald_variant,A|score_ge_2,middel_R_netto,0.021161554922512805
alle,bedste_fald_variant,A|score_ge_2,middel_R_netto_ci95_lo,-0.05605052201397079
alle,bedste_fald_variant,A|score_ge_2,middel_R_netto_ci95_hi,0.09837363185899639
alle,bedste_fald_variant,A|score_ge_2,win_rate_pct_netto,29.619565217391305
alle,bedste_fald_variant,A|score_ge_2,win_rate_ci95_lo_pct,27.000715995764708
alle,bedste_fald_variant,A|score_ge_2,win_rate_ci95_hi_pct,32.37975343719653
alle,bedste_fald_variant,A|score_ge_2,holder_pct,51.539855072463766
alle,bedste_fald_variant,A|score_ge_2,holder_ci95_lo_pct,48.591626137586175
alle,bedste_fald_variant,A|score_ge_2,holder_ci95_hi_pct,54.47740506081232
alle,bedste_fald_variant,A|score_ge_2,tvetydige_n,11.0
alle,bedste_fald_variant,A|score_ge_2,tvetydige_pct,0.9963768115942029
alle,bedste_fald_variant,A|score_ge_2,udfald_maal_pct,29.619565217391305
alle,bedste_fald_variant,A|score_ge_2,udfald_stop_pct,49.36594202898551
alle,bedste_fald_variant,A|score_ge_2,udfald_BE_pct,15.851449275362318
alle,bedste_fald_variant,A|score_ge_2,udfald_tidsexit_pct,5.163043478260869
alle,bedste_fald_variant,A|score_ge_2,udfald_censureret_pct,0.0
alle,bedste_fald_variant,A|score_ge_2,signaler_sprunget_over_position_n,50.0
alle,bedste_fald_variant,A|score_ge_2,signaler_sprunget_over_dagslukket_n,1481.0
alle,bedste_fald_variant,A|score_ge_2,signaler_n,2651.0
alle,bedste_fald_variant,A|score_ge_2,omk_R_netto_p50,0.06542963885429401
alle,bedste_fald_variant,A|score_ge_2,omk_R_netto_p90,0.19105454545454545
alle,bedste_fald_variant,A|score_ge_2,strejf_uden_gennemhandling_n,16.0
alle,beslutning,parkeres_stopreglen,p_fwe,0.16367265469061876
alle,beslutning,parkeres_stopreglen,middel_R_netto,-0.0018686098786092958
alle,beslutning,parkeres_stopreglen,ci95_lo,-0.07878420172146196
alle,beslutning,parkeres_stopreglen,ci95_hi,0.07504698196424338
alle,beslutning,parkeres_stopreglen,ci_krydser_020,0.0
alle,beslutning,parkeres_stopreglen,ci_krydser_nul,1.0
alle,beslutning,parkeres_stopreglen,hovedtest_holder_A,0.0
alle,beslutning,parkeres_stopreglen,hovedtest_holder_B,0.0
