spor,tabel,periode,side,noegle,stoerrelse,vaerdi
A,filtre,alle,alle,f1_brud,signaler_n,3349.0
A,filtre,alle,alle,f1_brud,sande_n,2011.0
A,filtre,alle,alle,f1_brud,pct,60.04777545535981
A,filtre,alle,alle,f1_brud,ci95_lo_pct,58.378315047392945
A,filtre,alle,alle,f1_brud,ci95_hi_pct,61.69421174117511
A,filtre,alle,alle,f2_flip,signaler_n,3349.0
A,filtre,alle,alle,f2_flip,sande_n,325.0
A,filtre,alle,alle,f2_flip,pct,9.704389369961183
A,filtre,alle,alle,f2_flip,ci95_lo_pct,8.747514384592666
A,filtre,alle,alle,f2_flip,ci95_hi_pct,10.753600322175238
A,filtre,alle,alle,f3_sweep,signaler_n,3349.0
A,filtre,alle,alle,f3_sweep,sande_n,503.0
A,filtre,alle,alle,f3_sweep,pct,15.019408778739923
A,filtre,alle,alle,f3_sweep,ci95_lo_pct,13.849540412803288
A,filtre,alle,alle,f3_sweep,ci95_hi_pct,16.269433932493936
A,filtre,alle,alle,f4_inducement,signaler_n,3349.0
A,filtre,alle,alle,f4_inducement,sande_n,1213.0
A,filtre,alle,alle,f4_inducement,pct,36.21976709465512
A,filtre,alle,alle,f4_inducement,ci95_lo_pct,34.608591680417646
A,filtre,alle,alle,f4_inducement,ci95_hi_pct,37.86251942530549
A,filtre,alle,alle,f5_stakket,signaler_n,3349.0
A,filtre,alle,alle,f5_stakket,sande_n,978.0
A,filtre,alle,alle,f5_stakket,pct,29.20274708868319
A,filtre,alle,alle,f5_stakket,ci95_lo_pct,27.687309157004915
A,filtre,alle,alle,f5_stakket,ci95_hi_pct,30.76584118998571
A,filtre,alle,alle,f6_retning,signaler_n,3349.0
A,filtre,alle,alle,f6_retning,sande_n,1820.0
A,filtre,alle,alle,f6_retning,pct,54.34458047178262
A,filtre,alle,alle,f6_retning,ci95_lo_pct,52.65356317197105
A,filtre,alle,alle,f6_retning,ci95_hi_pct,56.02564231907399
A,filtre,alle,alle,f7_discount,signaler_n,3349.0
A,filtre,alle,alle,f7_discount,sande_n,2241.0
A,filtre,alle,alle,f7_discount,pct,66.91549716333233
A,filtre,alle,alle,f7_discount,ci95_lo_pct,65.30335999494848
A,filtre,alle,alle,f7_discount,ci95_hi_pct,68.48887306812377
A,filtre,alle,demand,f1_brud,signaler_n,1787.0
A,filtre,alle,demand,f1_brud,sande_n,1067.0
A,filtre,alle,demand,f1_brud,pct,59.709009513150534
A,filtre,alle,demand,f1_brud,ci95_lo_pct,57.41642715947146
A,filtre,alle,demand,f1_brud,ci95_hi_pct,61.95993908952675
A,filtre,alle,demand,f2_flip,signaler_n,1787.0
A,filtre,alle,demand,f2_flip,sande_n,162.0
A,filtre,alle,demand,f2_flip,pct,9.06547285954113
A,filtre,alle,demand,f2_flip,ci95_lo_pct,7.820605900955463
A,filtre,alle,demand,f2_flip,ci95_hi_pct,10.48595368900313
A,filtre,alle,demand,f3_sweep,signaler_n,1787.0
A,filtre,alle,demand,f3_sweep,sande_n,235.0
A,filtre,alle,demand,f3_sweep,pct,13.15053161723559
A,filtre,alle,demand,f3_sweep,ci95_lo_pct,11.662363521443714
A,filtre,alle,demand,f3_sweep,ci95_hi_pct,14.796788207862821
A,filtre,alle,demand,f4_inducement,signaler_n,1787.0
A,filtre,alle,demand,f4_inducement,sande_n,680.0
A,filtre,alle,demand,f4_inducement,pct,38.05260212646894
A,filtre,alle,demand,f4_inducement,ci95_lo_pct,35.82942684843736
A,filtre,alle,demand,f4_inducement,ci95_hi_pct,40.32703312757926
A,filtre,alle,demand,f5_stakket,signaler_n,1787.0
A,filtre,alle,demand,f5_stakket,sande_n,512.0
A,filtre,alle,demand,f5_stakket,pct,28.651371012870733
A,filtre,alle,demand,f5_stakket,ci95_lo_pct,26.60262406236838
A,filtre,alle,demand,f5_stakket,ci95_hi_pct,30.791706058710506
A,filtre,alle,demand,f6_retning,signaler_n,1787.0
A,filtre,alle,demand,f6_retning,sande_n,1012.0
A,filtre,alle,demand,f6_retning,pct,56.63122551762731
A,filtre,alle,demand,f6_retning,ci95_lo_pct,54.32167494590345
A,filtre,alle,demand,f6_retning,ci95_hi_pct,58.912327362490124
A,filtre,alle,demand,f7_discount,signaler_n,1787.0
A,filtre,alle,demand,f7_discount,sande_n,1137.0
A,filtre,alle,demand,f7_discount,pct,63.626189143816454
A,filtre,alle,demand,f7_discount,ci95_lo_pct,61.36868282903236
A,filtre,alle,demand,f7_discount,ci95_hi_pct,65.8252375261899
A,filtre,alle,supply,f1_brud,signaler_n,1562.0
A,filtre,alle,supply,f1_brud,sande_n,944.0
A,filtre,alle,supply,f1_brud,pct,60.43533930857875
A,filtre,alle,supply,f1_brud,ci95_lo_pct,57.98760723248315
A,filtre,alle,supply,f1_brud,ci95_hi_pct,62.83186961580043
A,filtre,alle,supply,f2_flip,signaler_n,1562.0
A,filtre,alle,supply,f2_flip,sande_n,163.0
A,filtre,alle,supply,f2_flip,pct,10.435339308578746
A,filtre,alle,supply,f2_flip,ci95_lo_pct,9.01505119497468
A,filtre,alle,supply,f2_flip,ci95_hi_pct,12.049754374109728
A,filtre,alle,supply,f3_sweep,signaler_n,1562.0
A,filtre,alle,supply,f3_sweep,sande_n,268.0
A,filtre,alle,supply,f3_sweep,pct,17.157490396927017
A,filtre,alle,supply,f3_sweep,ci95_lo_pct,15.368966566025517
A,filtre,alle,supply,f3_sweep,ci95_hi_pct,19.107158445204746
A,filtre,alle,supply,f4_inducement,signaler_n,1562.0
A,filtre,alle,supply,f4_inducement,sande_n,533.0
A,filtre,alle,supply,f4_inducement,pct,34.12291933418694
A,filtre,alle,supply,f4_inducement,ci95_lo_pct,31.8131885264202
A,filtre,alle,supply,f4_inducement,ci95_hi_pct,36.51055221974959
A,filtre,alle,supply,f5_stakket,signaler_n,1562.0
A,filtre,alle,supply,f5_stakket,sande_n,466.0
A,filtre,alle,supply,f5_stakket,pct,29.833546734955185
A,filtre,alle,supply,f5_stakket,ci95_lo_pct,27.616316501304745
A,filtre,alle,supply,f5_stakket,ci95_hi_pct,32.149725172257696
A,filtre,alle,supply,f6_retning,signaler_n,1562.0
A,filtre,alle,supply,f6_retning,sande_n,808.0
A,filtre,alle,supply,f6_retning,pct,51.72855313700384
A,filtre,alle,supply,f6_retning,ci95_lo_pct,49.249255765785186
A,filtre,alle,supply,f6_retning,ci95_hi_pct,54.19936923362374
A,filtre,alle,supply,f7_discount,signaler_n,1562.0
A,filtre,alle,supply,f7_discount,sande_n,1104.0
A,filtre,alle,supply,f7_discount,pct,70.6786171574904
A,filtre,alle,supply,f7_discount,ci95_lo_pct,68.3725034042622
A,filtre,alle,supply,f7_discount,ci95_hi_pct,72.88326973681505
A,score,alle,alle,0,signaler_n,36.0
A,score,alle,alle,0,dage_med_signal_n,33.0
A,score,alle,alle,0,dage_med_signal_pct,2.813299232736573
A,score,alle,alle,0,ci95_lo_pct,2.0101382209136607
A,score,alle,alle,0,ci95_hi_pct,3.924514938797574
A,score,alle,alle,1,signaler_n,662.0
A,score,alle,alle,1,dage_med_signal_n,483.0
A,score,alle,alle,1,dage_med_signal_pct,41.1764705882353
A,score,alle,alle,1,ci95_lo_pct,38.39329397502543
A,score,alle,alle,1,ci95_hi_pct,44.017250924757974
A,score,alle,alle,2,signaler_n,811.0
A,score,alle,alle,2,dage_med_signal_n,576.0
A,score,alle,alle,2,dage_med_signal_pct,49.10485933503836
A,score,alle,alle,2,ci95_lo_pct,46.25157390529201
A,score,alle,alle,2,ci95_hi_pct,51.96398862077296
A,score,alle,alle,3,signaler_n,920.0
A,score,alle,alle,3,dage_med_signal_n,595.0
A,score,alle,alle,3,dage_med_signal_pct,50.72463768115942
A,score,alle,alle,3,ci95_lo_pct,47.86590765841261
A,score,alle,alle,3,ci95_hi_pct,53.57863696334431
A,score,alle,alle,4,signaler_n,609.0
A,score,alle,alle,4,dage_med_signal_n,440.0
A,score,alle,alle,4,dage_med_signal_pct,37.510656436487636
A,score,alle,alle,4,ci95_lo_pct,34.785014020954
A,score,alle,alle,4,ci95_hi_pct,40.31783455700028
A,score,alle,alle,5,signaler_n,259.0
A,score,alle,alle,5,dage_med_signal_n,215.0
A,score,alle,alle,5,dage_med_signal_pct,18.32907075873828
A,score,alle,alle,5,ci95_lo_pct,16.219522186401925
A,score,alle,alle,5,ci95_hi_pct,20.64538052151627
A,score,alle,alle,6,signaler_n,48.0
A,score,alle,alle,6,dage_med_signal_n,44.0
A,score,alle,alle,6,dage_med_signal_pct,3.7510656436487637
A,score,alle,alle,6,ci95_lo_pct,2.8059987453763418
A,score,alle,alle,6,ci95_hi_pct,4.9980651013144355
A,score,alle,alle,7,signaler_n,4.0
A,score,alle,alle,7,dage_med_signal_n,4.0
A,score,alle,alle,7,dage_med_signal_pct,0.3410059676044331
A,score,alle,alle,7,ci95_lo_pct,0.13268803778091992
A,score,alle,alle,7,ci95_hi_pct,0.8735187653478872
A,kumulativ,alle,alle,>=0,signaler_n,3349.0
A,kumulativ,alle,alle,>=0,dage_med_signal_n,1097.0
A,kumulativ,alle,alle,>=0,dage_med_signal_pct,93.52088661551578
A,kumulativ,alle,alle,>=0,ci95_lo_pct,91.96529325785954
A,kumulativ,alle,alle,>=0,ci95_hi_pct,94.79235726060011
A,kumulativ,alle,alle,>=1,signaler_n,3313.0
A,kumulativ,alle,alle,>=1,dage_med_signal_n,1096.0
A,kumulativ,alle,alle,>=1,dage_med_signal_pct,93.43563512361466
A,kumulativ,alle,alle,>=1,ci95_lo_pct,91.87181410982934
A,kumulativ,alle,alle,>=1,ci95_hi_pct,94.71588998254126
A,kumulativ,alle,alle,>=2,signaler_n,2651.0
A,kumulativ,alle,alle,>=2,dage_med_signal_n,1012.0
A,kumulativ,alle,alle,>=2,dage_med_signal_pct,86.27450980392157
A,kumulativ,alle,alle,>=2,ci95_lo_pct,84.1864909566229
A,kumulativ,alle,alle,>=2,ci95_hi_pct,88.12571334426757
A,kumulativ,alle,alle,>=3,signaler_n,1840.0
A,kumulativ,alle,alle,>=3,dage_med_signal_n,883.0
A,kumulativ,alle,alle,>=3,dage_med_signal_pct,75.2770673486786
A,kumulativ,alle,alle,>=3,ci95_lo_pct,72.72844076986493
A,kumulativ,alle,alle,>=3,ci95_hi_pct,77.66067456553817
A,kumulativ,alle,alle,>=4,signaler_n,920.0
A,kumulativ,alle,alle,>=4,dage_med_signal_n,585.0
A,kumulativ,alle,alle,>=4,dage_med_signal_pct,49.87212276214834
A,kumulativ,alle,alle,>=4,ci95_lo_pct,47.015885797198166
A,kumulativ,alle,alle,>=4,ci95_hi_pct,52.729194563668244
A,kumulativ,alle,alle,>=5,signaler_n,311.0
A,kumulativ,alle,alle,>=5,dage_med_signal_n,251.0
A,kumulativ,alle,alle,>=5,dage_med_signal_pct,21.398124467178175
A,kumulativ,alle,alle,>=5,ci95_lo_pct,19.146513714730105
A,kumulativ,alle,alle,>=5,ci95_hi_pct,23.83646033239387
A,kumulativ,alle,alle,>=6,signaler_n,52.0
A,kumulativ,alle,alle,>=6,dage_med_signal_n,47.0
A,kumulativ,alle,alle,>=6,dage_med_signal_pct,4.0068201193520885
A,kumulativ,alle,alle,>=6,ci95_lo_pct,3.026445282065167
A,kumulativ,alle,alle,>=6,ci95_hi_pct,5.287457842892758
A,kumulativ,alle,alle,>=7,signaler_n,4.0
A,kumulativ,alle,alle,>=7,dage_med_signal_n,4.0
A,kumulativ,alle,alle,>=7,dage_med_signal_pct,0.3410059676044331
A,kumulativ,alle,alle,>=7,ci95_lo_pct,0.13268803778091992
A,kumulativ,alle,alle,>=7,ci95_hi_pct,0.8735187653478872
A,brud_alene,alle,alle,f1_brud,signaler_n,2011.0
A,brud_alene,alle,alle,f1_brud,dage_med_signal_n,914.0
A,brud_alene,alle,alle,f1_brud,dage_med_signal_pct,77.91986359761296
A,brud_alene,alle,alle,f1_brud,ci95_lo_pct,75.45716248875218
A,brud_alene,alle,alle,f1_brud,ci95_hi_pct,80.20029205541147
A,samvariation,alle,alle,f1_brud|f2_flip,phi,0.09853320006829962
A,samvariation,alle,alle,f1_brud|f2_flip,signaler_n,3349.0
A,samvariation,alle,alle,f1_brud|f3_sweep,phi,-0.03419668926612883
A,samvariation,alle,alle,f1_brud|f3_sweep,signaler_n,3349.0
A,samvariation,alle,alle,f1_brud|f4_inducement,phi,0.4637463984484659
A,samvariation,alle,alle,f1_brud|f4_inducement,signaler_n,3349.0
A,samvariation,alle,alle,f1_brud|f5_stakket,phi,0.13505683486032133
A,samvariation,alle,alle,f1_brud|f5_stakket,signaler_n,3349.0
A,samvariation,alle,alle,f1_brud|f6_retning,phi,0.1347873631827443
A,samvariation,alle,alle,f1_brud|f6_retning,signaler_n,3349.0
A,samvariation,alle,alle,f1_brud|f7_discount,phi,0.015974618688651306
A,samvariation,alle,alle,f1_brud|f7_discount,signaler_n,3349.0
A,samvariation,alle,alle,f2_flip|f3_sweep,phi,-0.030530259121886876
A,samvariation,alle,alle,f2_flip|f3_sweep,signaler_n,3349.0
A,samvariation,alle,alle,f2_flip|f4_inducement,phi,-0.0434731006746321
A,samvariation,alle,alle,f2_flip|f4_inducement,signaler_n,3349.0
A,samvariation,alle,alle,f2_flip|f5_stakket,phi,0.04457080504552455
A,samvariation,alle,alle,f2_flip|f5_stakket,signaler_n,3349.0
A,samvariation,alle,alle,f2_flip|f6_retning,phi,0.04329653512882367
A,samvariation,alle,alle,f2_flip|f6_retning,signaler_n,3349.0
A,samvariation,alle,alle,f2_flip|f7_discount,phi,-0.08248491334408331
A,samvariation,alle,alle,f2_flip|f7_discount,signaler_n,3349.0
A,samvariation,alle,alle,f3_sweep|f4_inducement,phi,-0.036840026572568345
A,samvariation,alle,alle,f3_sweep|f4_inducement,signaler_n,3349.0
A,samvariation,alle,alle,f3_sweep|f5_stakket,phi,0.04431788172221471
A,samvariation,alle,alle,f3_sweep|f5_stakket,signaler_n,3349.0
A,samvariation,alle,alle,f3_sweep|f6_retning,phi,-0.0207278922067273
A,samvariation,alle,alle,f3_sweep|f6_retning,signaler_n,3349.0
A,samvariation,alle,alle,f3_sweep|f7_discount,phi,0.12685647484367552
A,samvariation,alle,alle,f3_sweep|f7_discount,signaler_n,3349.0
A,samvariation,alle,alle,f4_inducement|f5_stakket,phi,0.02428023644471304
A,samvariation,alle,alle,f4_inducement|f5_stakket,signaler_n,3349.0
A,samvariation,alle,alle,f4_inducement|f6_retning,phi,-0.015215842818073413
A,samvariation,alle,alle,f4_inducement|f6_retning,signaler_n,3349.0
A,samvariation,alle,alle,f4_inducement|f7_discount,phi,0.296177230622433
A,samvariation,alle,alle,f4_inducement|f7_discount,signaler_n,3349.0
A,samvariation,alle,alle,f5_stakket|f6_retning,phi,0.030995110625465498
A,samvariation,alle,alle,f5_stakket|f6_retning,signaler_n,3349.0
A,samvariation,alle,alle,f5_stakket|f7_discount,phi,0.023121620430154963
A,samvariation,alle,alle,f5_stakket|f7_discount,signaler_n,3349.0
A,samvariation,alle,alle,f6_retning|f7_discount,phi,-0.4788653118073469
A,samvariation,alle,alle,f6_retning|f7_discount,signaler_n,3349.0
A,omkostninger,alle,alle,signaler,signaler_n,3349.0
A,omkostninger,alle,alle,signaler,risiko_pt_p10,7.424999999999272
A,omkostninger,alle,alle,signaler,risiko_pt_p50,20.899999999999636
A,omkostninger,alle,alle,signaler,risiko_pt_p90,55.274999999999636
A,omkostninger,alle,alle,signaler,omk_R_netto_p10,0.023763003165988394
A,omkostninger,alle,alle,signaler,omk_R_netto_p50,0.06284688995215419
A,omkostninger,alle,alle,signaler,omk_R_netto_p90,0.1769023569023742
A,omkostninger,alle,alle,signaler,be_WR_pct_netto_p50,35.428229665071804
A,omkostninger,alle,alle,signaler,kontrakter_p50,5.0
A,omkostninger,alle,alle,signaler,kontrakter_p90,16.0
A,omkostninger,alle,alle,signaler,kontrakter_maks,50.0
A,omkostninger,alle,alle,signaler,kontrakter_loftet_n,8.0
A,omkostninger,alle,alle,signaler,zoner_i_vindue_n,3367.0
A,omkostninger,alle,alle,signaler,afvist_kontrakter_nul_n,18.0
A,kumulativ,2019,alle,>=0,signaler_n,468.0
A,kumulativ,2019,alle,>=0,dage_med_signal_n,158.0
A,kumulativ,2019,alle,>=0,dage_med_signal_pct,94.61077844311377
A,kumulativ,2019,alle,>=0,ci95_lo_pct,90.07623976017166
A,kumulativ,2019,alle,>=0,ci95_hi_pct,97.13912413834332
A,kumulativ,2019,alle,>=1,signaler_n,463.0
A,kumulativ,2019,alle,>=1,dage_med_signal_n,158.0
A,kumulativ,2019,alle,>=1,dage_med_signal_pct,94.61077844311377
A,kumulativ,2019,alle,>=1,ci95_lo_pct,90.07623976017166
A,kumulativ,2019,alle,>=1,ci95_hi_pct,97.13912413834332
A,kumulativ,2019,alle,>=2,signaler_n,354.0
A,kumulativ,2019,alle,>=2,dage_med_signal_n,137.0
A,kumulativ,2019,alle,>=2,dage_med_signal_pct,82.03592814371258
A,kumulativ,2019,alle,>=2,ci95_lo_pct,75.51422267559109
A,kumulativ,2019,alle,>=2,ci95_hi_pct,87.11694468777203
A,kumulativ,2019,alle,>=3,signaler_n,243.0
A,kumulativ,2019,alle,>=3,dage_med_signal_n,121.0
A,kumulativ,2019,alle,>=3,dage_med_signal_pct,72.45508982035928
A,kumulativ,2019,alle,>=3,ci95_lo_pct,65.23222650634787
A,kumulativ,2019,alle,>=3,ci95_hi_pct,78.66812444928047
A,kumulativ,2019,alle,>=4,signaler_n,124.0
A,kumulativ,2019,alle,>=4,dage_med_signal_n,72.0
A,kumulativ,2019,alle,>=4,dage_med_signal_pct,43.11377245508982
A,kumulativ,2019,alle,>=4,ci95_lo_pct,35.840860425182655
A,kumulativ,2019,alle,>=4,ci95_hi_pct,50.69636528175799
A,kumulativ,2019,alle,>=5,signaler_n,38.0
A,kumulativ,2019,alle,>=5,dage_med_signal_n,30.0
A,kumulativ,2019,alle,>=5,dage_med_signal_pct,17.964071856287426
A,kumulativ,2019,alle,>=5,ci95_lo_pct,12.88305531222797
A,kumulativ,2019,alle,>=5,ci95_hi_pct,24.485777324408918
A,kumulativ,2019,alle,>=6,signaler_n,9.0
A,kumulativ,2019,alle,>=6,dage_med_signal_n,7.0
A,kumulativ,2019,alle,>=6,dage_med_signal_pct,4.191616766467066
A,kumulativ,2019,alle,>=6,ci95_lo_pct,2.045015348713488
A,kumulativ,2019,alle,>=6,ci95_hi_pct,8.398268701804684
A,kumulativ,2019,alle,>=7,signaler_n,0.0
A,kumulativ,2019,alle,>=7,dage_med_signal_n,0.0
A,kumulativ,2019,alle,>=7,dage_med_signal_pct,0.0
A,kumulativ,2019,alle,>=7,ci95_lo_pct,0.0
A,kumulativ,2019,alle,>=7,ci95_hi_pct,2.248551872134217
A,omkostninger,2019,alle,signaler,signaler_n,468.0
A,omkostninger,2019,alle,signaler,risiko_pt_p10,4.04250000000011
A,omkostninger,2019,alle,signaler,risiko_pt_p50,8.800000000000182
A,omkostninger,2019,alle,signaler,risiko_pt_p90,20.625
A,omkostninger,2019,alle,signaler,omk_R_netto_p10,0.06368484848484848
A,omkostninger,2019,alle,signaler,omk_R_netto_p50,0.14926136363636053
A,omkostninger,2019,alle,signaler,omk_R_netto_p90,0.3252476190476096
A,omkostninger,2019,alle,signaler,be_WR_pct_netto_p50,38.30871212121201
A,omkostninger,2019,alle,signaler,kontrakter_p50,14.0
A,omkostninger,2019,alle,signaler,kontrakter_p90,30.600000000000023
A,omkostninger,2019,alle,signaler,kontrakter_maks,50.0
A,omkostninger,2019,alle,signaler,kontrakter_loftet_n,6.0
A,omkostninger,2019,alle,signaler,zoner_i_vindue_n,468.0
A,omkostninger,2019,alle,signaler,afvist_kontrakter_nul_n,0.0
A,kumulativ,2020,alle,>=0,signaler_n,755.0
A,kumulativ,2020,alle,>=0,dage_med_signal_n,236.0
A,kumulativ,2020,alle,>=0,dage_med_signal_pct,93.28063241106719
A,kumulativ,2020,alle,>=0,ci95_lo_pct,89.50383202930028
A,kumulativ,2020,alle,>=0,ci95_hi_pct,95.76277601970945
A,kumulativ,2020,alle,>=1,signaler_n,745.0
A,kumulativ,2020,alle,>=1,dage_med_signal_n,236.0
A,kumulativ,2020,alle,>=1,dage_med_signal_pct,93.28063241106719
A,kumulativ,2020,alle,>=1,ci95_lo_pct,89.50383202930028
A,kumulativ,2020,alle,>=1,ci95_hi_pct,95.76277601970945
A,kumulativ,2020,alle,>=2,signaler_n,604.0
A,kumulativ,2020,alle,>=2,dage_med_signal_n,224.0
A,kumulativ,2020,alle,>=2,dage_med_signal_pct,88.53754940711462
A,kumulativ,2020,alle,>=2,ci95_lo_pct,84.02276370806251
A,kumulativ,2020,alle,>=2,ci95_hi_pct,91.8995585273571
A,kumulativ,2020,alle,>=3,signaler_n,406.0
A,kumulativ,2020,alle,>=3,dage_med_signal_n,195.0
A,kumulativ,2020,alle,>=3,dage_med_signal_pct,77.07509881422925
A,kumulativ,2020,alle,>=3,ci95_lo_pct,71.51347638322827
A,kumulativ,2020,alle,>=3,ci95_hi_pct,81.82682180268192
A,kumulativ,2020,alle,>=4,signaler_n,212.0
A,kumulativ,2020,alle,>=4,dage_med_signal_n,131.0
A,kumulativ,2020,alle,>=4,dage_med_signal_pct,51.77865612648221
A,kumulativ,2020,alle,>=4,ci95_lo_pct,45.64101981438384
A,kumulativ,2020,alle,>=4,ci95_hi_pct,57.86308736571245
A,kumulativ,2020,alle,>=5,signaler_n,72.0
A,kumulativ,2020,alle,>=5,dage_med_signal_n,58.0
A,kumulativ,2020,alle,>=5,dage_med_signal_pct,22.92490118577075
A,kumulativ,2020,alle,>=5,ci95_lo_pct,18.17317819731807
A,kumulativ,2020,alle,>=5,ci95_hi_pct,28.48652361677173
A,kumulativ,2020,alle,>=6,signaler_n,7.0
A,kumulativ,2020,alle,>=6,dage_med_signal_n,7.0
A,kumulativ,2020,alle,>=6,dage_med_signal_pct,2.766798418972332
A,kumulativ,2020,alle,>=6,ci95_lo_pct,1.346569583066717
A,kumulativ,2020,alle,>=6,ci95_hi_pct,5.599917523265124
A,kumulativ,2020,alle,>=7,signaler_n,1.0
A,kumulativ,2020,alle,>=7,dage_med_signal_n,1.0
A,kumulativ,2020,alle,>=7,dage_med_signal_pct,0.3952569169960474
A,kumulativ,2020,alle,>=7,ci95_lo_pct,0.06980665888153703
A,kumulativ,2020,alle,>=7,ci95_hi_pct,2.2045375406552514
A,omkostninger,2020,alle,signaler,signaler_n,755.0
A,omkostninger,2020,alle,signaler,risiko_pt_p10,7.975000000000364
A,omkostninger,2020,alle,signaler,risiko_pt_p50,20.350000000000364
A,omkostninger,2020,alle,signaler,risiko_pt_p90,50.76500000000015
A,omkostninger,2020,alle,signaler,omk_R_netto_p10,0.025874308300395183
A,omkostninger,2020,alle,signaler,omk_R_netto_p50,0.06454545454545339
A,omkostninger,2020,alle,signaler,omk_R_netto_p90,0.16470219435735925
A,omkostninger,2020,alle,signaler,be_WR_pct_netto_p50,35.48484848484845
A,omkostninger,2020,alle,signaler,kontrakter_p50,6.0
A,omkostninger,2020,alle,signaler,kontrakter_p90,15.0
A,omkostninger,2020,alle,signaler,kontrakter_maks,50.0
A,omkostninger,2020,alle,signaler,kontrakter_loftet_n,2.0
A,omkostninger,2020,alle,signaler,zoner_i_vindue_n,759.0
A,omkostninger,2020,alle,signaler,afvist_kontrakter_nul_n,4.0
A,kumulativ,2021,alle,>=0,signaler_n,712.0
A,kumulativ,2021,alle,>=0,dage_med_signal_n,236.0
A,kumulativ,2021,alle,>=0,dage_med_signal_pct,93.65079365079364
A,kumulativ,2021,alle,>=0,ci95_lo_pct,89.93635575502093
A,kumulativ,2021,alle,>=0,ci95_hi_pct,96.05439844646544
A,kumulativ,2021,alle,>=1,signaler_n,706.0
A,kumulativ,2021,alle,>=1,dage_med_signal_n,236.0
A,kumulativ,2021,alle,>=1,dage_med_signal_pct,93.65079365079364
A,kumulativ,2021,alle,>=1,ci95_lo_pct,89.93635575502093
A,kumulativ,2021,alle,>=1,ci95_hi_pct,96.05439844646544
A,kumulativ,2021,alle,>=2,signaler_n,553.0
A,kumulativ,2021,alle,>=2,dage_med_signal_n,211.0
A,kumulativ,2021,alle,>=2,dage_med_signal_pct,83.73015873015873
A,kumulativ,2021,alle,>=2,ci95_lo_pct,78.67275812967131
A,kumulativ,2021,alle,>=2,ci95_hi_pct,87.77464284420452
A,kumulativ,2021,alle,>=3,signaler_n,388.0
A,kumulativ,2021,alle,>=3,dage_med_signal_n,187.0
A,kumulativ,2021,alle,>=3,dage_med_signal_pct,74.2063492063492
A,kumulativ,2021,alle,>=3,ci95_lo_pct,68.46966123285102
A,kumulativ,2021,alle,>=3,ci95_hi_pct,79.21612064251869
A,kumulativ,2021,alle,>=4,signaler_n,190.0
A,kumulativ,2021,alle,>=4,dage_med_signal_n,124.0
A,kumulativ,2021,alle,>=4,dage_med_signal_pct,49.20634920634921
A,kumulativ,2021,alle,>=4,ci95_lo_pct,43.092241249847135
A,kumulativ,2021,alle,>=4,ci95_hi_pct,55.34429049194402
A,kumulativ,2021,alle,>=5,signaler_n,74.0
A,kumulativ,2021,alle,>=5,dage_med_signal_n,58.0
A,kumulativ,2021,alle,>=5,dage_med_signal_pct,23.015873015873016
A,kumulativ,2021,alle,>=5,ci95_lo_pct,18.247202885865995
A,kumulativ,2021,alle,>=5,ci95_hi_pct,28.594876335033348
A,kumulativ,2021,alle,>=6,signaler_n,14.0
A,kumulativ,2021,alle,>=6,dage_med_signal_n,11.0
A,kumulativ,2021,alle,>=6,dage_med_signal_pct,4.365079365079365
A,kumulativ,2021,alle,>=6,ci95_lo_pct,2.4546024515852887
A,kumulativ,2021,alle,>=6,ci95_hi_pct,7.645972701406256
A,kumulativ,2021,alle,>=7,signaler_n,1.0
A,kumulativ,2021,alle,>=7,dage_med_signal_n,1.0
A,kumulativ,2021,alle,>=7,dage_med_signal_pct,0.3968253968253968
A,kumulativ,2021,alle,>=7,ci95_lo_pct,0.0700838054526566
A,kumulativ,2021,alle,>=7,ci95_hi_pct,2.2131500564946744
A,omkostninger,2021,alle,signaler,signaler_n,712.0
A,omkostninger,2021,alle,signaler,risiko_pt_p10,8.277499999999966
A,omkostninger,2021,alle,signaler,risiko_pt_p50,20.212500000000546
A,omkostninger,2021,alle,signaler,risiko_pt_p90,52.22250000000003
A,omkostninger,2021,alle,signaler,omk_R_netto_p10,0.025152056909951627
A,omkostninger,2021,alle,signaler,omk_R_netto_p50,0.0649875466998737
A,omkostninger,2021,alle,signaler,omk_R_netto_p90,0.1586985337243407
A,omkostninger,2021,alle,signaler,be_WR_pct_netto_p50,35.49958488999579
A,omkostninger,2021,alle,signaler,kontrakter_p50,6.0
A,omkostninger,2021,alle,signaler,kontrakter_p90,14.899999999999977
A,omkostninger,2021,alle,signaler,kontrakter_maks,37.0
A,omkostninger,2021,alle,signaler,kontrakter_loftet_n,0.0
A,omkostninger,2021,alle,signaler,zoner_i_vindue_n,714.0
A,omkostninger,2021,alle,signaler,afvist_kontrakter_nul_n,2.0
A,kumulativ,2022,alle,>=0,signaler_n,721.0
A,kumulativ,2022,alle,>=0,dage_med_signal_n,237.0
A,kumulativ,2022,alle,>=0,dage_med_signal_pct,94.42231075697211
A,kumulativ,2022,alle,>=0,ci95_lo_pct,90.85662768663451
A,kumulativ,2022,alle,>=0,ci95_hi_pct,96.64875743867287
A,kumulativ,2022,alle,>=1,signaler_n,711.0
A,kumulativ,2022,alle,>=1,dage_med_signal_n,237.0
A,kumulativ,2022,alle,>=1,dage_med_signal_pct,94.42231075697211
A,kumulativ,2022,alle,>=1,ci95_lo_pct,90.85662768663451
A,kumulativ,2022,alle,>=1,ci95_hi_pct,96.64875743867287
A,kumulativ,2022,alle,>=2,signaler_n,572.0
A,kumulativ,2022,alle,>=2,dage_med_signal_n,224.0
A,kumulativ,2022,alle,>=2,dage_med_signal_pct,89.24302788844622
A,kumulativ,2022,alle,>=2,ci95_lo_pct,84.80172115908871
A,kumulativ,2022,alle,>=2,ci95_hi_pct,92.5012423821021
A,kumulativ,2022,alle,>=3,signaler_n,401.0
A,kumulativ,2022,alle,>=3,dage_med_signal_n,194.0
A,kumulativ,2022,alle,>=3,dage_med_signal_pct,77.29083665338645
A,kumulativ,2022,alle,>=3,ci95_lo_pct,71.71930904802109
A,kumulativ,2022,alle,>=3,ci95_hi_pct,82.03960468366999
A,kumulativ,2022,alle,>=4,signaler_n,198.0
A,kumulativ,2022,alle,>=4,dage_med_signal_n,135.0
A,kumulativ,2022,alle,>=4,dage_med_signal_pct,53.78486055776892
A,kumulativ,2022,alle,>=4,ci95_lo_pct,47.60636121446668
A,kumulativ,2022,alle,>=4,ci95_hi_pct,59.84925455854155
A,kumulativ,2022,alle,>=5,signaler_n,69.0
A,kumulativ,2022,alle,>=5,dage_med_signal_n,55.0
A,kumulativ,2022,alle,>=5,dage_med_signal_pct,21.91235059760956
A,kumulativ,2022,alle,>=5,ci95_lo_pct,17.239468708483805
A,kumulativ,2022,alle,>=5,ci95_hi_pct,27.432014239191798
A,kumulativ,2022,alle,>=6,signaler_n,8.0
A,kumulativ,2022,alle,>=6,dage_med_signal_n,8.0
A,kumulativ,2022,alle,>=6,dage_med_signal_pct,3.187250996015936
A,kumulativ,2022,alle,>=6,ci95_lo_pct,1.6237065545536333
A,kumulativ,2022,alle,>=6,ci95_hi_pct,6.162098358239041
A,kumulativ,2022,alle,>=7,signaler_n,0.0
A,kumulativ,2022,alle,>=7,dage_med_signal_n,0.0
A,kumulativ,2022,alle,>=7,dage_med_signal_pct,0.0
A,kumulativ,2022,alle,>=7,ci95_lo_pct,8.673617379884035e-17
A,kumulativ,2022,alle,>=7,ci95_hi_pct,1.5073916302594106
A,omkostninger,2022,alle,signaler,signaler_n,721.0
A,omkostninger,2022,alle,signaler,risiko_pt_p10,15.674999999999272
A,omkostninger,2022,alle,signaler,risiko_pt_p50,34.100000000000364
A,omkostninger,2022,alle,signaler,risiko_pt_p90,75.07500000000073
A,omkostninger,2022,alle,signaler,omk_R_netto_p10,0.017495837495837326
A,omkostninger,2022,alle,signaler,omk_R_netto_p50,0.0385190615835773
A,omkostninger,2022,alle,signaler,omk_R_netto_p90,0.08379585326954136
A,omkostninger,2022,alle,signaler,be_WR_pct_netto_p50,34.61730205278591
A,omkostninger,2022,alle,signaler,kontrakter_p50,3.0
A,omkostninger,2022,alle,signaler,kontrakter_p90,7.0
A,omkostninger,2022,alle,signaler,kontrakter_maks,34.0
A,omkostninger,2022,alle,signaler,kontrakter_loftet_n,0.0
A,omkostninger,2022,alle,signaler,zoner_i_vindue_n,732.0
A,omkostninger,2022,alle,signaler,afvist_kontrakter_nul_n,11.0
A,kumulativ,2023,alle,>=0,signaler_n,693.0
A,kumulativ,2023,alle,>=0,dage_med_signal_n,230.0
A,kumulativ,2023,alle,>=0,dage_med_signal_pct,92.0
A,kumulativ,2023,alle,>=0,ci95_lo_pct,87.96703567961583
A,kumulativ,2023,alle,>=0,ci95_hi_pct,94.76176716276683
A,kumulativ,2023,alle,>=1,signaler_n,688.0
A,kumulativ,2023,alle,>=1,dage_med_signal_n,229.0
A,kumulativ,2023,alle,>=1,dage_med_signal_pct,91.6
A,kumulativ,2023,alle,>=1,ci95_lo_pct,87.50051335864347
A,kumulativ,2023,alle,>=1,ci95_hi_pct,94.44039612333553
A,kumulativ,2023,alle,>=2,signaler_n,568.0
A,kumulativ,2023,alle,>=2,dage_med_signal_n,216.0
A,kumulativ,2023,alle,>=2,dage_med_signal_pct,86.4
A,kumulativ,2023,alle,>=2,ci95_lo_pct,81.59642285705384
A,kumulativ,2023,alle,>=2,ci95_hi_pct,90.10187293967779
A,kumulativ,2023,alle,>=3,signaler_n,402.0
A,kumulativ,2023,alle,>=3,dage_med_signal_n,186.0
A,kumulativ,2023,alle,>=3,dage_med_signal_pct,74.4
A,kumulativ,2023,alle,>=3,ci95_lo_pct,68.6493132071565
A,kumulativ,2023,alle,>=3,ci95_hi_pct,79.41218177746582
A,kumulativ,2023,alle,>=4,signaler_n,196.0
A,kumulativ,2023,alle,>=4,dage_med_signal_n,123.0
A,kumulativ,2023,alle,>=4,dage_med_signal_pct,49.2
A,kumulativ,2023,alle,>=4,ci95_lo_pct,43.06200826658989
A,kumulativ,2023,alle,>=4,ci95_hi_pct,55.36220501260281
A,kumulativ,2023,alle,>=5,signaler_n,58.0
A,kumulativ,2023,alle,>=5,dage_med_signal_n,50.0
A,kumulativ,2023,alle,>=5,dage_med_signal_pct,20.0
A,kumulativ,2023,alle,>=5,ci95_lo_pct,15.51240063301722
A,kumulativ,2023,alle,>=5,ci95_hi_pct,25.395597336709457
A,kumulativ,2023,alle,>=6,signaler_n,14.0
A,kumulativ,2023,alle,>=6,dage_med_signal_n,14.0
A,kumulativ,2023,alle,>=6,dage_med_signal_pct,5.6
A,kumulativ,2023,alle,>=6,ci95_lo_pct,3.364764921901088
A,kumulativ,2023,alle,>=6,ci95_hi_pct,9.17907207329439
A,kumulativ,2023,alle,>=7,signaler_n,2.0
A,kumulativ,2023,alle,>=7,dage_med_signal_n,2.0
A,kumulativ,2023,alle,>=7,dage_med_signal_pct,0.8
A,kumulativ,2023,alle,>=7,ci95_lo_pct,0.21966371203094218
A,kumulativ,2023,alle,>=7,ci95_hi_pct,2.869452958320804
A,omkostninger,2023,alle,signaler,signaler_n,693.0
A,omkostninger,2023,alle,signaler,risiko_pt_p10,9.075000000000728
A,omkostninger,2023,alle,signaler,risiko_pt_p50,21.450000000000728
A,omkostninger,2023,alle,signaler,risiko_pt_p90,49.774999999999636
A,omkostninger,2023,alle,signaler,omk_R_netto_p10,0.026388749372174978
A,omkostninger,2023,alle,signaler,omk_R_netto_p50,0.061235431235429155
A,omkostninger,2023,alle,signaler,omk_R_netto_p90,0.14473829201100766
A,omkostninger,2023,alle,signaler,be_WR_pct_netto_p50,35.374514374514305
A,omkostninger,2023,alle,signaler,kontrakter_p50,5.0
A,omkostninger,2023,alle,signaler,kontrakter_p90,13.0
A,omkostninger,2023,alle,signaler,kontrakter_maks,37.0
A,omkostninger,2023,alle,signaler,kontrakter_loftet_n,0.0
A,omkostninger,2023,alle,signaler,zoner_i_vindue_n,694.0
A,omkostninger,2023,alle,signaler,afvist_kontrakter_nul_n,1.0
B,filtre,alle,alle,f1_brud,signaler_n,9273.0
B,filtre,alle,alle,f1_brud,sande_n,5156.0
B,filtre,alle,alle,f1_brud,pct,55.60228620726841
B,filtre,alle,alle,f1_brud,ci95_lo_pct,54.588908989555705
B,filtre,alle,alle,f1_brud,ci95_hi_pct,56.611023709650745
B,filtre,alle,alle,f2_flip,signaler_n,9273.0
B,filtre,alle,alle,f2_flip,sande_n,930.0
B,filtre,alle,alle,f2_flip,pct,10.029116790682627
B,filtre,alle,alle,f2_flip,ci95_lo_pct,9.434178167270465
B,filtre,alle,alle,f2_flip,ci95_hi_pct,10.657158599603985
B,filtre,alle,alle,f3_sweep,signaler_n,9273.0
B,filtre,alle,alle,f3_sweep,sande_n,1262.0
B,filtre,alle,alle,f3_sweep,pct,13.609403644990834
B,filtre,alle,alle,f3_sweep,ci95_lo_pct,12.926558426002021
B,filtre,alle,alle,f3_sweep,ci95_hi_pct,14.322386918613612
B,filtre,alle,alle,f4_inducement,signaler_n,9273.0
B,filtre,alle,alle,f4_inducement,sande_n,2994.0
B,filtre,alle,alle,f4_inducement,pct,32.287285668068584
B,filtre,alle,alle,f4_inducement,ci95_lo_pct,31.343113743868166
B,filtre,alle,alle,f4_inducement,ci95_hi_pct,33.246126952096034
B,filtre,alle,alle,f5_stakket,signaler_n,9273.0
B,filtre,alle,alle,f5_stakket,sande_n,2802.0
B,filtre,alle,alle,f5_stakket,pct,30.216758330637333
B,filtre,alle,alle,f5_stakket,ci95_lo_pct,29.290482861789968
B,filtre,alle,alle,f5_stakket,ci95_hi_pct,31.159417933793787
B,filtre,alle,alle,f6_retning,signaler_n,9273.0
B,filtre,alle,alle,f6_retning,sande_n,4731.0
B,filtre,alle,alle,f6_retning,pct,51.019087673891946
B,filtre,alle,alle,f6_retning,ci95_lo_pct,50.0014153465591
B,filtre,alle,alle,f6_retning,ci95_hi_pct,52.03591601065941
B,filtre,alle,alle,f7_discount,signaler_n,9273.0
B,filtre,alle,alle,f7_discount,sande_n,6081.0
B,filtre,alle,alle,f7_discount,pct,65.57748301520543
B,filtre,alle,alle,f7_discount,ci95_lo_pct,64.60418859078924
B,filtre,alle,alle,f7_discount,ci95_hi_pct,66.53787644097925
B,filtre,alle,demand,f1_brud,signaler_n,4820.0
B,filtre,alle,demand,f1_brud,sande_n,2645.0
B,filtre,alle,demand,f1_brud,pct,54.87551867219917
B,filtre,alle,demand,f1_brud,ci95_lo_pct,53.46737236297938
B,filtre,alle,demand,f1_brud,ci95_hi_pct,56.27589975763678
B,filtre,alle,demand,f2_flip,signaler_n,4820.0
B,filtre,alle,demand,f2_flip,sande_n,475.0
B,filtre,alle,demand,f2_flip,pct,9.854771784232366
B,filtre,alle,demand,f2_flip,ci95_lo_pct,9.045036730041742
B,filtre,alle,demand,f2_flip,ci95_hi_pct,10.728446021480611
B,filtre,alle,demand,f3_sweep,signaler_n,4820.0
B,filtre,alle,demand,f3_sweep,sande_n,631.0
B,filtre,alle,demand,f3_sweep,pct,13.091286307053942
B,filtre,alle,demand,f3_sweep,ci95_lo_pct,12.168361918909236
B,filtre,alle,demand,f3_sweep,ci95_hi_pct,14.072995091405113
B,filtre,alle,demand,f4_inducement,signaler_n,4820.0
B,filtre,alle,demand,f4_inducement,sande_n,1583.0
B,filtre,alle,demand,f4_inducement,pct,32.84232365145228
B,filtre,alle,demand,f4_inducement,ci95_lo_pct,31.530610151592743
B,filtre,alle,demand,f4_inducement,ci95_hi_pct,34.181364130324056
B,filtre,alle,demand,f5_stakket,signaler_n,4820.0
B,filtre,alle,demand,f5_stakket,sande_n,1484.0
B,filtre,alle,demand,f5_stakket,pct,30.78838174273859
B,filtre,alle,demand,f5_stakket,ci95_lo_pct,29.500920749735492
B,filtre,alle,demand,f5_stakket,ci95_hi_pct,32.106441021794076
B,filtre,alle,demand,f6_retning,signaler_n,4820.0
B,filtre,alle,demand,f6_retning,sande_n,2458.0
B,filtre,alle,demand,f6_retning,pct,50.995850622406635
B,filtre,alle,demand,f6_retning,ci95_lo_pct,49.584354888422254
B,filtre,alle,demand,f6_retning,ci95_hi_pct,52.40576026812913
B,filtre,alle,demand,f7_discount,signaler_n,4820.0
B,filtre,alle,demand,f7_discount,sande_n,3039.0
B,filtre,alle,demand,f7_discount,pct,63.04979253112033
B,filtre,alle,demand,f7_discount,ci95_lo_pct,61.677283108449885
B,filtre,alle,demand,f7_discount,ci95_hi_pct,64.40151758885887
B,filtre,alle,supply,f1_brud,signaler_n,4453.0
B,filtre,alle,supply,f1_brud,sande_n,2511.0
B,filtre,alle,supply,f1_brud,pct,56.388951268807546
B,filtre,alle,supply,f1_brud,ci95_lo_pct,54.92754000968322
B,filtre,alle,supply,f1_brud,ci95_hi_pct,57.83934894648263
B,filtre,alle,supply,f2_flip,signaler_n,4453.0
B,filtre,alle,supply,f2_flip,sande_n,455.0
B,filtre,alle,supply,f2_flip,pct,10.217830675948798
B,filtre,alle,supply,f2_flip,ci95_lo_pct,9.36223968326132
B,filtre,alle,supply,f2_flip,ci95_hi_pct,11.142000085287721
B,filtre,alle,supply,f3_sweep,signaler_n,4453.0
B,filtre,alle,supply,f3_sweep,sande_n,631.0
B,filtre,alle,supply,f3_sweep,pct,14.170222322030092
B,filtre,alle,supply,f3_sweep,ci95_lo_pct,13.176776281502608
B,filtre,alle,supply,f3_sweep,ci95_hi_pct,15.22543345641441
B,filtre,alle,supply,f4_inducement,signaler_n,4453.0
B,filtre,alle,supply,f4_inducement,sande_n,1411.0
B,filtre,alle,supply,f4_inducement,pct,31.686503480799463
B,filtre,alle,supply,f4_inducement,ci95_lo_pct,30.336278218528733
B,filtre,alle,supply,f4_inducement,ci95_hi_pct,33.06829842908727
B,filtre,alle,supply,f5_stakket,signaler_n,4453.0
B,filtre,alle,supply,f5_stakket,sande_n,1318.0
B,filtre,alle,supply,f5_stakket,pct,29.59802380417696
B,filtre,alle,supply,f5_stakket,ci95_lo_pct,28.275328364058495
B,filtre,alle,supply,f5_stakket,ci95_hi_pct,30.955889152016482
B,filtre,alle,supply,f6_retning,signaler_n,4453.0
B,filtre,alle,supply,f6_retning,sande_n,2273.0
B,filtre,alle,supply,f6_retning,pct,51.04423983831125
B,filtre,alle,supply,f6_retning,ci95_lo_pct,49.57573252945656
B,filtre,alle,supply,f6_retning,ci95_hi_pct,52.51094703631397
B,filtre,alle,supply,f7_discount,signaler_n,4453.0
B,filtre,alle,supply,f7_discount,sande_n,3042.0
B,filtre,alle,supply,f7_discount,pct,68.31349651920054
B,filtre,alle,supply,f7_discount,ci95_lo_pct,66.93170157091272
B,filtre,alle,supply,f7_discount,ci95_hi_pct,69.66372178147127
B,score,alle,alle,0,signaler_n,136.0
B,score,alle,alle,0,dage_med_signal_n,122.0
B,score,alle,alle,0,dage_med_signal_pct,10.400682011935208
B,score,alle,alle,0,ci95_lo_pct,8.7810551896447
B,score,alle,alle,0,ci95_hi_pct,12.27882989199192
B,score,alle,alle,1,signaler_n,1938.0
B,score,alle,alle,1,dage_med_signal_n,939.0
B,score,alle,alle,1,dage_med_signal_pct,80.05115089514067
B,score,alle,alle,1,ci95_lo_pct,77.66781509554825
B,score,alle,alle,1,ci95_hi_pct,82.23830010084161
B,score,alle,alle,2,signaler_n,2539.0
B,score,alle,alle,2,dage_med_signal_n,1021.0
B,score,alle,alle,2,dage_med_signal_pct,87.04177323103154
B,score,alle,alle,2,ci95_lo_pct,84.99827263270771
B,score,alle,alle,2,ci95_hi_pct,88.84344950298419
B,score,alle,alle,3,signaler_n,2430.0
B,score,alle,alle,3,dage_med_signal_n,971.0
B,score,alle,alle,3,dage_med_signal_pct,82.77919863597613
B,score,alle,alle,3,ci95_lo_pct,80.51241797988318
B,score,alle,alle,3,ci95_hi_pct,84.83198285135623
B,score,alle,alle,4,signaler_n,1590.0
B,score,alle,alle,4,dage_med_signal_n,818.0
B,score,alle,alle,4,dage_med_signal_pct,69.73572037510657
B,score,alle,alle,4,ci95_lo_pct,67.04579471495641
B,score,alle,alle,4,ci95_hi_pct,72.2968029246585
B,score,alle,alle,5,signaler_n,553.0
B,score,alle,alle,5,dage_med_signal_n,395.0
B,score,alle,alle,5,dage_med_signal_pct,33.67433930093777
B,score,alle,alle,5,ci95_lo_pct,31.027006379417994
B,score,alle,alle,5,ci95_hi_pct,36.42825302452907
B,score,alle,alle,6,signaler_n,84.0
B,score,alle,alle,6,dage_med_signal_n,80.0
B,score,alle,alle,6,dage_med_signal_pct,6.820119352088661
B,score,alle,alle,6,ci95_lo_pct,5.513909806780684
B,score,alle,alle,6,ci95_hi_pct,8.40822537911587
B,score,alle,alle,7,signaler_n,3.0
B,score,alle,alle,7,dage_med_signal_n,3.0
B,score,alle,alle,7,dage_med_signal_pct,0.2557544757033248
B,score,alle,alle,7,ci95_lo_pct,0.08701689084281258
B,score,alle,alle,7,ci95_hi_pct,0.7492434861969455
B,kumulativ,alle,alle,>=0,signaler_n,9273.0
B,kumulativ,alle,alle,>=0,dage_med_signal_n,1173.0
B,kumulativ,alle,alle,>=0,dage_med_signal_pct,100.0
B,kumulativ,alle,alle,>=0,ci95_lo_pct,99.67357890122737
B,kumulativ,alle,alle,>=0,ci95_hi_pct,99.99999999999999
B,kumulativ,alle,alle,>=1,signaler_n,9137.0
B,kumulativ,alle,alle,>=1,dage_med_signal_n,1173.0
B,kumulativ,alle,alle,>=1,dage_med_signal_pct,100.0
B,kumulativ,alle,alle,>=1,ci95_lo_pct,99.67357890122737
B,kumulativ,alle,alle,>=1,ci95_hi_pct,99.99999999999999
B,kumulativ,alle,alle,>=2,signaler_n,7199.0
B,kumulativ,alle,alle,>=2,dage_med_signal_n,1168.0
B,kumulativ,alle,alle,>=2,dage_med_signal_pct,99.57374254049446
B,kumulativ,alle,alle,>=2,ci95_lo_pct,99.00605176152708
B,kumulativ,alle,alle,>=2,ci95_hi_pct,99.81779500925505
B,kumulativ,alle,alle,>=3,signaler_n,4660.0
B,kumulativ,alle,alle,>=3,dage_med_signal_n,1127.0
B,kumulativ,alle,alle,>=3,dage_med_signal_pct,96.07843137254902
B,kumulativ,alle,alle,>=3,ci95_lo_pct,94.80886728158715
B,kumulativ,alle,alle,>=3,ci95_hi_pct,97.04717601954398
B,kumulativ,alle,alle,>=4,signaler_n,2230.0
B,kumulativ,alle,alle,>=4,dage_med_signal_n,942.0
B,kumulativ,alle,alle,>=4,dage_med_signal_pct,80.30690537084399
B,kumulativ,alle,alle,>=4,ci95_lo_pct,77.93375018974771
B,kumulativ,alle,alle,>=4,ci95_hi_pct,82.48220428490932
B,kumulativ,alle,alle,>=5,signaler_n,640.0
B,kumulativ,alle,alle,>=5,dage_med_signal_n,443.0
B,kumulativ,alle,alle,>=5,dage_med_signal_pct,37.76641091219096
B,kumulativ,alle,alle,>=5,ci95_lo_pct,35.036217936882785
B,kumulativ,alle,alle,>=5,ci95_hi_pct,40.57646991933864
B,kumulativ,alle,alle,>=6,signaler_n,87.0
B,kumulativ,alle,alle,>=6,dage_med_signal_n,83.0
B,kumulativ,alle,alle,>=6,dage_med_signal_pct,7.075873827791987
B,kumulativ,alle,alle,>=6,ci95_lo_pct,5.744282848986766
B,kumulativ,alle,alle,>=6,ci95_hi_pct,8.687691615176933
B,kumulativ,alle,alle,>=7,signaler_n,3.0
B,kumulativ,alle,alle,>=7,dage_med_signal_n,3.0
B,kumulativ,alle,alle,>=7,dage_med_signal_pct,0.2557544757033248
B,kumulativ,alle,alle,>=7,ci95_lo_pct,0.08701689084281258
B,kumulativ,alle,alle,>=7,ci95_hi_pct,0.7492434861969455
B,brud_alene,alle,alle,f1_brud,signaler_n,5156.0
B,brud_alene,alle,alle,f1_brud,dage_med_signal_n,1139.0
B,brud_alene,alle,alle,f1_brud,dage_med_signal_pct,97.10144927536231
B,brud_alene,alle,alle,f1_brud,ci95_lo_pct,95.97694673406548
B,brud_alene,alle,alle,f1_brud,ci95_hi_pct,97.91845368013422
B,samvariation,alle,alle,f1_brud|f2_flip,phi,0.08735596072311382
B,samvariation,alle,alle,f1_brud|f2_flip,signaler_n,9273.0
B,samvariation,alle,alle,f1_brud|f3_sweep,phi,-0.051083241542084816
B,samvariation,alle,alle,f1_brud|f3_sweep,signaler_n,9273.0
B,samvariation,alle,alle,f1_brud|f4_inducement,phi,0.5204889171331448
B,samvariation,alle,alle,f1_brud|f4_inducement,signaler_n,9273.0
B,samvariation,alle,alle,f1_brud|f5_stakket,phi,0.04680516826053806
B,samvariation,alle,alle,f1_brud|f5_stakket,signaler_n,9273.0
B,samvariation,alle,alle,f1_brud|f6_retning,phi,0.10309941172121373
B,samvariation,alle,alle,f1_brud|f6_retning,signaler_n,9273.0
B,samvariation,alle,alle,f1_brud|f7_discount,phi,0.030527640494756644
B,samvariation,alle,alle,f1_brud|f7_discount,signaler_n,9273.0
B,samvariation,alle,alle,f2_flip|f3_sweep,phi,-0.0518968779134821
B,samvariation,alle,alle,f2_flip|f3_sweep,signaler_n,9273.0
B,samvariation,alle,alle,f2_flip|f4_inducement,phi,-0.004815437245354591
B,samvariation,alle,alle,f2_flip|f4_inducement,signaler_n,9273.0
B,samvariation,alle,alle,f2_flip|f5_stakket,phi,-0.025811926135375612
B,samvariation,alle,alle,f2_flip|f5_stakket,signaler_n,9273.0
B,samvariation,alle,alle,f2_flip|f6_retning,phi,0.04274631446262116
B,samvariation,alle,alle,f2_flip|f6_retning,signaler_n,9273.0
B,samvariation,alle,alle,f2_flip|f7_discount,phi,-0.07395217238258268
B,samvariation,alle,alle,f2_flip|f7_discount,signaler_n,9273.0
B,samvariation,alle,alle,f3_sweep|f4_inducement,phi,-0.007039437085277887
B,samvariation,alle,alle,f3_sweep|f4_inducement,signaler_n,9273.0
B,samvariation,alle,alle,f3_sweep|f5_stakket,phi,0.025111539279443585
B,samvariation,alle,alle,f3_sweep|f5_stakket,signaler_n,9273.0
B,samvariation,alle,alle,f3_sweep|f6_retning,phi,-0.08044237577551652
B,samvariation,alle,alle,f3_sweep|f6_retning,signaler_n,9273.0
B,samvariation,alle,alle,f3_sweep|f7_discount,phi,0.17701474038490017
B,samvariation,alle,alle,f3_sweep|f7_discount,signaler_n,9273.0
B,samvariation,alle,alle,f4_inducement|f5_stakket,phi,-0.006875823104866753
B,samvariation,alle,alle,f4_inducement|f5_stakket,signaler_n,9273.0
B,samvariation,alle,alle,f4_inducement|f6_retning,phi,-0.13541730951014483
B,samvariation,alle,alle,f4_inducement|f6_retning,signaler_n,9273.0
B,samvariation,alle,alle,f4_inducement|f7_discount,phi,0.3653425478963435
B,samvariation,alle,alle,f4_inducement|f7_discount,signaler_n,9273.0
B,samvariation,alle,alle,f5_stakket|f6_retning,phi,-0.002609586791625814
B,samvariation,alle,alle,f5_stakket|f6_retning,signaler_n,9273.0
B,samvariation,alle,alle,f5_stakket|f7_discount,phi,0.0338681986025937
B,samvariation,alle,alle,f5_stakket|f7_discount,signaler_n,9273.0
B,samvariation,alle,alle,f6_retning|f7_discount,phi,-0.5269088165412672
B,samvariation,alle,alle,f6_retning|f7_discount,signaler_n,9273.0
B,omkostninger,alle,alle,signaler,signaler_n,9273.0
B,omkostninger,alle,alle,signaler,risiko_pt_p10,4.950000000000728
B,omkostninger,alle,alle,signaler,risiko_pt_p50,14.299999999999272
B,omkostninger,alle,alle,signaler,risiko_pt_p90,35.475000000000364
B,omkostninger,alle,alle,signaler,omk_R_netto_p10,0.03702607470049292
B,omkostninger,alle,alle,signaler,omk_R_netto_p50,0.09185314685315152
B,omkostninger,alle,alle,signaler,omk_R_netto_p90,0.2653535353534963
B,omkostninger,alle,alle,signaler,be_WR_pct_netto_p50,36.39510489510505
B,omkostninger,alle,alle,signaler,kontrakter_p50,8.0
B,omkostninger,alle,alle,signaler,kontrakter_p90,25.0
B,omkostninger,alle,alle,signaler,kontrakter_maks,50.0
B,omkostninger,alle,alle,signaler,kontrakter_loftet_n,152.0
B,omkostninger,alle,alle,signaler,zoner_i_vindue_n,9277.0
B,omkostninger,alle,alle,signaler,afvist_kontrakter_nul_n,4.0
B,kumulativ,2019,alle,>=0,signaler_n,1278.0
B,kumulativ,2019,alle,>=0,dage_med_signal_n,167.0
B,kumulativ,2019,alle,>=0,dage_med_signal_pct,100.0
B,kumulativ,2019,alle,>=0,ci95_lo_pct,97.75144812786577
B,kumulativ,2019,alle,>=0,ci95_hi_pct,99.99999999999999
B,kumulativ,2019,alle,>=1,signaler_n,1259.0
B,kumulativ,2019,alle,>=1,dage_med_signal_n,167.0
B,kumulativ,2019,alle,>=1,dage_med_signal_pct,100.0
B,kumulativ,2019,alle,>=1,ci95_lo_pct,97.75144812786577
B,kumulativ,2019,alle,>=1,ci95_hi_pct,99.99999999999999
B,kumulativ,2019,alle,>=2,signaler_n,985.0
B,kumulativ,2019,alle,>=2,dage_med_signal_n,167.0
B,kumulativ,2019,alle,>=2,dage_med_signal_pct,100.0
B,kumulativ,2019,alle,>=2,ci95_lo_pct,97.75144812786577
B,kumulativ,2019,alle,>=2,ci95_hi_pct,99.99999999999999
B,kumulativ,2019,alle,>=3,signaler_n,623.0
B,kumulativ,2019,alle,>=3,dage_med_signal_n,159.0
B,kumulativ,2019,alle,>=3,dage_med_signal_pct,95.20958083832335
B,kumulativ,2019,alle,>=3,ci95_lo_pct,90.83312387679435
B,kumulativ,2019,alle,>=3,ci95_hi_pct,97.55291604720404
B,kumulativ,2019,alle,>=4,signaler_n,305.0
B,kumulativ,2019,alle,>=4,dage_med_signal_n,135.0
B,kumulativ,2019,alle,>=4,dage_med_signal_pct,80.83832335329342
B,kumulativ,2019,alle,>=4,ci95_lo_pct,74.20261477827131
B,kumulativ,2019,alle,>=4,ci95_hi_pct,86.08720053412496
B,kumulativ,2019,alle,>=5,signaler_n,90.0
B,kumulativ,2019,alle,>=5,dage_med_signal_n,66.0
B,kumulativ,2019,alle,>=5,dage_med_signal_pct,39.52095808383233
B,kumulativ,2019,alle,>=5,ci95_lo_pct,32.42172453653722
B,kumulativ,2019,alle,>=5,ci95_hi_pct,47.09144501750289
B,kumulativ,2019,alle,>=6,signaler_n,11.0
B,kumulativ,2019,alle,>=6,dage_med_signal_n,11.0
B,kumulativ,2019,alle,>=6,dage_med_signal_pct,6.586826347305389
B,kumulativ,2019,alle,>=6,ci95_lo_pct,3.71745625837038
B,kumulativ,2019,alle,>=6,ci95_hi_pct,11.408531894081486
B,kumulativ,2019,alle,>=7,signaler_n,1.0
B,kumulativ,2019,alle,>=7,dage_med_signal_n,1.0
B,kumulativ,2019,alle,>=7,dage_med_signal_pct,0.5988023952095808
B,kumulativ,2019,alle,>=7,ci95_lo_pct,0.10578164774840901
B,kumulativ,2019,alle,>=7,ci95_hi_pct,3.3134462498692305
B,omkostninger,2019,alle,signaler,signaler_n,1278.0
B,omkostninger,2019,alle,signaler,risiko_pt_p10,2.475000000000364
B,omkostninger,2019,alle,signaler,risiko_pt_p50,6.050000000000182
B,omkostninger,2019,alle,signaler,risiko_pt_p90,14.024999999999636
B,omkostninger,2019,alle,signaler,omk_R_netto_p10,0.09365418894830901
B,omkostninger,2019,alle,signaler,omk_R_netto_p50,0.21710743801652238
B,omkostninger,2019,alle,signaler,omk_R_netto_p90,0.5307070707069926
B,omkostninger,2019,alle,signaler,be_WR_pct_netto_p50,40.570247933884076
B,omkostninger,2019,alle,signaler,kontrakter_p50,20.0
B,omkostninger,2019,alle,signaler,kontrakter_p90,50.0
B,omkostninger,2019,alle,signaler,kontrakter_maks,50.0
B,omkostninger,2019,alle,signaler,kontrakter_loftet_n,119.0
B,omkostninger,2019,alle,signaler,zoner_i_vindue_n,1278.0
B,omkostninger,2019,alle,signaler,afvist_kontrakter_nul_n,0.0
B,kumulativ,2020,alle,>=0,signaler_n,2038.0
B,kumulativ,2020,alle,>=0,dage_med_signal_n,253.0
B,kumulativ,2020,alle,>=0,dage_med_signal_pct,100.0
B,kumulativ,2020,alle,>=0,ci95_lo_pct,98.50434628492904
B,kumulativ,2020,alle,>=0,ci95_hi_pct,99.99999999999999
B,kumulativ,2020,alle,>=1,signaler_n,2004.0
B,kumulativ,2020,alle,>=1,dage_med_signal_n,253.0
B,kumulativ,2020,alle,>=1,dage_med_signal_pct,100.0
B,kumulativ,2020,alle,>=1,ci95_lo_pct,98.50434628492904
B,kumulativ,2020,alle,>=1,ci95_hi_pct,99.99999999999999
B,kumulativ,2020,alle,>=2,signaler_n,1577.0
B,kumulativ,2020,alle,>=2,dage_med_signal_n,252.0
B,kumulativ,2020,alle,>=2,dage_med_signal_pct,99.60474308300395
B,kumulativ,2020,alle,>=2,ci95_lo_pct,97.79546245934473
B,kumulativ,2020,alle,>=2,ci95_hi_pct,99.93019334111845
B,kumulativ,2020,alle,>=3,signaler_n,1016.0
B,kumulativ,2020,alle,>=3,dage_med_signal_n,245.0
B,kumulativ,2020,alle,>=3,dage_med_signal_pct,96.83794466403162
B,kumulativ,2020,alle,>=3,ci95_lo_pct,93.8856246702137
B,kumulativ,2020,alle,>=3,ci95_hi_pct,98.3891977389886
B,kumulativ,2020,alle,>=4,signaler_n,467.0
B,kumulativ,2020,alle,>=4,dage_med_signal_n,206.0
B,kumulativ,2020,alle,>=4,dage_med_signal_pct,81.42292490118577
B,kumulativ,2020,alle,>=4,ci95_lo_pct,76.17339296886661
B,kumulativ,2020,alle,>=4,ci95_hi_pct,85.73250054616786
B,kumulativ,2020,alle,>=5,signaler_n,145.0
B,kumulativ,2020,alle,>=5,dage_med_signal_n,100.0
B,kumulativ,2020,alle,>=5,dage_med_signal_pct,39.52569169960474
B,kumulativ,2020,alle,>=5,ci95_lo_pct,33.701131608059384
B,kumulativ,2020,alle,>=5,ci95_hi_pct,45.66357055359578
B,kumulativ,2020,alle,>=6,signaler_n,18.0
B,kumulativ,2020,alle,>=6,dage_med_signal_n,17.0
B,kumulativ,2020,alle,>=6,dage_med_signal_pct,6.719367588932807
B,kumulativ,2020,alle,>=6,ci95_lo_pct,4.237223980290547
B,kumulativ,2020,alle,>=6,ci95_hi_pct,10.496167970699718
B,kumulativ,2020,alle,>=7,signaler_n,0.0
B,kumulativ,2020,alle,>=7,dage_med_signal_n,0.0
B,kumulativ,2020,alle,>=7,dage_med_signal_pct,0.0
B,kumulativ,2020,alle,>=7,ci95_lo_pct,0.0
B,kumulativ,2020,alle,>=7,ci95_hi_pct,1.4956537150709457
B,omkostninger,2020,alle,signaler,signaler_n,2038.0
B,omkostninger,2020,alle,signaler,risiko_pt_p10,5.774999999999636
B,omkostninger,2020,alle,signaler,risiko_pt_p50,13.75
B,omkostninger,2020,alle,signaler,risiko_pt_p90,35.007499999999425
B,omkostninger,2020,alle,signaler,omk_R_netto_p10,0.03752101601646446
B,omkostninger,2020,alle,signaler,omk_R_netto_p50,0.09552727272727272
B,omkostninger,2020,alle,signaler,omk_R_netto_p90,0.22744588744590175
B,omkostninger,2020,alle,signaler,be_WR_pct_netto_p50,36.517575757575756
B,omkostninger,2020,alle,signaler,kontrakter_p50,9.0
B,omkostninger,2020,alle,signaler,kontrakter_p90,21.0
B,omkostninger,2020,alle,signaler,kontrakter_maks,50.0
B,omkostninger,2020,alle,signaler,kontrakter_loftet_n,13.0
B,omkostninger,2020,alle,signaler,zoner_i_vindue_n,2038.0
B,omkostninger,2020,alle,signaler,afvist_kontrakter_nul_n,0.0
B,kumulativ,2021,alle,>=0,signaler_n,2007.0
B,kumulativ,2021,alle,>=0,dage_med_signal_n,252.0
B,kumulativ,2021,alle,>=0,dage_med_signal_pct,100.0
B,kumulativ,2021,alle,>=0,ci95_lo_pct,98.4985002671571
B,kumulativ,2021,alle,>=0,ci95_hi_pct,100.0
B,kumulativ,2021,alle,>=1,signaler_n,1979.0
B,kumulativ,2021,alle,>=1,dage_med_signal_n,252.0
B,kumulativ,2021,alle,>=1,dage_med_signal_pct,100.0
B,kumulativ,2021,alle,>=1,ci95_lo_pct,98.4985002671571
B,kumulativ,2021,alle,>=1,ci95_hi_pct,100.0
B,kumulativ,2021,alle,>=2,signaler_n,1525.0
B,kumulativ,2021,alle,>=2,dage_med_signal_n,252.0
B,kumulativ,2021,alle,>=2,dage_med_signal_pct,100.0
B,kumulativ,2021,alle,>=2,ci95_lo_pct,98.4985002671571
B,kumulativ,2021,alle,>=2,ci95_hi_pct,100.0
B,kumulativ,2021,alle,>=3,signaler_n,982.0
B,kumulativ,2021,alle,>=3,dage_med_signal_n,245.0
B,kumulativ,2021,alle,>=3,dage_med_signal_pct,97.22222222222223
B,kumulativ,2021,alle,>=3,ci95_lo_pct,94.37829988023249
B,kumulativ,2021,alle,>=3,ci95_hi_pct,98.64806148319366
B,kumulativ,2021,alle,>=4,signaler_n,478.0
B,kumulativ,2021,alle,>=4,dage_med_signal_n,200.0
B,kumulativ,2021,alle,>=4,dage_med_signal_pct,79.36507936507937
B,kumulativ,2021,alle,>=4,ci95_lo_pct,73.94577446813351
B,kumulativ,2021,alle,>=4,ci95_hi_pct,83.90255108559366
B,kumulativ,2021,alle,>=5,signaler_n,130.0
B,kumulativ,2021,alle,>=5,dage_med_signal_n,91.0
B,kumulativ,2021,alle,>=5,dage_med_signal_pct,36.111111111111114
B,kumulativ,2021,alle,>=5,ci95_lo_pct,30.4302918746155
B,kumulativ,2021,alle,>=5,ci95_hi_pct,42.20901360672976
B,kumulativ,2021,alle,>=6,signaler_n,20.0
B,kumulativ,2021,alle,>=6,dage_med_signal_n,20.0
B,kumulativ,2021,alle,>=6,dage_med_signal_pct,7.936507936507937
B,kumulativ,2021,alle,>=6,ci95_lo_pct,5.196178512707833
B,kumulativ,2021,alle,>=6,ci95_hi_pct,11.940003802223503
B,kumulativ,2021,alle,>=7,signaler_n,0.0
B,kumulativ,2021,alle,>=7,dage_med_signal_n,0.0
B,kumulativ,2021,alle,>=7,dage_med_signal_pct,0.0
B,kumulativ,2021,alle,>=7,ci95_lo_pct,8.673617379884035e-17
B,kumulativ,2021,alle,>=7,ci95_hi_pct,1.5014997328429098
B,omkostninger,2021,alle,signaler,signaler_n,2007.0
B,omkostninger,2021,alle,signaler,risiko_pt_p10,5.5
B,omkostninger,2021,alle,signaler,risiko_pt_p50,13.475000000000364
B,omkostninger,2021,alle,signaler,risiko_pt_p90,32.17499999999927
B,omkostninger,2021,alle,signaler,omk_R_netto_p10,0.040823620823621745
B,omkostninger,2021,alle,signaler,omk_R_netto_p50,0.09747680890537769
B,omkostninger,2021,alle,signaler,omk_R_netto_p90,0.2388181818181818
B,omkostninger,2021,alle,signaler,be_WR_pct_netto_p50,36.58256029684593
B,omkostninger,2021,alle,signaler,kontrakter_p50,9.0
B,omkostninger,2021,alle,signaler,kontrakter_p90,22.0
B,omkostninger,2021,alle,signaler,kontrakter_maks,50.0
B,omkostninger,2021,alle,signaler,kontrakter_loftet_n,9.0
B,omkostninger,2021,alle,signaler,zoner_i_vindue_n,2007.0
B,omkostninger,2021,alle,signaler,afvist_kontrakter_nul_n,0.0
B,kumulativ,2022,alle,>=0,signaler_n,2056.0
B,kumulativ,2022,alle,>=0,dage_med_signal_n,251.0
B,kumulativ,2022,alle,>=0,dage_med_signal_pct,100.0
B,kumulativ,2022,alle,>=0,ci95_lo_pct,98.4926083697406
B,kumulativ,2022,alle,>=0,ci95_hi_pct,100.0
B,kumulativ,2022,alle,>=1,signaler_n,2027.0
B,kumulativ,2022,alle,>=1,dage_med_signal_n,251.0
B,kumulativ,2022,alle,>=1,dage_med_signal_pct,100.0
B,kumulativ,2022,alle,>=1,ci95_lo_pct,98.4926083697406
B,kumulativ,2022,alle,>=1,ci95_hi_pct,100.0
B,kumulativ,2022,alle,>=2,signaler_n,1594.0
B,kumulativ,2022,alle,>=2,dage_med_signal_n,247.0
B,kumulativ,2022,alle,>=2,dage_med_signal_pct,98.40637450199203
B,kumulativ,2022,alle,>=2,ci95_lo_pct,95.97483159760162
B,kumulativ,2022,alle,>=2,ci95_hi_pct,99.37857013087233
B,kumulativ,2022,alle,>=3,signaler_n,1036.0
B,kumulativ,2022,alle,>=3,dage_med_signal_n,240.0
B,kumulativ,2022,alle,>=3,dage_med_signal_pct,95.61752988047809
B,kumulativ,2022,alle,>=3,ci95_lo_pct,92.32424155951139
B,kumulativ,2022,alle,>=3,ci95_hi_pct,97.53554854674596
B,kumulativ,2022,alle,>=4,signaler_n,513.0
B,kumulativ,2022,alle,>=4,dage_med_signal_n,202.0
B,kumulativ,2022,alle,>=4,dage_med_signal_pct,80.4780876494024
B,kumulativ,2022,alle,>=4,ci95_lo_pct,75.1305665336437
B,kumulativ,2022,alle,>=4,ci95_hi_pct,84.90676048058063
B,kumulativ,2022,alle,>=5,signaler_n,157.0
B,kumulativ,2022,alle,>=5,dage_med_signal_n,106.0
B,kumulativ,2022,alle,>=5,dage_med_signal_pct,42.23107569721115
B,kumulativ,2022,alle,>=5,ci95_lo_pct,36.282814821599096
B,kumulativ,2022,alle,>=5,ci95_hi_pct,48.41355280222608
B,kumulativ,2022,alle,>=6,signaler_n,19.0
B,kumulativ,2022,alle,>=6,dage_med_signal_n,18.0
B,kumulativ,2022,alle,>=6,dage_med_signal_pct,7.171314741035856
B,kumulativ,2022,alle,>=6,ci95_lo_pct,4.584024066576224
B,kumulativ,2022,alle,>=6,ci95_hi_pct,11.049797449383036
B,kumulativ,2022,alle,>=7,signaler_n,1.0
B,kumulativ,2022,alle,>=7,dage_med_signal_n,1.0
B,kumulativ,2022,alle,>=7,dage_med_signal_pct,0.398406374501992
B,kumulativ,2022,alle,>=7,ci95_lo_pct,0.07036316145222175
B,kumulativ,2022,alle,>=7,ci95_hi_pct,2.221830129123847
B,omkostninger,2022,alle,signaler,signaler_n,2056.0
B,omkostninger,2022,alle,signaler,risiko_pt_p10,9.899999999999636
B,omkostninger,2022,alle,signaler,risiko_pt_p50,22.549999999999272
B,omkostninger,2022,alle,signaler,risiko_pt_p90,47.850000000000364
B,omkostninger,2022,alle,signaler,omk_R_netto_p10,0.027450365726227586
B,omkostninger,2022,alle,signaler,omk_R_netto_p50,0.05824833702882671
B,omkostninger,2022,alle,signaler,omk_R_netto_p90,0.13267676767677253
B,omkostninger,2022,alle,signaler,be_WR_pct_netto_p50,35.27494456762756
B,omkostninger,2022,alle,signaler,kontrakter_p50,5.0
B,omkostninger,2022,alle,signaler,kontrakter_p90,12.0
B,omkostninger,2022,alle,signaler,kontrakter_maks,50.0
B,omkostninger,2022,alle,signaler,kontrakter_loftet_n,1.0
B,omkostninger,2022,alle,signaler,zoner_i_vindue_n,2059.0
B,omkostninger,2022,alle,signaler,afvist_kontrakter_nul_n,3.0
B,kumulativ,2023,alle,>=0,signaler_n,1894.0
B,kumulativ,2023,alle,>=0,dage_med_signal_n,250.0
B,kumulativ,2023,alle,>=0,dage_med_signal_pct,100.0
B,kumulativ,2023,alle,>=0,ci95_lo_pct,98.48667005045553
B,kumulativ,2023,alle,>=0,ci95_hi_pct,99.99999999999997
B,kumulativ,2023,alle,>=1,signaler_n,1868.0
B,kumulativ,2023,alle,>=1,dage_med_signal_n,250.0
B,kumulativ,2023,alle,>=1,dage_med_signal_pct,100.0
B,kumulativ,2023,alle,>=1,ci95_lo_pct,98.48667005045553
B,kumulativ,2023,alle,>=1,ci95_hi_pct,99.99999999999997
B,kumulativ,2023,alle,>=2,signaler_n,1518.0
B,kumulativ,2023,alle,>=2,dage_med_signal_n,250.0
B,kumulativ,2023,alle,>=2,dage_med_signal_pct,100.0
B,kumulativ,2023,alle,>=2,ci95_lo_pct,98.48667005045553
B,kumulativ,2023,alle,>=2,ci95_hi_pct,99.99999999999997
B,kumulativ,2023,alle,>=3,signaler_n,1003.0
B,kumulativ,2023,alle,>=3,dage_med_signal_n,238.0
B,kumulativ,2023,alle,>=3,dage_med_signal_pct,95.2
B,kumulativ,2023,alle,>=3,ci95_lo_pct,91.79876987868127
B,kumulativ,2023,alle,>=3,ci95_hi_pct,97.23317984693053
B,kumulativ,2023,alle,>=4,signaler_n,467.0
B,kumulativ,2023,alle,>=4,dage_med_signal_n,199.0
B,kumulativ,2023,alle,>=4,dage_med_signal_pct,79.6
B,kumulativ,2023,alle,>=4,ci95_lo_pct,74.17463408228052
B,kumulativ,2023,alle,>=4,ci95_hi_pct,84.12947458758916
B,kumulativ,2023,alle,>=5,signaler_n,118.0
B,kumulativ,2023,alle,>=5,dage_med_signal_n,80.0
B,kumulativ,2023,alle,>=5,dage_med_signal_pct,32.0
B,kumulativ,2023,alle,>=5,ci95_lo_pct,26.527465872568122
B,kumulativ,2023,alle,>=5,ci95_hi_pct,38.01733290926788
B,kumulativ,2023,alle,>=6,signaler_n,19.0
B,kumulativ,2023,alle,>=6,dage_med_signal_n,17.0
B,kumulativ,2023,alle,>=6,dage_med_signal_pct,6.8
B,kumulativ,2023,alle,>=6,ci95_lo_pct,4.288591857836033
B,kumulativ,2023,alle,>=6,ci95_hi_pct,10.618925218570377
B,kumulativ,2023,alle,>=7,signaler_n,1.0
B,kumulativ,2023,alle,>=7,dage_med_signal_n,1.0
B,kumulativ,2023,alle,>=7,dage_med_signal_pct,0.4
B,kumulativ,2023,alle,>=7,ci95_lo_pct,0.07064475340650966
B,kumulativ,2023,alle,>=7,ci95_hi_pct,2.230578556541592
B,omkostninger,2023,alle,signaler,signaler_n,1894.0
B,omkostninger,2023,alle,signaler,risiko_pt_p10,6.600000000000364
B,omkostninger,2023,alle,signaler,risiko_pt_p50,14.850000000000364
B,omkostninger,2023,alle,signaler,risiko_pt_p90,31.817499999999757
B,omkostninger,2023,alle,signaler,omk_R_netto_p10,0.041282963063922914
B,omkostninger,2023,alle,signaler,omk_R_netto_p50,0.08845117845117628
B,omkostninger,2023,alle,signaler,omk_R_netto_p90,0.19901515151514051
B,omkostninger,2023,alle,signaler,be_WR_pct_netto_p50,36.28170594837255
B,omkostninger,2023,alle,signaler,kontrakter_p50,8.0
B,omkostninger,2023,alle,signaler,kontrakter_p90,18.0
B,omkostninger,2023,alle,signaler,kontrakter_maks,50.0
B,omkostninger,2023,alle,signaler,kontrakter_loftet_n,10.0
B,omkostninger,2023,alle,signaler,zoner_i_vindue_n,1895.0
B,omkostninger,2023,alle,signaler,afvist_kontrakter_nul_n,1.0
