serie,tabel,variant,naetter_n,forsinket_ind_n,forsinket_ud_n,ruller_i_vinduet_n,sigma_nat,MDE_sidak4,MDE_CI,styrke_FWE_8.6,styrke_CI_8.6,styrke_FWE_17.2,styrke_CI_17.2,aar,L_median,omk_bp,dag,grund,symbol,n_1m,foerste_bar_ct,naetter_alle_n,naetter_med_n,udelukket_ingen barer i natten_n,udelukket_ingen barer i et vindue_n,udelukket_bar over 5 min forsinket_n,salg_ukendt_n,salgsdage_n,salg_kendt_n,ruller_n,rul_tider_ct,salg_andel_pct
NQ.v.0,variant,V1 · alle,2011.0,2.0,2.0,0.0,117.46175997580659,8.056016011104287,7.338319175676216,0.8529803578885216,0.5929879248622205,0.9999926314681824,0.9997830180493308,,,,,,,,,,,,,,,,,,,
NQ.v.0,variant,V1 · salg,902.0,1.0,1.0,0.0,126.49167658538794,12.953541846401539,11.799532721055582,0.4238500165985078,0.2760092206803997,0.967833934159937,0.926077674906716,,,,,,,,,,,,,,,,,,,
NQ.v.0,variant,V2 · alle,2011.0,28.0,2.0,0.0,177.32981340650232,12.162016100756187,11.078522664806389,0.4764116517462192,0.3064683509570137,0.9828129341302704,0.9524344805251521,,,,,,,,,,,,,,,,,,,
NQ.v.0,variant,V2 · salg,902.0,11.0,1.0,0.0,193.17124589840748,19.781948384385615,18.01960807442279,0.18488798604126103,0.14321248577024823,0.6701011916299378,0.6068385653716665,,,,,,,,,,,,,,,,,,,
NQ.v.0,aar,V1 · alle,252.0,,,,,,,,,,,2016.0,4540.625,3.1383344803854096,,,,,,,,,,,,,,,,
NQ.v.0,aar,V1 · alle,251.0,,,,,,,,,,,2017.0,5796.25,2.4584860901444903,,,,,,,,,,,,,,,,
NQ.v.0,aar,V1 · alle,251.0,,,,,,,,,,,2018.0,6966.0,2.045650301464255,,,,,,,,,,,,,,,,
NQ.v.0,aar,V1 · alle,252.0,,,,,,,,,,,2019.0,7691.75,1.852634315987909,,,,,,,,,,,,,,,,
NQ.v.0,aar,V1 · alle,252.0,,,,,,,,,,,2020.0,10382.875,1.3724522350505037,,,,,,,,,,,,,,,,
NQ.v.0,aar,V1 · alle,252.0,,,,,,,,,,,2021.0,14563.125,0.978498776876529,,,,,,,,,,,,,,,,
NQ.v.0,aar,V1 · alle,251.0,,,,,,,,,,,2022.0,12438.75,1.1456135061802835,,,,,,,,,,,,,,,,
NQ.v.0,aar,V1 · alle,250.0,,,,,,,,,,,2023.0,14814.5,0.9618954402781059,,,,,,,,,,,,,,,,
NQ.v.0,aar,V1 · salg,114.0,,,,,,,,,,,2016.0,4512.875,3.1576323297232918,,,,,,,,,,,,,,,,
NQ.v.0,aar,V1 · salg,104.0,,,,,,,,,,,2017.0,5832.125,2.443363268105536,,,,,,,,,,,,,,,,
NQ.v.0,aar,V1 · salg,125.0,,,,,,,,,,,2018.0,6950.75,2.0501384742653674,,,,,,,,,,,,,,,,
NQ.v.0,aar,V1 · salg,112.0,,,,,,,,,,,2019.0,7705.375,1.8493584024138996,,,,,,,,,,,,,,,,
NQ.v.0,aar,V1 · salg,107.0,,,,,,,,,,,2020.0,9992.75,1.4260338745590553,,,,,,,,,,,,,,,,
NQ.v.0,aar,V1 · salg,109.0,,,,,,,,,,,2021.0,14492.0,0.9833011316588463,,,,,,,,,,,,,,,,
NQ.v.0,aar,V1 · salg,131.0,,,,,,,,,,,2022.0,12334.5,1.155296120637237,,,,,,,,,,,,,,,,
NQ.v.0,aar,V1 · salg,100.0,,,,,,,,,,,2023.0,14766.625,0.96501400963321,,,,,,,,,,,,,,,,
NQ.v.0,aar,V2 · alle,252.0,,,,,,,,,,,2016.0,4540.625,3.1383344803854096,,,,,,,,,,,,,,,,
NQ.v.0,aar,V2 · alle,251.0,,,,,,,,,,,2017.0,5798.0,2.457744049672301,,,,,,,,,,,,,,,,
NQ.v.0,aar,V2 · alle,251.0,,,,,,,,,,,2018.0,6964.5,2.046090889511092,,,,,,,,,,,,,,,,
NQ.v.0,aar,V2 · alle,252.0,,,,,,,,,,,2019.0,7693.875,1.8521226300141345,,,,,,,,,,,,,,,,
NQ.v.0,aar,V2 · alle,252.0,,,,,,,,,,,2020.0,10386.125,1.3720227707638797,,,,,,,,,,,,,,,,
NQ.v.0,aar,V2 · alle,252.0,,,,,,,,,,,2021.0,14566.25,0.9782888526559684,,,,,,,,,,,,,,,,
NQ.v.0,aar,V2 · alle,251.0,,,,,,,,,,,2022.0,12459.75,1.143682658159273,,,,,,,,,,,,,,,,
NQ.v.0,aar,V2 · alle,250.0,,,,,,,,,,,2023.0,14819.875,0.9615465717490871,,,,,,,,,,,,,,,,
NQ.v.0,aar,V2 · salg,114.0,,,,,,,,,,,2016.0,4511.25,3.1587697423108896,,,,,,,,,,,,,,,,
NQ.v.0,aar,V2 · salg,104.0,,,,,,,,,,,2017.0,5832.375,2.4432585353308047,,,,,,,,,,,,,,,,
NQ.v.0,aar,V2 · salg,125.0,,,,,,,,,,,2018.0,6949.25,2.050580997949419,,,,,,,,,,,,,,,,
NQ.v.0,aar,V2 · salg,112.0,,,,,,,,,,,2019.0,7708.625,1.8485787024274758,,,,,,,,,,,,,,,,
NQ.v.0,aar,V2 · salg,107.0,,,,,,,,,,,2020.0,9998.25,1.4252494186482636,,,,,,,,,,,,,,,,
NQ.v.0,aar,V2 · salg,109.0,,,,,,,,,,,2021.0,14504.5,0.9824537212589197,,,,,,,,,,,,,,,,
NQ.v.0,aar,V2 · salg,131.0,,,,,,,,,,,2022.0,12324.25,1.1562569730409558,,,,,,,,,,,,,,,,
NQ.v.0,aar,V2 · salg,100.0,,,,,,,,,,,2023.0,14752.125,0.9659625308218308,,,,,,,,,,,,,,,,
NQ.v.0,udelukket,,,,,,,,,,,,,,,,2020-03-16,bar over 5 min forsinket,,,,,,,,,,,,,,
NQ.v.0,serie,,,,,,,,,,,,,,,,,,NQ.v.0,2787275.0,2016-01-03 17:00,2012.0,2011.0,0.0,0.0,1.0,1.0,902.0,2010.0,32.0,"18:00, 19:00",44.875621890547265
MNQ.v.0,variant,V1 · alle,1171.0,2.0,2.0,0.0,134.2736823694974,12.068194584777089,10.993059548937278,0.4831480759712469,0.31044780071280065,0.9842014432041183,0.9551652085462687,,,,,,,,,,,,,,,,,,,
MNQ.v.0,variant,V1 · salg,528.0,1.0,1.0,0.0,145.5619438328212,19.48322013347815,17.747493017932236,0.19040845756097238,0.14633325855006027,0.684810893525394,0.6199298942246076,,,,,,,,,,,,,,,,,,,
MNQ.v.0,variant,V2 · alle,1171.0,5.0,0.0,0.0,202.17474277341992,18.17097805661394,16.552156367346083,0.21818073097415938,0.16188505405534473,0.7508841101416596,0.6804246667817662,,,,,,,,,,,,,,,,,,,
MNQ.v.0,variant,V2 · salg,528.0,3.0,0.0,0.0,222.32784220352005,29.758205870260397,27.107097660983722,0.08928954200091103,0.08601673110608139,0.32408458654831596,0.3167297888078457,,,,,,,,,,,,,,,,,,,
MNQ.v.0,aar,V1 · alle,167.0,,,,,,,,,,,2019.0,7839.5,1.8177179667070604,,,,,,,,,,,,,,,,
MNQ.v.0,aar,V1 · alle,251.0,,,,,,,,,,,2020.0,10478.5,1.3599274705349047,,,,,,,,,,,,,,,,
MNQ.v.0,aar,V1 · alle,252.0,,,,,,,,,,,2021.0,14562.75,0.978523973837359,,,,,,,,,,,,,,,,
MNQ.v.0,aar,V1 · alle,251.0,,,,,,,,,,,2022.0,12438.75,1.1456135061802835,,,,,,,,,,,,,,,,
MNQ.v.0,aar,V1 · alle,250.0,,,,,,,,,,,2023.0,14814.625,0.9618873241813412,,,,,,,,,,,,,,,,
MNQ.v.0,aar,V1 · salg,81.0,,,,,,,,,,,2019.0,7792.0,1.8287987679671458,,,,,,,,,,,,,,,,
MNQ.v.0,aar,V1 · salg,107.0,,,,,,,,,,,2020.0,9993.5,1.4259268524540951,,,,,,,,,,,,,,,,
MNQ.v.0,aar,V1 · salg,109.0,,,,,,,,,,,2021.0,14491.75,0.9833180947780633,,,,,,,,,,,,,,,,
MNQ.v.0,aar,V1 · salg,131.0,,,,,,,,,,,2022.0,12335.0,1.1552492906364005,,,,,,,,,,,,,,,,
MNQ.v.0,aar,V1 · salg,100.0,,,,,,,,,,,2023.0,14766.625,0.96501400963321,,,,,,,,,,,,,,,,
MNQ.v.0,aar,V2 · alle,167.0,,,,,,,,,,,2019.0,7841.5,1.8172543518459479,,,,,,,,,,,,,,,,
MNQ.v.0,aar,V2 · alle,251.0,,,,,,,,,,,2020.0,10478.5,1.3599274705349047,,,,,,,,,,,,,,,,
MNQ.v.0,aar,V2 · alle,252.0,,,,,,,,,,,2021.0,14566.125,0.9782972478953738,,,,,,,,,,,,,,,,
MNQ.v.0,aar,V2 · alle,251.0,,,,,,,,,,,2022.0,12459.0,1.1437515049361908,,,,,,,,,,,,,,,,
MNQ.v.0,aar,V2 · alle,250.0,,,,,,,,,,,2023.0,14820.0,0.9615384615384616,,,,,,,,,,,,,,,,
MNQ.v.0,aar,V2 · salg,81.0,,,,,,,,,,,2019.0,7790.0,1.829268292682927,,,,,,,,,,,,,,,,
MNQ.v.0,aar,V2 · salg,107.0,,,,,,,,,,,2020.0,9998.75,1.4251781472684086,,,,,,,,,,,,,,,,
MNQ.v.0,aar,V2 · salg,109.0,,,,,,,,,,,2021.0,14504.0,0.9824875896304469,,,,,,,,,,,,,,,,
MNQ.v.0,aar,V2 · salg,131.0,,,,,,,,,,,2022.0,12323.75,1.1563038847753322,,,,,,,,,,,,,,,,
MNQ.v.0,aar,V2 · salg,100.0,,,,,,,,,,,2023.0,14752.125,0.9659625308218308,,,,,,,,,,,,,,,,
MNQ.v.0,udelukket,,,,,,,,,,,,,,,,2020-03-16,bar over 5 min forsinket,,,,,,,,,,,,,,
MNQ.v.0,udelukket,,,,,,,,,,,,,,,,2020-03-18,bar over 5 min forsinket,,,,,,,,,,,,,,
MNQ.v.0,serie,,,,,,,,,,,,,,,,,,MNQ.v.0,1638282.0,2019-05-05 19:00,1173.0,1171.0,0.0,0.0,2.0,1.0,528.0,1170.0,19.0,"18:00, 19:00, 19:01",45.12820512820513
