buffer,BE,side,periode,signaler_sprunget_over_position_n,signaler_sprunget_over_dagslukket_n,zoner_n,beroeringer_n,ugyldig_foer_aktiv_pct,handler_n,censurerede_zoner_n,middel_R_brutto,middel_R_netto,middel_R_netto_ci95_lo,middel_R_netto_ci95_hi,win_rate_pct_netto,win_rate_ci95_lo_pct,win_rate_ci95_hi_pct,udfald_maal_pct,udfald_stop_pct,udfald_BE_pct,udfald_tidsexit_pct,udfald_censureret_pct,tidsexit_middel_R_netto,dage_med_handel_n,handler_pr_dag_middel,strejf_uden_gennemhandling_n,strejf_hvis_fyldt_middel_R_netto,strejf_hvis_fyldt_win_rate_pct_netto,risiko_pt_p10,kontrakter_p10,risiko_pt_p50,kontrakter_p50,risiko_pt_p90,kontrakter_p90,omk_R_netto_p50,kontrakter_maks,afvist_kontrakter_nul_n,N1_middel_R_netto_p5,N1_middel_R_netto_p50,N1_middel_R_netto_p95,N1_handler_n_p50,p_FWE,N2_middel_R_netto_p50
buffer_10,ingen,alle,2019-2023,0,2246,15650,10749,29.34185303514377,1095,5,0.15471260121092886,0.059886320500090295,-0.024296952186262183,0.14406959318644277,35.4337899543379,32.656171639033545,38.31325279983326,35.4337899543379,57.62557077625571,0.0,6.940639269406392,0.0,0.35863209622221937,1095,1.0,8,1.4354760213710027,75.0,7.424999999999272,2.0,20.899999999999636,5.0,55.274999999999636,16.0,0.06284688995215419,50.0,18,-0.052174809477772824,0.016391925894470503,0.08855820524049862,848.0,,-0.41528603989754753
buffer_10,ingen,alle,2019,0,2246,2190,1538,27.80821917808219,158,0,-0.02967553076336919,-0.22813876389696125,-0.43996979392247015,-0.016307733871452346,28.481012658227847,22.01974118217329,35.96383082990434,28.481012658227847,62.0253164556962,0.0,9.49367088607595,0.0,0.265885640720608,158,1.0,1,1.6815757575757577,100.0,4.125,6.0,8.800000000000182,14.0,20.51499999999997,30.0,0.14926136363636053,50.0,0,-0.052174809477772824,0.016391925894470503,0.08855820524049862,848.0,,-0.41528603989754753
buffer_10,ingen,alle,2020,0,2246,3375,2330,28.68148148148148,236,0,0.12357925116127601,0.03703733099132496,-0.1454377672848044,0.2195124292674543,34.74576271186441,28.958965672874854,41.02120357975327,34.74576271186441,59.74576271186441,0.0,5.508474576271187,0.0,0.5444133020030826,236,1.0,1,1.967943868212325,100.0,8.25,2.0,20.350000000000364,6.0,50.875,15.0,0.06454545454545339,50.0,4,-0.052174809477772824,0.016391925894470503,0.08855820524049862,848.0,,-0.41528603989754753
buffer_10,ingen,alle,2021,0,2246,3284,2243,29.90255785627284,235,0,0.20689819584860827,0.11861055795429289,-0.06362306859717796,0.3008441845057637,37.4468085106383,31.507412070780894,43.79000895012604,37.4468085106383,54.46808510638298,0.0,8.085106382978724,0.0,0.05758677724331988,235,1.0,2,0.8655523239235812,50.0,8.525000000000546,2.0,20.350000000000364,6.0,52.38749999999982,14.0,0.06454545454545339,37.0,2,-0.052174809477772824,0.016391925894470503,0.08855820524049862,848.0,,-0.41528603989754753
buffer_10,ingen,alle,2022,0,2246,3440,2387,29.040697674418606,237,0,0.20873035186485525,0.15473113700624092,-0.030602382691490487,0.34006465670397235,37.552742616033754,31.632162255123518,43.87039436909733,37.552742616033754,57.80590717299578,0.0,4.641350210970464,0.0,0.811665151974834,237,1.0,1,1.943138528138529,100.0,15.125,1.0,33.82500000000073,3.0,75.02000000000045,8.0,0.038832224685882384,34.0,11,-0.052174809477772824,0.016391925894470503,0.08855820524049862,848.0,,-0.41528603989754753
buffer_10,ingen,alle,2023,0,2246,3361,2251,30.76465337697114,229,5,0.20455964845469293,0.12373744515121456,-0.06149473767279805,0.30896962797522715,36.68122270742358,30.706839253611797,43.095077162409844,36.68122270742358,55.45851528384279,0.0,7.860262008733624,0.0,0.3426620187051791,229,1.0,3,1.3866817897314156,66.66666666666667,9.075000000000728,2.0,21.587500000000546,5.0,50.05000000000018,13.0,0.06084786521495227,37.0,1,-0.052174809477772824,0.016391925894470503,0.08855820524049862,848.0,,-0.41528603989754753
buffer_10,ingen,demand,2019-2023,0,2246,7926,5507,28.07216754983598,548,4,0.19824285378083695,0.1009588670641676,-0.018300611512396966,0.22021834564073217,36.13138686131387,32.21877270089218,40.23708439892962,36.13138686131387,55.839416058394164,0.0,8.02919708029197,0.0,0.44608522869603195,548,1.0,2,1.1110380328852,50.0,7.424999999999272,2.0,21.174999999999272,5.0,53.899999999999636,16.0,0.062030696576153246,50.0,11,-0.052174809477772824,0.016391925894470503,0.08855820524049862,848.0,,-0.41528603989754753
buffer_10,ingen,demand,2019,0,2246,1105,759,28.235294117647058,84,0,0.11444935997926253,-0.10000247380741124,-0.4000966241746116,0.20009167655978916,32.142857142857146,23.12612316298474,42.721438566110265,32.142857142857146,54.76190476190476,0.0,13.095238095238095,0.0,0.1615704084608599,84,1.0,0,,,3.850000000000364,5.300000000000001,8.9375,13.5,20.81749999999975,32.0,0.14699982782369136,50.0,0,-0.052174809477772824,0.016391925894470503,0.08855820524049862,848.0,,-0.41528603989754753
buffer_10,ingen,demand,2020,0,2246,1742,1264,24.68427095292767,128,0,0.10264012143543896,0.014999079345064677,-0.23086247926209144,0.2608606379522208,32.8125,25.282984471663305,41.34359840023855,32.8125,59.375,0.0,7.8125,0.0,0.556010967852046,128,1.0,0,,,7.975000000000364,2.0,20.075000000000728,6.0,51.15000000000009,15.0,0.06542963885429401,50.0,2,-0.052174809477772824,0.016391925894470503,0.08855820524049862,848.0,,-0.41528603989754753
buffer_10,ingen,demand,2021,0,2246,1654,1150,27.871825876662637,113,0,0.2829301340644447,0.1940430415621691,-0.0764260530974473,0.46451213622178544,40.70796460176991,32.10007774543554,49.926849843489244,40.70796460176991,53.982300884955755,0.0,5.3097345132743365,0.0,0.2153681193312571,113,1.0,0,,,9.267500000000474,2.0,21.450000000000728,5.0,53.0474999999995,13.0,0.061235431235429155,37.0,1,-0.052174809477772824,0.016391925894470503,0.08855820524049862,848.0,,-0.41528603989754753
buffer_10,ingen,demand,2022,0,2246,1712,1193,29.55607476635514,121,0,0.1606323243415441,0.10939696116688052,-0.14886994816613686,0.3676638704998979,35.53719008264463,27.574581334709393,44.389860341457336,35.53719008264463,59.50413223140496,0.0,4.958677685950414,0.0,0.9359614298805697,121,1.0,0,,,15.674999999999272,1.0,33.82500000000073,3.0,72.04999999999927,7.0,0.038832224685882384,34.0,7,-0.052174809477772824,0.016391925894470503,0.08855820524049862,848.0,,-0.41528603989754753
buffer_10,ingen,demand,2023,0,2246,1713,1141,30.122591943957968,102,4,0.3380175068166209,0.2611949882068672,-0.018246856796683975,0.5406368332104183,39.21568627450981,30.2975181892627,48.91667609232768,39.21568627450981,50.0,0.0,10.784313725490197,0.0,0.48930805416041084,102,1.0,2,1.1110380328852,50.0,9.075000000000728,2.0,22.274999999999636,5.0,48.785000000000245,13.0,0.058967452300786594,37.0,1,-0.052174809477772824,0.016391925894470503,0.08855820524049862,848.0,,-0.41528603989754753
buffer_10,ingen,supply,2019-2023,0,2246,7724,5242,30.64474365613672,547,1,0.11110276865460414,0.0187386870135924,-0.10038110217284765,0.13785847620003244,34.73491773308958,30.86383877608706,38.81890798783062,34.73491773308958,59.41499085923218,0.0,5.850091407678245,0.0,0.2383840390707272,547,1.0,6,1.5436220175329367,83.33333333333333,7.424999999999272,2.0,20.625,6.0,56.072500000000424,16.0,0.06368484848484848,50.0,7,-0.052174809477772824,0.016391925894470503,0.08855820524049862,848.0,,-0.41528603989754753
buffer_10,ingen,supply,2019,0,2246,1085,779,27.37327188940092,74,0,-0.19327675809284306,-0.3735907688634773,-0.6751183480553584,-0.07206318967159614,24.324324324324323,15.976497840780478,35.206328668763675,24.324324324324323,70.27027027027027,0.0,5.405405405405405,0.0,0.5527525294349152,74,1.0,1,1.6815757575757577,100.0,4.399999999999636,6.0,8.524999999999636,14.0,19.360000000000046,28.0,0.1540762463343174,50.0,0,-0.052174809477772824,0.016391925894470503,0.08855820524049862,848.0,,-0.41528603989754753
buffer_10,ingen,supply,2020,0,2246,1633,1066,32.94549908144519,108,0,0.1483959975030089,0.06315674034985566,-0.21327140522694868,0.33958488592666003,37.03703703703704,28.521534777174484,46.443026401439944,37.03703703703704,60.18518518518518,0.0,2.7777777777777777,0.0,0.5057544158398714,108,1.0,1,1.967943868212325,100.0,8.524999999999636,2.0,20.625,6.0,50.490000000000514,14.0,0.06368484848484848,50.0,2,-0.052174809477772824,0.016391925894470503,0.08855820524049862,848.0,,-0.41528603989754753
buffer_10,ingen,supply,2021,0,2246,1630,1093,31.96319018404908,122,0,0.13647517110771062,0.04874276576011249,-0.20020079103726793,0.2976863225574929,34.42622950819672,26.58673683825975,43.21653757057835,34.42622950819672,54.91803278688525,0.0,10.655737704918034,0.0,-0.01523538064342039,122,1.0,2,0.8655523239235812,50.0,8.16750000000011,2.0,19.524999999999636,6.0,51.589999999999606,15.0,0.06727272727272852,30.0,1,-0.052174809477772824,0.016391925894470503,0.08855820524049862,848.0,,-0.41528603989754753
buffer_10,ingen,supply,2022,0,2246,1728,1194,28.53009259259259,116,0,0.2589015702296884,0.20201937214902205,-0.06774989650267682,0.4717886408007209,39.6551724137931,31.222302945154052,48.75123856863158,39.6551724137931,56.03448275862069,0.0,4.310344827586207,0.0,0.6625096184879513,116,1.0,1,1.943138528138529,100.0,15.125,1.0,33.82500000000073,3.0,77.99000000000036,8.0,0.038832224685882384,23.0,4,-0.052174809477772824,0.016391925894470503,0.08855820524049862,848.0,,-0.41528603989754753
buffer_10,ingen,supply,2023,0,2246,1648,1110,31.432038834951456,127,1,0.09737302205377442,0.013338473563210025,-0.23574513391034785,0.2624220810367679,34.645669291338585,26.930645861180576,43.262288128155475,34.645669291338585,59.84251968503937,0.0,5.511811023622047,0.0,0.11221824870410056,127,1.0,1,1.9379693034238468,100.0,8.910000000000402,2.0,21.174999999999272,5.0,50.022499999999866,13.300000000000011,0.062030696576153246,34.0,0,-0.052174809477772824,0.016391925894470503,0.08855820524049862,848.0,,-0.41528603989754753
buffer_10,BE_1_0R,alle,2019-2023,112,1850,15650,10749,29.34185303514377,1375,5,0.16083176446787453,0.0688449757071579,0.005865427129532988,0.1318245242847828,25.6,23.3634271229839,27.972529907645427,25.6,37.236363636363635,31.272727272727273,5.890909090909091,0.0,0.43359961939685276,1095,1.2557077625570776,12,1.0063629692151947,58.333333333333336,7.424999999999272,2.0,20.899999999999636,5.0,55.274999999999636,16.0,0.06284688995215419,50.0,18,-0.0372094918493525,0.021153358867725472,0.07716277177462964,970.5,,-0.3864219661696603
buffer_10,BE_1_0R,alle,2019,112,1850,2190,1538,27.80821917808219,196,0,-0.007248011033031461,-0.1980675798834551,-0.3584269325306765,-0.03770822723623374,20.408163265306122,15.360306356077308,26.593680226816936,20.408163265306122,42.3469387755102,30.612244897959183,6.63265306122449,0.0,0.2680510329278571,158,1.240506329113924,2,0.2780638528138367,50.0,4.125,6.0,8.800000000000182,14.0,20.51499999999997,30.0,0.14926136363636053,50.0,0,-0.0372094918493525,0.021153358867725472,0.07716277177462964,970.5,,-0.3864219661696603
buffer_10,BE_1_0R,alle,2020,112,1850,3375,2330,28.68148148148148,299,0,0.18477039059896821,0.09907492901730713,-0.03999941882607161,0.23814927686068588,27.4247491638796,22.678303988735944,32.743915767532435,27.4247491638796,38.46153846153846,30.100334448160535,4.013377926421405,0.0,0.6375041650513216,236,1.2669491525423728,2,0.901646650015224,50.0,8.25,2.0,20.350000000000364,6.0,50.875,15.0,0.06454545454545339,50.0,4,-0.0372094918493525,0.021153358867725472,0.07716277177462964,970.5,,-0.3864219661696603
buffer_10,BE_1_0R,alle,2021,112,1850,3284,2243,29.90255785627284,296,0,0.14833238548245709,0.06339361923635559,-0.06999492120969933,0.1967821596824105,24.66216216216216,20.09706601941221,29.876496479261355,24.66216216216216,36.486486486486484,30.405405405405407,8.445945945945946,0.0,0.26982375101292094,235,1.2595744680851064,2,0.8655523239235812,50.0,8.525000000000546,2.0,20.350000000000364,6.0,52.38749999999982,14.0,0.06454545454545339,37.0,2,-0.0372094918493525,0.021153358867725472,0.07716277177462964,970.5,,-0.3864219661696603
buffer_10,BE_1_0R,alle,2022,112,1850,3440,2387,29.040697674418606,293,0,0.23617652427387575,0.1840365275707886,0.044140949591236794,0.32393210555034035,27.986348122866893,23.15628402850278,33.38617452412079,27.986348122866893,35.83617747440273,31.74061433447099,4.436860068259386,0.0,0.8420312373154194,237,1.2362869198312236,3,1.275261535960935,66.66666666666667,15.125,1.0,33.82500000000073,3.0,75.02000000000045,8.0,0.038832224685882384,34.0,11,-0.0372094918493525,0.021153358867725472,0.07716277177462964,970.5,,-0.3864219661696603
buffer_10,BE_1_0R,alle,2023,112,1850,3361,2251,30.76465337697114,291,5,0.1862949546448702,0.10712188868083221,-0.027981117070037156,0.2422248944317016,25.77319587628866,21.08637299871679,31.091315795806423,25.77319587628866,34.707903780068726,33.333333333333336,6.185567010309279,0.0,0.3497142167802,229,1.2707423580786026,3,1.3866817897314156,66.66666666666667,9.075000000000728,2.0,21.587500000000546,5.0,50.05000000000018,13.0,0.06084786521495227,37.0,1,-0.0372094918493525,0.021153358867725472,0.07716277177462964,970.5,,-0.3864219661696603
buffer_10,BE_1_0R,demand,2019-2023,112,1850,7926,5507,28.07216754983598,709,4,0.1761331050271837,0.08190823917501326,-0.004833187730632918,0.16864966608065945,24.964739069111424,21.919565479599,28.27973962432937,24.964739069111424,35.54301833568406,33.004231311706626,6.488011283497884,0.0,0.5572367734457435,619,1.1453957996768982,5,0.5779417481787719,40.0,7.424999999999272,2.0,21.174999999999272,5.0,53.899999999999636,16.0,0.062030696576153246,50.0,11,-0.0372094918493525,0.021153358867725472,0.07716277177462964,970.5,,-0.3864219661696603
buffer_10,BE_1_0R,demand,2019,112,1850,1105,759,28.235294117647058,103,0,0.07216779453353878,-0.1352493578170935,-0.3612579788612806,0.0907592632270936,22.33009708737864,15.365763149685502,31.284160363938724,22.33009708737864,37.86407766990291,33.00970873786408,6.796116504854369,0.0,0.20244238413502846,93,1.10752688172043,1,-1.1254480519480843,0.0,3.850000000000364,5.300000000000001,8.9375,13.5,20.81749999999975,32.0,0.14699982782369136,50.0,0,-0.0372094918493525,0.021153358867725472,0.07716277177462964,970.5,,-0.3864219661696603
buffer_10,BE_1_0R,demand,2020,112,1850,1742,1264,24.68427095292767,169,0,0.16039587595201385,0.07217834975768958,-0.10563296661729146,0.24998966613267062,24.2603550295858,18.41637991886452,31.24847445484574,24.2603550295858,36.094674556213015,34.319526627218934,5.325443786982248,0.0,0.7607426226094806,146,1.1575342465753424,1,-0.16465056818187676,0.0,7.975000000000364,2.0,20.075000000000728,6.0,51.15000000000009,15.0,0.06542963885429401,50.0,2,-0.0372094918493525,0.021153358867725472,0.07716277177462964,970.5,,-0.3864219661696603
buffer_10,BE_1_0R,demand,2021,112,1850,1654,1150,27.871825876662637,153,0,0.18252976633155585,0.09918591202371249,-0.0872865514909088,0.2856583755383338,24.836601307189543,18.663017658520303,32.24282026279825,24.836601307189543,35.294117647058826,31.372549019607842,8.49673202614379,0.0,0.4790579399783968,130,1.176923076923077,0,,,9.267500000000474,2.0,21.450000000000728,5.0,53.0474999999995,13.0,0.061235431235429155,37.0,1,-0.0372094918493525,0.021153358867725472,0.07716277177462964,970.5,,-0.3864219661696603
buffer_10,BE_1_0R,demand,2022,112,1850,1712,1193,29.55607476635514,150,0,0.2184864051535889,0.16834248443640903,-0.025412882774719148,0.3620978516475372,26.666666666666668,20.237161354935267,34.26145004890831,26.666666666666668,35.333333333333336,33.333333333333336,4.666666666666667,0.0,0.8739219908155993,134,1.1194029850746268,1,1.95773129525342,100.0,15.674999999999272,1.0,33.82500000000073,3.0,72.04999999999927,7.0,0.038832224685882384,34.0,7,-0.0372094918493525,0.021153358867725472,0.07716277177462964,970.5,,-0.3864219661696603
buffer_10,BE_1_0R,demand,2023,112,1850,1713,1141,30.122591943957968,134,4,0.2211803773855374,0.14461691877691135,-0.05662387614644526,0.34585771370026797,26.119402985074625,19.421393448989093,34.14845371633148,26.119402985074625,33.582089552238806,32.83582089552239,7.462686567164179,0.0,0.5023904130645325,116,1.1551724137931034,2,1.1110380328852,50.0,9.075000000000728,2.0,22.274999999999636,5.0,48.785000000000245,13.0,0.058967452300786594,37.0,1,-0.0372094918493525,0.021153358867725472,0.07716277177462964,970.5,,-0.3864219661696603
buffer_10,BE_1_0R,supply,2019-2023,112,1850,7724,5242,30.64474365613672,666,1,0.14454249951809947,0.05493828832170831,-0.0368206043540864,0.146697180997503,26.276276276276278,23.0764588892092,29.748198969929362,26.276276276276278,39.03903903903904,29.42942942942943,5.255255255255255,0.0,0.2711050740754535,607,1.0971993410214167,7,1.3123781270983537,71.42857142857143,7.424999999999272,2.0,20.625,6.0,56.072500000000424,16.0,0.06368484848484848,50.0,7,-0.0372094918493525,0.021153358867725472,0.07716277177462964,970.5,,-0.3864219661696603
buffer_10,BE_1_0R,supply,2019,112,1850,1085,779,27.37327188940092,93,0,-0.09520315053149102,-0.2676404494838341,-0.4983196728969999,-0.03696122607066826,18.27956989247312,11.737896085455079,27.337784187762526,18.27956989247312,47.31182795698925,27.956989247311828,6.451612903225806,0.0,0.3445944565194905,84,1.1071428571428572,1,1.6815757575757577,100.0,4.399999999999636,6.0,8.524999999999636,14.0,19.360000000000046,28.0,0.1540762463343174,50.0,0,-0.0372094918493525,0.021153358867725472,0.07716277177462964,970.5,,-0.3864219661696603
buffer_10,BE_1_0R,supply,2020,112,1850,1633,1066,32.94549908144519,130,0,0.21645725964000884,0.13404048205480995,-0.08966276418943533,0.3577437282990552,31.53846153846154,24.178319833208572,39.95835319550889,31.53846153846154,41.53846153846154,24.615384615384617,2.3076923076923075,0.0,0.2677887923768447,125,1.04,1,1.967943868212325,100.0,8.524999999999636,2.0,20.625,6.0,50.490000000000514,14.0,0.06368484848484848,50.0,2,-0.0372094918493525,0.021153358867725472,0.07716277177462964,970.5,,-0.3864219661696603
buffer_10,BE_1_0R,supply,2021,112,1850,1630,1093,31.96319018404908,143,0,0.11174357939915566,0.025098368911421236,-0.16790009517434448,0.21809683299718693,24.475524475524477,18.157291934110308,32.12922756367049,24.475524475524477,37.76223776223776,29.37062937062937,8.391608391608392,0.0,0.043153379633655474,131,1.0916030534351144,2,0.8655523239235812,50.0,8.16750000000011,2.0,19.524999999999636,6.0,51.589999999999606,15.0,0.06727272727272852,30.0,1,-0.0372094918493525,0.021153358867725472,0.07716277177462964,970.5,,-0.3864219661696603
buffer_10,BE_1_0R,supply,2022,112,1850,1728,1194,28.53009259259259,143,0,0.2547325932811696,0.2004988105788791,-0.004000605561167575,0.4049982267189258,29.37062937062937,22.523863267653745,37.296748381237585,29.37062937062937,36.36363636363637,30.06993006993007,4.195804195804196,0.0,0.8048253582318762,129,1.1085271317829457,2,0.9340266563146924,50.0,15.125,1.0,33.82500000000073,3.0,77.99000000000036,8.0,0.038832224685882384,23.0,4,-0.0372094918493525,0.021153358867725472,0.07716277177462964,970.5,,-0.3864219661696603
buffer_10,BE_1_0R,supply,2023,112,1850,1648,1110,31.432038834951456,157,1,0.15652013523563837,0.07511976108290483,-0.10900642993505444,0.2592459521008641,25.477707006369428,19.30397581328996,32.822795129617546,25.477707006369428,35.6687898089172,33.75796178343949,5.095541401273885,0.0,0.1588689714247843,138,1.1376811594202898,1,1.9379693034238468,100.0,8.910000000000402,2.0,21.174999999999272,5.0,50.022499999999866,13.300000000000011,0.062030696576153246,34.0,0,-0.0372094918493525,0.021153358867725472,0.07716277177462964,970.5,,-0.3864219661696603
buffer_10,BE_1_2R,alle,2019-2023,87,1948,15650,10749,29.34185303514377,1303,5,0.150135163105375,0.05731883523705775,-0.010691604396441026,0.1253292748705565,27.935533384497315,25.566899328283522,30.43388438431117,27.935533384497315,42.82425172678435,23.177283192632387,6.062931696085956,0.0,0.39318863653602654,1095,1.1899543378995434,11,0.828965848666265,54.54545454545455,7.424999999999272,2.0,20.899999999999636,5.0,55.274999999999636,16.0,0.06284688995215419,50.0,18,-0.0424418060375689,0.022584188041987766,0.07901458171567213,935.0,,-0.3920899842967347
buffer_10,BE_1_2R,alle,2019,87,1948,2190,1538,27.80821917808219,187,0,-0.02106442615584979,-0.21577401687996162,-0.38598481482705876,-0.04556321893286447,21.925133689839573,16.593109156479326,28.3873994558274,21.925133689839573,46.524064171122994,24.59893048128342,6.951871657754011,0.0,0.2149139022522649,158,1.1835443037974684,2,0.2780638528138367,50.0,4.125,6.0,8.800000000000182,14.0,20.51499999999997,30.0,0.14926136363636053,50.0,0,-0.0424418060375689,0.022584188041987766,0.07901458171567213,935.0,,-0.3920899842967347
buffer_10,BE_1_2R,alle,2020,87,1948,3375,2330,28.68148148148148,283,0,0.1658200223429968,0.07965665702370711,-0.07033701111643978,0.229650325163854,29.681978798586574,24.66011533793231,35.248051189735854,29.681978798586574,44.522968197879855,21.554770318021202,4.240282685512367,0.0,0.5210989444192922,236,1.1991525423728813,2,0.40164665001522404,50.0,8.25,2.0,20.350000000000364,6.0,50.875,15.0,0.06454545454545339,50.0,4,-0.0424418060375689,0.022584188041987766,0.07901458171567213,935.0,,-0.3920899842967347
buffer_10,BE_1_2R,alle,2021,87,1948,3284,2243,29.90255785627284,280,0,0.13265185277055855,0.04694814087047036,-0.09706315602287155,0.19095943776381227,26.785714285714285,21.93851274733528,32.261271688622514,26.785714285714285,41.785714285714285,22.142857142857142,9.285714285714286,0.0,0.18616281382478628,235,1.1914893617021276,2,0.8655523239235812,50.0,8.525000000000546,2.0,20.350000000000364,6.0,52.38749999999982,14.0,0.06454545454545339,37.0,2,-0.0424418060375689,0.022584188041987766,0.07901458171567213,935.0,,-0.3920899842967347
buffer_10,BE_1_2R,alle,2022,87,1948,3440,2387,29.040697674418606,277,0,0.2112222618218495,0.1584846903465856,0.005847445402395346,0.31112193529077586,30.32490974729242,25.211341509338205,35.9767250753778,30.32490974729242,43.32129963898917,21.660649819494584,4.693140794223827,0.0,0.857843525233402,237,1.1687763713080168,2,0.9340266563146924,50.0,15.125,1.0,33.82500000000073,3.0,75.02000000000045,8.0,0.038832224685882384,34.0,11,-0.0424418060375689,0.022584188041987766,0.07901458171567213,935.0,,-0.3920899842967347
buffer_10,BE_1_2R,alle,2023,87,1948,3361,2251,30.76465337697114,276,5,0.20647468693467666,0.12843337269200736,-0.01810526433803039,0.2749720097220451,28.985507246376812,23.950511639237764,34.5974460190569,28.985507246376812,39.130434782608695,26.44927536231884,5.434782608695652,0.0,0.40150901577043163,229,1.205240174672489,3,1.3866817897314156,66.66666666666667,9.075000000000728,2.0,21.587500000000546,5.0,50.05000000000018,13.0,0.06084786521495227,37.0,1,-0.0424418060375689,0.022584188041987766,0.07901458171567213,935.0,,-0.3920899842967347
buffer_10,BE_1_2R,demand,2019-2023,87,1948,7926,5507,28.07216754983598,670,4,0.16672668124517318,0.07145467672558033,-0.022644585601024378,0.16555393905218502,27.46268656716418,24.218785142365856,30.963550992229166,27.46268656716418,41.19402985074627,24.62686567164179,6.7164179104477615,0.0,0.49511662150193986,606,1.1056105610561056,4,-0.017005638589890182,25.0,7.424999999999272,2.0,21.174999999999272,5.0,53.899999999999636,16.0,0.062030696576153246,50.0,11,-0.0424418060375689,0.022584188041987766,0.07901458171567213,935.0,,-0.3920899842967347
buffer_10,BE_1_2R,demand,2019,87,1948,1105,759,28.235294117647058,100,0,0.07493248077215423,-0.13473113363299022,-0.372244502738994,0.10278223547301357,24.0,16.691325556948772,33.232336349814474,24.0,41.0,28.0,7.0,0.0,0.20244238413502846,92,1.0869565217391304,1,-1.1254480519480843,0.0,3.850000000000364,5.300000000000001,8.9375,13.5,20.81749999999975,32.0,0.14699982782369136,50.0,0,-0.0424418060375689,0.022584188041987766,0.07901458171567213,935.0,,-0.3920899842967347
buffer_10,BE_1_2R,demand,2020,87,1948,1742,1264,24.68427095292767,159,0,0.14285591730604133,0.05408858843339007,-0.1407523686284595,0.24892954549523963,27.044025157232703,20.74178776700441,34.429333562496325,27.044025157232703,42.76729559748428,24.528301886792452,5.660377358490566,0.0,0.6055356617667748,141,1.127659574468085,1,-1.1646505681818768,0.0,7.975000000000364,2.0,20.075000000000728,6.0,51.15000000000009,15.0,0.06542963885429401,50.0,2,-0.0424418060375689,0.022584188041987766,0.07901458171567213,935.0,,-0.3920899842967347
buffer_10,BE_1_2R,demand,2021,87,1948,1654,1150,27.871825876662637,144,0,0.17581378552245353,0.09099847996320322,-0.11025859203036743,0.2922555519567739,27.083333333333332,20.490763932954493,34.86681943610136,27.083333333333332,39.583333333333336,23.61111111111111,9.722222222222221,0.0,0.326198697109406,126,1.1428571428571428,0,,,9.267500000000474,2.0,21.450000000000728,5.0,53.0474999999995,13.0,0.061235431235429155,37.0,1,-0.0424418060375689,0.022584188041987766,0.07901458171567213,935.0,,-0.3920899842967347
buffer_10,BE_1_2R,demand,2022,87,1948,1712,1193,29.55607476635514,142,0,0.17301896851768087,0.12239625772046824,-0.09110918036802378,0.33590169580896023,28.87323943661972,22.053878709052576,36.80555640276467,28.87323943661972,45.070422535211264,20.422535211267604,5.633802816901408,0.0,0.8521406394491398,133,1.0676691729323309,0,,,15.674999999999272,1.0,33.82500000000073,3.0,72.04999999999927,7.0,0.038832224685882384,34.0,7,-0.0424418060375689,0.022584188041987766,0.07901458171567213,935.0,,-0.3920899842967347
buffer_10,BE_1_2R,demand,2023,87,1948,1713,1141,30.122591943957968,125,4,0.25290927088516835,0.1781088919801685,-0.041018492041049015,0.397236276001386,29.6,22.302510872923897,38.11395719037583,29.6,36.8,28.0,5.6,0.0,0.5756319210880456,114,1.0964912280701755,2,1.1110380328852,50.0,9.075000000000728,2.0,22.274999999999636,5.0,48.785000000000245,13.0,0.058967452300786594,37.0,1,-0.0424418060375689,0.022584188041987766,0.07901458171567213,935.0,,-0.3920899842967347
buffer_10,BE_1_2R,supply,2019-2023,87,1948,7724,5242,30.64474365613672,633,1,0.1325738405877372,0.04235672813230244,-0.05627360204852919,0.14098705831313407,28.436018957345972,25.060083795309218,32.07210409560752,28.436018957345972,44.54976303317535,21.64296998420221,5.371248025276461,0.0,0.2582839505517294,595,1.0638655462184874,7,1.3123781270983537,71.42857142857143,7.424999999999272,2.0,20.625,6.0,56.072500000000424,16.0,0.06368484848484848,50.0,7,-0.0424418060375689,0.022584188041987766,0.07901458171567213,935.0,,-0.3920899842967347
buffer_10,BE_1_2R,supply,2019,87,1948,1085,779,27.37327188940092,87,0,-0.13140569848688888,-0.3089267562442965,-0.5560854504489516,-0.061768062039641414,19.54022988505747,12.57338159889031,29.083213651728517,19.54022988505747,52.87356321839081,20.689655172413794,6.896551724137931,0.0,0.22946400672237402,81,1.0740740740740742,1,1.6815757575757577,100.0,4.399999999999636,6.0,8.524999999999636,14.0,19.360000000000046,28.0,0.1540762463343174,50.0,0,-0.0424418060375689,0.022584188041987766,0.07901458171567213,935.0,,-0.3920899842967347
buffer_10,BE_1_2R,supply,2020,87,1948,1633,1066,32.94549908144519,124,0,0.19526593122102845,0.11244151916774268,-0.12457619447908859,0.349459232814574,33.064516129032256,25.402587402462924,41.744220536495504,33.064516129032256,46.774193548387096,17.741935483870968,2.4193548387096775,0.0,0.2677887923768447,122,1.0163934426229508,1,1.967943868212325,100.0,8.524999999999636,2.0,20.625,6.0,50.490000000000514,14.0,0.06368484848484848,50.0,2,-0.0424418060375689,0.022584188041987766,0.07901458171567213,935.0,,-0.3920899842967347
buffer_10,BE_1_2R,supply,2021,87,1948,1630,1093,31.96319018404908,136,0,0.08695098279796387,0.00030660536051797067,-0.20819342810105443,0.20880663882209036,26.470588235294116,19.77632605742592,34.4575609888603,26.470588235294116,44.11764705882353,20.58823529411765,8.823529411764707,0.0,0.022787616659396492,130,1.0461538461538462,2,0.8655523239235812,50.0,8.16750000000011,2.0,19.524999999999636,6.0,51.589999999999606,15.0,0.06727272727272852,30.0,1,-0.0424418060375689,0.022584188041987766,0.07901458171567213,935.0,,-0.3920899842967347
buffer_10,BE_1_2R,supply,2022,87,1948,1728,1194,28.53009259259259,135,0,0.2514064666306787,0.19644437503479795,-0.024479442052089267,0.4173681921216852,31.85185185185185,24.5880599268503,40.11988796119319,31.85185185185185,41.48148148148148,22.962962962962962,3.7037037037037037,0.0,0.8669681424882221,125,1.08,2,0.9340266563146924,50.0,15.125,1.0,33.82500000000073,3.0,77.99000000000036,8.0,0.038832224685882384,23.0,4,-0.0424418060375689,0.022584188041987766,0.07901458171567213,935.0,,-0.3920899842967347
buffer_10,BE_1_2R,supply,2023,87,1948,1648,1110,31.432038834951456,151,1,0.16803546181009746,0.08731125407597995,-0.11180274734789086,0.28642525549985076,28.47682119205298,21.882333465147735,36.13924519017238,28.47682119205298,41.05960264900662,25.165562913907284,5.298013245033113,0.0,0.24915147361751933,137,1.102189781021898,1,1.9379693034238468,100.0,8.910000000000402,2.0,21.174999999999272,5.0,50.022499999999866,13.300000000000011,0.062030696576153246,34.0,0,-0.0424418060375689,0.022584188041987766,0.07901458171567213,935.0,,-0.3920899842967347
buffer_0,ingen,alle,2019-2023,0,2346,15650,11136,26.837060702875398,1100,5,0.199016016452209,0.09479980750665194,0.009554377738073078,0.1800452372752308,37.90909090909091,35.088787770839694,40.813548758159214,37.90909090909091,57.36363636363637,0.0,4.7272727272727275,0.0,0.3850883567282468,1100,1.0,14,1.1844394330219115,71.42857142857143,6.75,2.0,19.25,6.0,50.5,18.0,0.06823376623376623,50.0,12,-0.041193888197197284,0.03602475286866843,0.11347713079200696,858.0,0.15169660678642716,-0.49235170682595497
buffer_0,ingen,alle,2019,0,2346,2190,1585,25.707762557077626,159,0,0.09184921218016348,-0.11991530200020084,-0.3399025378401298,0.1000719338397281,33.333333333333336,26.475489385725492,40.97751651103532,33.333333333333336,59.74842767295598,0.0,6.918238993710692,0.0,0.41859236002223904,159,1.0,2,0.602593537414966,50.0,3.75,6.0,8.0,15.0,18.10000000000001,33.0,0.1641875,50.0,0,-0.041193888197197284,0.03602475286866843,0.11347713079200696,858.0,,-0.49235170682595497
buffer_0,ingen,alle,2020,0,2346,3375,2413,26.22222222222222,236,0,0.13301194439945477,0.03521010784592318,-0.14802781876708615,0.21844803445893252,35.59322033898305,29.76009632860347,41.88784129887865,35.59322033898305,59.32203389830509,0.0,5.084745762711864,0.0,0.36754446032222887,236,1.0,2,1.8545087991718425,100.0,7.275000000000002,2.0,18.5,6.0,46.474999999999994,16.899999999999977,0.071,50.0,5,-0.041193888197197284,0.03602475286866843,0.11347713079200696,858.0,,-0.49235170682595497
buffer_0,ingen,alle,2021,0,2346,3284,2322,27.46650426309379,237,0,0.27196670893351865,0.17512568403258696,-0.008867034189561362,0.3591184022547353,39.66244725738397,33.64687462439284,46.007791046570226,39.66244725738397,53.586497890295355,0.0,6.751054852320675,0.0,0.25358689036791765,237,1.0,4,1.087163885792139,75.0,8.2,2.0,18.75,6.0,46.85000000000002,15.0,0.07005333333333333,41.0,0,-0.041193888197197284,0.03602475286866843,0.11347713079200696,858.0,,-0.49235170682595497
buffer_0,ingen,alle,2022,0,2346,3440,2471,26.482558139534884,237,0,0.2202658299556287,0.16045309847715947,-0.026465139414961314,0.34737133636928025,39.66244725738397,33.64687462439284,46.007791046570226,39.66244725738397,58.22784810126582,0.0,2.109704641350211,0.0,0.5688384841319755,237,1.0,3,0.5986056251103921,33.333333333333336,13.75,1.0,30.875,4.0,69.0,9.0,0.042543207448203516,38.0,7,-0.041193888197197284,0.03602475286866843,0.11347713079200696,858.0,,-0.49235170682595497
buffer_0,ingen,alle,2023,0,2346,3361,2345,27.938113656649808,231,5,0.2435656396787215,0.1536994128523865,-0.03503734935514494,0.34243617505991797,39.82683982683983,33.72994661682337,46.2565514078353,39.82683982683983,56.70995670995671,0.0,3.463203463203463,0.0,0.5134952999013619,231,1.0,3,1.8411583235444715,100.0,8.25,2.0,20.25,6.0,46.5,15.0,0.0648641975308642,41.0,0,-0.041193888197197284,0.03602475286866843,0.11347713079200696,858.0,,-0.49235170682595497
buffer_0,ingen,demand,2019-2023,0,2346,7926,5712,25.46050971486248,551,4,0.26304670063896224,0.15684190150819513,0.03592951276971486,0.2777542902466754,39.56442831215971,35.567274717976076,43.706083793402925,39.56442831215971,54.809437386569876,0.0,5.626134301270417,0.0,0.4023480771971636,551,1.0,7,0.9645734751249184,57.142857142857146,6.75,2.0,19.5,6.0,49.32499999999999,18.0,0.06735897435897435,50.0,6,-0.041193888197197284,0.03602475286866843,0.11347713079200696,858.0,,-0.49235170682595497
buffer_0,ingen,demand,2019,0,2346,1105,783,26.153846153846153,82,0,0.26054657897207917,0.028278410033895498,-0.285242790986632,0.34179961105442297,37.80487804878049,28.078371592811894,48.6228631313369,37.80487804878049,52.4390243902439,0.0,9.75609756097561,0.0,0.31856376173609546,82,1.0,1,-0.6071700680272109,0.0,3.5,6.0,8.25,15.0,18.75,35.0,0.1592121212121212,50.0,0,-0.041193888197197284,0.03602475286866843,0.11347713079200696,858.0,,-0.49235170682595497
buffer_0,ingen,demand,2020,0,2346,1742,1304,22.388059701492537,131,0,0.16484297029352304,0.068609778401541,-0.17781024176888346,0.31502979857196545,35.87786259541985,28.17450752586219,44.38586053630712,35.87786259541985,57.25190839694657,0.0,6.870229007633588,0.0,0.3407414385997274,131,1.0,1,1.7715652173913043,100.0,7.15,2.0,17.75,7.0,47.050000000000026,17.0,0.074,50.0,2,-0.041193888197197284,0.03602475286866843,0.11347713079200696,858.0,,-0.49235170682595497
buffer_0,ingen,demand,2021,0,2346,1654,1194,25.21160822249093,113,0,0.32136413524987534,0.22374269034605423,-0.048362470623847936,0.49584785131595643,41.5929203539823,32.92804489669386,50.81060387423808,41.5929203539823,53.097345132743364,0.0,5.3097345132743365,0.0,0.443896468485334,113,1.0,2,1.894243156199678,100.0,8.5,2.0,19.5,6.0,46.20000000000002,14.0,0.06735897435897435,41.0,0,-0.041193888197197284,0.03602475286866843,0.11347713079200696,858.0,,-0.49235170682595497
buffer_0,ingen,demand,2022,0,2346,1712,1242,26.577102803738317,123,0,0.1787562176207228,0.12228307957593282,-0.13622276061668626,0.3807889197685519,38.21138211382114,30.104812165849744,47.03200077399902,38.21138211382114,59.34959349593496,0.0,2.4390243902439024,0.0,0.420956824830035,123,1.0,2,-0.07924808407354239,0.0,14.4,1.0,31.0,4.0,66.90000000000003,8.0,0.04237096774193548,38.0,4,-0.041193888197197284,0.03602475286866843,0.11347713079200696,858.0,,-0.49235170682595497
buffer_0,ingen,demand,2023,0,2346,1713,1189,27.26211325160537,102,4,0.42821883742471945,0.3410728856930427,0.05245027378885775,0.6296954975972278,45.09803921568628,35.794619944555045,54.757286547076944,45.09803921568628,50.0,0.0,4.901960784313726,0.0,0.5862716132847307,102,1.0,1,1.9576290322580645,100.0,8.5,2.0,21.0,5.0,45.55,14.0,0.06254761904761905,41.0,0,-0.041193888197197284,0.03602475286866843,0.11347713079200696,858.0,,-0.49235170682595497
buffer_0,ingen,supply,2019-2023,0,2346,7724,5424,28.249611600207146,549,1,0.13475206929938383,0.03253169494772607,-0.08781478981148455,0.1528781797069367,36.247723132969035,32.334988851629134,40.35157479319792,36.247723132969035,59.92714025500911,0.0,3.8251366120218577,0.0,0.35960972175032185,549,1.0,7,1.404305390918905,85.71428571428571,6.75,2.0,19.0,6.0,50.75,18.0,0.06913157894736842,50.0,6,-0.041193888197197284,0.03602475286866843,0.11347713079200696,858.0,,-0.49235170682595497
buffer_0,ingen,supply,2019,0,2346,1085,802,25.253456221198157,77,0,-0.08780252907875968,-0.27773198234819957,-0.5890934114974488,0.03362944680104962,28.571428571428573,19.68951815913284,39.48984292440005,28.571428571428573,67.53246753246754,0.0,3.896103896103896,0.0,0.6853352887852888,77,1.0,1,1.8123571428571428,100.0,4.0,7.0,8.0,15.0,17.4,31.0,0.1641875,50.0,0,-0.041193888197197284,0.03602475286866843,0.11347713079200696,858.0,,-0.49235170682595497
buffer_0,ingen,supply,2020,0,2346,1633,1109,30.312308634415185,105,0,0.09329895018876005,-0.006459957323466708,-0.2848605027624392,0.27194058811550575,35.23809523809524,26.769354773870376,44.748851306893826,35.23809523809524,61.904761904761905,0.0,2.857142857142857,0.0,0.4479535254897333,105,1.0,1,1.937452380952381,100.0,7.75,2.0,19.0,6.0,45.900000000000006,16.0,0.06913157894736842,50.0,3,-0.041193888197197284,0.03602475286866843,0.11347713079200696,858.0,,-0.49235170682595497
buffer_0,ingen,supply,2021,0,2346,1630,1128,29.754601226993866,124,0,0.22695131237103247,0.1308214766662822,-0.12192420917728541,0.3835671625098498,37.903225806451616,29.84908135242208,46.68435288969109,37.903225806451616,54.03225806451613,0.0,8.064516129032258,0.0,0.13940114349746785,124,1.0,2,0.28008461538460017,50.0,7.375,2.0,18.25,6.0,47.0,16.5,0.07197260273972603,33.0,0,-0.041193888197197284,0.03602475286866843,0.11347713079200696,858.0,,-0.49235170682595497
buffer_0,ingen,supply,2022,0,2346,1728,1229,26.38888888888889,114,0,0.2650525169485536,0.20163653992321984,-0.07283234713895442,0.4761054269853941,41.228070175438596,32.621904786288965,50.40613967263808,41.228070175438596,57.01754385964912,0.0,1.7543859649122806,0.0,0.7906609730848861,114,1.0,1,1.954313043478261,100.0,13.35,1.0,30.5,4.0,72.20000000000002,9.0,0.0430655737704918,26.0,3,-0.041193888197197284,0.03602475286866843,0.11347713079200696,858.0,,-0.49235170682595497
buffer_0,ingen,supply,2023,0,2346,1648,1156,28.640776699029125,129,1,0.09756078564700221,0.005543643629542085,-0.24417835713899144,0.2552656443980756,35.65891472868217,27.91772862809681,44.22952093655784,35.65891472868217,62.01550387596899,0.0,2.3255813953488373,0.0,0.392201444262414,129,1.0,2,1.7829229691876751,100.0,8.25,2.0,19.75,6.0,46.5,15.0,0.06650632911392404,38.0,0,-0.041193888197197284,0.03602475286866843,0.11347713079200696,858.0,,-0.49235170682595497
buffer_0,BE_1_0R,alle,2019-2023,107,1925,15650,11136,26.837060702875398,1407,5,0.18546496274752294,0.08473561322654899,0.022316271107844808,0.14715495534525316,26.79459843638948,24.545896351942343,29.169668503528023,26.79459843638948,36.318407960199,32.6226012793177,4.264392324093817,0.0,0.4159246524703206,1100,1.279090909090909,21,0.8003121477549572,52.38095238095238,6.75,2.0,19.25,6.0,50.5,18.0,0.06823376623376623,50.0,12,-0.022157179702047645,0.03572003936580712,0.0984050701510494,989.0,,-0.512121517909496
buffer_0,BE_1_0R,alle,2019,107,1925,2190,1585,25.707762557077626,204,0,0.1405342881114597,-0.0653517218415461,-0.22965449105248825,0.09895104736939604,25.0,19.557114291331878,31.367017699102274,25.0,37.254901960784316,32.35294117647059,5.392156862745098,0.0,0.4190566274331729,159,1.2830188679245282,3,0.5728990929705179,33.333333333333336,3.75,6.0,8.0,15.0,18.10000000000001,33.0,0.1641875,50.0,0,-0.022157179702047645,0.03572003936580712,0.0984050701510494,989.0,,-0.512121517909496
buffer_0,BE_1_0R,alle,2020,107,1925,3375,2413,26.22222222222222,302,0,0.13049321238289918,0.036227556564096354,-0.10087745299159051,0.1733325661197832,26.821192052980134,22.138655361674807,32.08599405641539,26.821192052980134,40.06622516556291,30.4635761589404,2.6490066225165565,0.0,0.02199384438862667,236,1.2796610169491525,4,0.8792006504871339,50.0,7.275000000000002,2.0,18.5,6.0,46.474999999999994,16.899999999999977,0.071,50.0,5,-0.022157179702047645,0.03572003936580712,0.0984050701510494,989.0,,-0.512121517909496
buffer_0,BE_1_0R,alle,2021,107,1925,3284,2322,27.46650426309379,298,0,0.19053765744353726,0.09665107076679683,-0.03731909123100449,0.23062123276459814,25.838926174496645,21.198481210887316,31.09435471608793,25.838926174496645,35.23489932885906,32.5503355704698,6.375838926174497,0.0,0.46428630367237045,237,1.2573839662447257,4,0.584219864053,50.0,8.2,2.0,18.75,6.0,46.85000000000002,15.0,0.07005333333333333,41.0,0,-0.022157179702047645,0.03572003936580712,0.0984050701510494,989.0,,-0.512121517909496
buffer_0,BE_1_0R,alle,2022,107,1925,3440,2471,26.482558139534884,299,0,0.2340376394240936,0.17690641898130485,0.03760629669732346,0.31620654126528625,29.096989966555185,24.239669324550427,34.48460822754992,29.096989966555185,36.45484949832776,31.438127090301002,3.0100334448160537,0.0,0.6558345003664959,237,1.261603375527426,5,0.9604482811227483,60.0,13.75,1.0,30.875,4.0,69.0,9.0,0.042543207448203516,38.0,7,-0.022157179702047645,0.03572003936580712,0.0984050701510494,989.0,,-0.512121517909496
buffer_0,BE_1_0R,alle,2023,107,1925,3361,2345,27.938113656649808,304,5,0.21747954462307023,0.13130591651038523,0.00017626380545235354,0.2624355692153181,26.644736842105264,21.988964763245562,31.883395202827252,26.644736842105264,32.89473684210526,36.18421052631579,4.276315789473684,0.0,0.41891963217475525,231,1.316017316017316,5,0.8863868720336547,60.0,8.25,2.0,20.25,6.0,46.5,15.0,0.0648641975308642,41.0,0,-0.022157179702047645,0.03572003936580712,0.0984050701510494,989.0,,-0.512121517909496
buffer_0,BE_1_0R,demand,2019-2023,107,1925,7926,5712,25.46050971486248,728,4,0.2515007845467124,0.14879703548550743,0.06146945508765535,0.23612461588335953,28.708791208791208,25.540976168648776,32.10012269728032,28.708791208791208,33.51648351648352,33.65384615384615,4.1208791208791204,0.0,0.4154534608133608,630,1.1555555555555554,8,0.5421238150174088,37.5,6.75,2.0,19.5,6.0,49.32499999999999,18.0,0.06735897435897435,50.0,6,-0.022157179702047645,0.03572003936580712,0.0984050701510494,989.0,,-0.512121517909496
buffer_0,BE_1_0R,demand,2019,107,1925,1105,783,26.153846153846153,110,0,0.28646640199483636,0.06517877494144506,-0.163514786660213,0.2938723365431031,29.09090909090909,21.423583339556444,38.16934486382132,29.09090909090909,30.90909090909091,33.63636363636363,6.363636363636363,0.0,0.3446232687946974,93,1.1827956989247312,1,-0.039426530612255664,0.0,3.5,6.0,8.25,15.0,18.75,35.0,0.1592121212121212,50.0,0,-0.022157179702047645,0.03572003936580712,0.0984050701510494,989.0,,-0.512121517909496
buffer_0,BE_1_0R,demand,2020,107,1925,1742,1304,22.388059701492537,175,0,0.133749787115526,0.039593953139533844,-0.13851388192140526,0.21770178820047295,26.285714285714285,20.323674985314767,33.2665045248985,26.285714285714285,38.857142857142854,32.0,2.857142857142857,0.0,0.0800263758225528,148,1.1824324324324325,2,0.8659343210244139,50.0,7.15,2.0,17.75,7.0,47.050000000000026,17.0,0.074,50.0,2,-0.022157179702047645,0.03572003936580712,0.0984050701510494,989.0,,-0.512121517909496
buffer_0,BE_1_0R,demand,2021,107,1925,1654,1194,25.21160822249093,146,0,0.2535364111919382,0.15971599521523966,-0.03453706281704408,0.35396905324752337,27.397260273972602,20.812199419144555,35.14124596276536,27.397260273972602,32.87671232876713,34.24657534246575,5.47945205479452,0.0,0.6914030053490924,128,1.140625,2,0.8883551127213999,50.0,8.5,2.0,19.5,6.0,46.20000000000002,14.0,0.06735897435897435,41.0,0,-0.022157179702047645,0.03572003936580712,0.0984050701510494,989.0,,-0.512121517909496
buffer_0,BE_1_0R,demand,2022,107,1925,1712,1242,26.577102803738317,158,0,0.2244270277768087,0.17012315330699773,-0.023443047701347114,0.36368935431534255,29.746835443037973,23.168194793954488,37.28693180564798,29.746835443037973,37.34177215189873,30.379746835443036,2.5316455696202533,0.0,0.22738841752059785,141,1.1205673758865249,2,-0.5448954244990827,0.0,14.4,1.0,31.0,4.0,66.90000000000003,8.0,0.04237096774193548,38.0,4,-0.022157179702047645,0.03572003936580712,0.0984050701510494,989.0,,-0.512121517909496
buffer_0,BE_1_0R,demand,2023,107,1925,1713,1189,27.26211325160537,139,4,0.4007141565654592,0.3167456206226001,0.11995894455435208,0.5135322966908481,31.654676258992804,24.50438911370324,39.7916910152324,31.654676258992804,25.179856115107913,38.84892086330935,4.316546762589928,0.0,0.5350552251416747,120,1.1583333333333334,1,1.9576290322580645,100.0,8.5,2.0,21.0,5.0,45.55,14.0,0.06254761904761905,41.0,0,-0.022157179702047645,0.03572003936580712,0.0984050701510494,989.0,,-0.512121517909496
buffer_0,BE_1_0R,supply,2019-2023,107,1925,7724,5424,28.249611600207146,679,1,0.11466366927210331,0.016051201732407944,-0.07312345253873792,0.1052258560035538,24.742268041237114,21.644684245374222,28.124036506821987,24.742268041237114,39.32253313696613,31.51693667157585,4.418262150220913,0.0,0.4163958441272803,615,1.1040650406504064,13,0.9591972755934488,61.53846153846154,6.75,2.0,19.0,6.0,50.75,18.0,0.06913157894736842,50.0,6,-0.022157179702047645,0.03572003936580712,0.0984050701510494,989.0,,-0.512121517909496
buffer_0,BE_1_0R,supply,2019,107,1925,1085,802,25.253456221198157,94,0,-0.03023733451802361,-0.21810017552376987,-0.4544662399665632,0.01826588891902345,20.21276595744681,13.339481989218804,29.425067236660453,20.21276595744681,44.680851063829785,30.851063829787233,4.25531914893617,0.0,0.549315005050505,85,1.1058823529411765,2,0.8790619047619047,50.0,4.0,7.0,8.0,15.0,17.4,31.0,0.1641875,50.0,0,-0.022157179702047645,0.03572003936580712,0.0984050701510494,989.0,,-0.512121517909496
buffer_0,BE_1_0R,supply,2020,107,1925,1633,1109,30.312308634415185,127,0,0.12600580625526375,0.03158882112550141,-0.18590291645622675,0.24908055870722956,27.559055118110237,20.533656198812423,35.902170400986414,27.559055118110237,41.732283464566926,28.346456692913385,2.3622047244094486,0.0,-0.07472704133458348,118,1.076271186440678,2,0.8924669799498538,50.0,7.75,2.0,19.0,6.0,45.900000000000006,16.0,0.06913157894736842,50.0,3,-0.022157179702047645,0.03572003936580712,0.0984050701510494,989.0,,-0.512121517909496
buffer_0,BE_1_0R,supply,2021,107,1925,1630,1128,29.754601226993866,152,0,0.13002569660625743,0.03607555123079247,-0.15043395926370315,0.2225850617252881,24.342105263157894,18.20723053087068,31.741903293817042,24.342105263157894,37.5,30.92105263157895,7.2368421052631575,0.0,0.2991105206347546,137,1.1094890510948905,2,0.28008461538460017,50.0,7.375,2.0,18.25,6.0,47.0,16.5,0.07197260273972603,33.0,0,-0.022157179702047645,0.03572003936580712,0.0984050701510494,989.0,,-0.512121517909496
buffer_0,BE_1_0R,supply,2022,107,1925,1728,1229,26.38888888888889,141,0,0.24480697729835613,0.18450752519790428,-0.018529192884863654,0.3875442432806722,28.368794326241133,21.578806876379637,36.30617957938736,28.368794326241133,35.46099290780142,32.6241134751773,3.5460992907801416,0.0,0.9985913666432145,128,1.1015625,3,1.9640107515373024,100.0,13.35,1.0,30.5,4.0,72.20000000000002,9.0,0.0430655737704918,26.0,3,-0.022157179702047645,0.03572003936580712,0.0984050701510494,989.0,,-0.512121517909496
buffer_0,BE_1_0R,supply,2023,107,1925,1648,1156,28.640776699029125,165,1,0.06311826547160312,-0.024912985741722928,-0.19894883430020205,0.14912286281675619,22.424242424242426,16.729279527596407,29.374005390925902,22.424242424242426,39.39393939393939,33.93939393939394,4.242424242424242,0.0,0.31937483820310975,147,1.1224489795918366,4,0.6185763319775522,50.0,8.25,2.0,19.75,6.0,46.5,15.0,0.06650632911392404,38.0,0,-0.022157179702047645,0.03572003936580712,0.0984050701510494,989.0,,-0.512121517909496
buffer_0,BE_1_2R,alle,2019-2023,82,2040,15650,11136,26.837060702875398,1318,5,0.17441328535331047,0.07294617763723364,0.0046806152739887336,0.14121174000047854,29.28679817905918,26.892989487518033,31.80099787711463,29.28679817905918,42.48861911987861,23.292867981790593,4.931714719271624,0.0,0.3668364322528716,1100,1.1981818181818182,20,0.7389203397271417,50.0,6.75,2.0,19.25,6.0,50.5,18.0,0.06823376623376623,50.0,12,-0.027430743622481282,0.034286210110742635,0.09960506784411202,952.0,,-0.48156164754222064
buffer_0,BE_1_2R,alle,2019,82,2040,2190,1585,25.707762557077626,189,0,0.08496636637162011,-0.12366767184175281,-0.3023559303170529,0.05502058663354725,25.925925925925927,20.201804877231027,32.60917230760106,25.925925925925927,44.973544973544975,22.75132275132275,6.349206349206349,0.0,0.3944986197937865,159,1.1886792452830188,4,0.3974759863945463,25.0,3.75,6.0,8.0,15.0,18.10000000000001,33.0,0.1641875,50.0,0,-0.027430743622481282,0.034286210110742635,0.09960506784411202,952.0,,-0.48156164754222064
buffer_0,BE_1_2R,alle,2020,82,2040,3375,2413,26.22222222222222,281,0,0.14119177088939086,0.04682538354593886,-0.10424729225307193,0.19789805934494964,29.893238434163703,24.841151101789016,35.487657608907554,29.893238434163703,45.90747330960854,20.284697508896798,3.9145907473309607,0.0,0.18441545479539864,236,1.1906779661016949,4,0.6292006504871339,50.0,7.275000000000002,2.0,18.5,6.0,46.474999999999994,16.899999999999977,0.071,50.0,5,-0.027430743622481282,0.034286210110742635,0.09960506784411202,952.0,,-0.48156164754222064
buffer_0,BE_1_2R,alle,2021,82,2040,3284,2322,27.46650426309379,286,0,0.1845883664706924,0.08992460430406522,-0.053199892636815196,0.23304910124494566,27.972027972027973,23.0882393463985,33.439718899234016,27.972027972027973,39.51048951048951,25.874125874125873,6.643356643356643,0.0,0.3573171332716211,237,1.2067510548523206,4,0.584219864053,50.0,8.2,2.0,18.75,6.0,46.85000000000002,15.0,0.07005333333333333,41.0,0,-0.027430743622481282,0.034286210110742635,0.09960506784411202,952.0,,-0.48156164754222064
buffer_0,BE_1_2R,alle,2022,82,2040,3440,2471,26.482558139534884,276,0,0.22589374017465202,0.1681359195161408,0.013033277290994877,0.32323856174128673,32.2463768115942,27.008219851253735,37.97195127385727,32.2463768115942,43.84057971014493,20.28985507246377,3.6231884057971016,0.0,0.6108576199568074,237,1.1645569620253164,4,0.7088736425426758,50.0,13.75,1.0,30.875,4.0,69.0,9.0,0.042543207448203516,38.0,7,-0.027430743622481282,0.034286210110742635,0.09960506784411202,952.0,,-0.48156164754222064
buffer_0,BE_1_2R,alle,2023,82,2040,3361,2345,27.938113656649808,286,5,0.20630851095344807,0.11970058989559049,-0.023943120706421905,0.2633443004976029,29.37062937062937,24.393470298113478,34.89461758271696,29.37062937062937,39.16083916083916,26.923076923076923,4.545454545454546,0.0,0.3218625326486888,231,1.2380952380952381,4,1.374831555158352,75.0,8.25,2.0,20.25,6.0,46.5,15.0,0.0648641975308642,41.0,0,-0.027430743622481282,0.034286210110742635,0.09960506784411202,952.0,,-0.48156164754222064
buffer_0,BE_1_2R,demand,2019-2023,82,2040,7926,5712,25.46050971486248,674,4,0.22014276928241955,0.11667747057715724,0.02079604235234432,0.21255889880197015,30.712166172106826,27.34705037386394,34.29589774967708,30.712166172106826,40.652818991097924,23.887240356083087,4.747774480712166,0.0,0.348345605470619,609,1.1067323481116584,9,0.35646635408954475,33.333333333333336,6.75,2.0,19.5,6.0,49.32499999999999,18.0,0.06735897435897435,50.0,6,-0.027430743622481282,0.034286210110742635,0.09960506784411202,952.0,,-0.48156164754222064
buffer_0,BE_1_2R,demand,2019,82,2040,1105,783,26.153846153846153,99,0,0.2028539318800265,-0.023823119708594773,-0.27579231792306286,0.2281460785058733,29.292929292929294,21.23663249451079,38.89617729819722,29.292929292929294,39.39393939393939,24.242424242424242,7.070707070707071,0.0,0.26318694321551467,89,1.1123595505617978,2,-0.08410993197281208,0.0,3.5,6.0,8.25,15.0,18.75,35.0,0.1592121212121212,50.0,0,-0.027430743622481282,0.034286210110742635,0.09960506784411202,952.0,,-0.48156164754222064
buffer_0,BE_1_2R,demand,2020,82,2040,1742,1304,22.388059701492537,160,0,0.15049779451759154,0.05587663598947249,-0.13989171926470548,0.2516449912436505,28.75,22.300116781037165,36.196346513751806,28.75,43.125,24.375,3.75,0.0,0.30955050838065584,141,1.1347517730496455,2,0.3659343210244139,50.0,7.15,2.0,17.75,7.0,47.050000000000026,17.0,0.074,50.0,2,-0.027430743622481282,0.034286210110742635,0.09960506784411202,952.0,,-0.48156164754222064
buffer_0,BE_1_2R,demand,2021,82,2040,1654,1194,25.21160822249093,140,0,0.23226515621178026,0.13746414671989088,-0.07078519773163758,0.34571349117141936,29.285714285714285,22.381542565461753,37.296285735556786,29.285714285714285,38.57142857142857,26.428571428571427,5.714285714285714,0.0,0.6221991092451962,127,1.1023622047244095,2,0.8883551127213999,50.0,8.5,2.0,19.5,6.0,46.20000000000002,14.0,0.06735897435897435,41.0,0,-0.027430743622481282,0.034286210110742635,0.09960506784411202,952.0,,-0.48156164754222064
buffer_0,BE_1_2R,demand,2022,82,2040,1712,1242,26.577102803738317,145,0,0.18741268284964668,0.13265095621227613,-0.08081226311524561,0.34611417553979784,31.724137931034484,24.70417652438227,39.68746514593495,31.724137931034484,44.827586206896555,20.0,3.4482758620689653,0.0,0.10425315825890254,134,1.0820895522388059,2,-0.5448954244990827,0.0,14.4,1.0,31.0,4.0,66.90000000000003,8.0,0.04237096774193548,38.0,4,-0.027430743622481282,0.034286210110742635,0.09960506784411202,952.0,,-0.48156164754222064
buffer_0,BE_1_2R,demand,2023,82,2040,1713,1189,27.26211325160537,130,4,0.3424775325735806,0.2583036390021117,0.0365784958694754,0.480028782134748,34.61538461538461,26.985044501239248,43.128849689358645,34.61538461538461,36.15384615384615,24.615384615384617,4.615384615384615,0.0,0.32476484283519763,118,1.1016949152542372,1,1.9576290322580645,100.0,8.5,2.0,21.0,5.0,45.55,14.0,0.06254761904761905,41.0,0,-0.027430743622481282,0.034286210110742635,0.09960506784411202,952.0,,-0.48156164754222064
buffer_0,BE_1_2R,supply,2019-2023,82,2040,7724,5424,28.249611600207146,644,1,0.12655354596166526,0.02717771266594712,-0.07016600909858947,0.12452143443048372,27.795031055900623,24.47449028007248,31.378906240640546,27.795031055900623,44.409937888198755,22.67080745341615,5.124223602484472,0.0,0.38476693095081343,594,1.0841750841750841,11,1.0518372370669935,63.63636363636363,6.75,2.0,19.0,6.0,50.75,18.0,0.06913157894736842,50.0,6,-0.027430743622481282,0.034286210110742635,0.09960506784411202,952.0,,-0.48156164754222064
buffer_0,BE_1_2R,supply,2019,82,2040,1085,802,25.253456221198157,90,0,-0.04470995568762692,-0.2334966791882266,-0.4895928097044039,0.022599451327950687,22.22222222222222,14.871335473639324,31.847310391045497,22.22222222222222,51.111111111111114,21.11111111111111,5.555555555555555,0.0,0.578334967003367,83,1.0843373493975903,2,0.8790619047619047,50.0,4.0,7.0,8.0,15.0,17.4,31.0,0.1641875,50.0,0,-0.027430743622481282,0.034286210110742635,0.09960506784411202,952.0,,-0.48156164754222064
buffer_0,BE_1_2R,supply,2020,82,2040,1633,1109,30.312308634415185,121,0,0.12888628510003466,0.034856785273497684,-0.20519083906599855,0.27490440961299395,31.40495867768595,23.81537765298799,40.13890450208352,31.40495867768595,49.586776859504134,14.87603305785124,4.132231404958677,0.0,0.03425339049308988,115,1.0521739130434782,2,0.8924669799498538,50.0,7.75,2.0,19.0,6.0,45.900000000000006,16.0,0.06913157894736842,50.0,3,-0.027430743622481282,0.034286210110742635,0.09960506784411202,952.0,,-0.48156164754222064
buffer_0,BE_1_2R,supply,2021,82,2040,1630,1128,29.754601226993866,146,0,0.1388708968559507,0.044338741713547514,-0.15459435903202484,0.24327184245911987,26.71232876712329,20.199833017535703,34.41886828503816,26.71232876712329,40.41095890410959,25.34246575342466,7.534246575342466,0.0,0.16467569619993008,133,1.0977443609022557,2,0.28008461538460017,50.0,7.375,2.0,18.25,6.0,47.0,16.5,0.07197260273972603,33.0,0,-0.027430743622481282,0.034286210110742635,0.09960506784411202,952.0,,-0.48156164754222064
buffer_0,BE_1_2R,supply,2022,82,2040,1728,1229,26.38888888888889,131,0,0.2684872769084366,0.20741316897461698,-0.02111262053263177,0.4359389584818657,32.82442748091603,25.37289261218457,41.25458205802135,32.82442748091603,42.74809160305343,20.610687022900763,3.816793893129771,0.0,1.1174620816547125,122,1.0737704918032787,2,1.9626427095844343,100.0,13.35,1.0,30.5,4.0,72.20000000000002,9.0,0.0430655737704918,26.0,3,-0.027430743622481282,0.034286210110742635,0.09960506784411202,952.0,,-0.48156164754222064
buffer_0,BE_1_2R,supply,2023,82,2040,1648,1156,28.640776699029125,156,1,0.09283432627000432,0.004198048973489427,-0.18375939021923626,0.19215548816621514,25.0,18.86118419574106,32.34046237612968,25.0,41.666666666666664,28.846153846153847,4.487179487179487,0.0,0.31937483820310975,141,1.1063829787234043,3,1.180565729458448,66.66666666666667,8.25,2.0,19.75,6.0,46.5,15.0,0.06650632911392404,38.0,0,-0.027430743622481282,0.034286210110742635,0.09960506784411202,952.0,,-0.48156164754222064
