kontrakter,stop_ATR,WR_pct,omk,brudmodel,maal,pct_v1,CI95_lav_v1,CI95_hoej_v1,pct_v2,afvigelse_pp,inden_for_CI,identisk
1,0.5,34.0,netto,opt,bestaa,1.44,1.284,1.615,1.435,-0.005,True,True
1,0.5,34.0,netto,opt,ruin,41.49,40.809,42.174,41.49,0.0,True,True
1,0.5,34.0,netto,opt,uafgjort,57.08,56.393,57.765,57.075,-0.005,True,True
1,0.5,34.0,netto,pess,bestaa,1.44,1.284,1.615,1.435,-0.005,True,True
1,0.5,34.0,netto,pess,ruin,43.53,42.844,44.218,43.535,0.005,True,True
1,0.5,34.0,netto,pess,uafgjort,55.03,54.34,55.718,55.03,0.0,True,True
1,0.5,34.0,brutto,opt,bestaa,5.79,5.475,6.122,5.795,0.005,True,True
1,0.5,34.0,brutto,opt,ruin,19.05,18.512,19.6,19.05,0.0,True,True
1,0.5,34.0,brutto,opt,uafgjort,75.16,74.556,75.754,75.155,-0.005,True,True
1,0.5,34.0,brutto,pess,bestaa,5.79,5.475,6.122,5.795,0.005,True,True
1,0.5,34.0,brutto,pess,ruin,20.58,20.025,21.146,20.58,0.0,True,True
1,0.5,34.0,brutto,pess,uafgjort,73.62,73.005,74.226,73.625,0.005,True,True
1,0.5,37.0,netto,opt,bestaa,15.85,15.35,16.363,15.845,-0.005,True,True
1,0.5,37.0,netto,opt,ruin,9.67,9.268,10.087,9.67,0.0,True,True
1,0.5,37.0,netto,opt,uafgjort,74.48,73.871,75.079,74.485,0.005,True,True
1,0.5,37.0,netto,pess,bestaa,15.85,15.35,16.363,15.845,-0.005,True,True
1,0.5,37.0,netto,pess,ruin,10.73,10.309,11.166,10.73,0.0,True,True
1,0.5,37.0,netto,pess,uafgjort,73.42,72.803,74.028,73.425,0.005,True,True
1,0.5,37.0,brutto,opt,bestaa,35.8,35.138,36.467,35.805,0.005,True,True
1,0.5,37.0,brutto,opt,ruin,2.67,2.456,2.903,2.675,0.005,True,True
1,0.5,37.0,brutto,opt,uafgjort,61.52,60.844,62.192,61.52,0.0,True,True
1,0.5,37.0,brutto,pess,bestaa,35.8,35.138,36.467,35.805,0.005,True,True
1,0.5,37.0,brutto,pess,ruin,3.04,2.811,3.287,3.04,0.0,True,True
1,0.5,37.0,brutto,pess,uafgjort,61.16,60.482,61.833,61.155,-0.005,True,True
1,0.5,40.0,netto,opt,bestaa,57.27,56.583,57.954,57.275,0.005,True,True
1,0.5,40.0,netto,opt,ruin,1.11,0.974,1.265,1.115,0.005,True,True
1,0.5,40.0,netto,opt,uafgjort,41.61,40.929,42.295,41.61,0.0,True,True
1,0.5,40.0,netto,pess,bestaa,57.27,56.583,57.954,57.275,0.005,True,True
1,0.5,40.0,netto,pess,ruin,1.31,1.162,1.477,1.315,0.005,True,True
1,0.5,40.0,netto,pess,uafgjort,41.41,40.729,42.094,41.41,0.0,True,True
1,0.5,40.0,brutto,opt,bestaa,79.47,78.905,80.024,79.47,0.0,True,True
1,0.5,40.0,brutto,opt,ruin,0.17,0.122,0.237,0.17,0.0,True,True
1,0.5,40.0,brutto,opt,uafgjort,20.36,19.808,20.924,20.36,0.0,True,True
1,0.5,40.0,brutto,pess,bestaa,79.47,78.905,80.024,79.465,-0.005,True,True
1,0.5,40.0,brutto,pess,ruin,0.2,0.147,0.272,0.205,0.005,True,True
1,0.5,40.0,brutto,pess,uafgjort,20.33,19.778,20.893,20.33,0.0,True,True
1,0.5,45.0,netto,opt,bestaa,98.53,98.354,98.688,98.525,-0.005,True,True
1,0.5,45.0,netto,opt,ruin,0.0,0.0,0.019,0.0,0.0,True,True
1,0.5,45.0,netto,opt,uafgjort,1.48,1.322,1.657,1.475,-0.005,True,True
1,0.5,45.0,netto,pess,bestaa,98.53,98.354,98.688,98.525,-0.005,True,True
1,0.5,45.0,netto,pess,ruin,0.0,0.0,0.019,0.0,0.0,True,True
1,0.5,45.0,netto,pess,uafgjort,1.48,1.322,1.657,1.475,-0.005,True,True
1,0.5,45.0,brutto,opt,bestaa,99.72,99.637,99.784,99.72,0.0,True,True
1,0.5,45.0,brutto,opt,ruin,0.0,0.0,0.019,0.0,0.0,True,True
1,0.5,45.0,brutto,opt,uafgjort,0.28,0.216,0.363,0.28,0.0,True,True
1,0.5,45.0,brutto,pess,bestaa,99.72,99.637,99.784,99.72,0.0,True,True
1,0.5,45.0,brutto,pess,ruin,0.0,0.0,0.019,0.0,0.0,True,True
1,0.5,45.0,brutto,pess,uafgjort,0.28,0.216,0.363,0.28,0.0,True,True
1,0.75,34.0,netto,opt,bestaa,10.69,10.269,11.126,10.69,0.0,True,True
1,0.75,34.0,netto,opt,ruin,63.85,63.182,64.513,63.855,0.005,True,True
1,0.75,34.0,netto,opt,uafgjort,25.45,24.851,26.058,25.455,0.005,True,True
1,0.75,34.0,netto,pess,bestaa,10.55,10.132,10.983,10.55,0.0,True,True
1,0.75,34.0,netto,pess,ruin,66.7,66.044,67.35,66.705,0.005,True,True
1,0.75,34.0,netto,pess,uafgjort,22.75,22.174,23.336,22.745,-0.005,True,True
1,0.75,34.0,brutto,opt,bestaa,20.18,19.63,20.742,20.175,-0.005,True,True
1,0.75,34.0,brutto,opt,ruin,48.45,47.758,49.143,48.45,0.0,True,True
1,0.75,34.0,brutto,opt,uafgjort,31.38,30.741,32.027,31.375,-0.005,True,True
1,0.75,34.0,brutto,pess,bestaa,19.96,19.412,20.52,19.965,0.005,True,True
1,0.75,34.0,brutto,pess,ruin,51.3,50.607,51.992,51.3,0.0,True,True
1,0.75,34.0,brutto,pess,uafgjort,28.73,28.107,29.361,28.735,0.005,True,True
1,0.75,37.0,netto,opt,bestaa,47.23,46.539,47.922,47.23,0.0,True,True
1,0.75,37.0,netto,opt,ruin,24.53,23.939,25.131,24.53,0.0,True,True
1,0.75,37.0,netto,opt,uafgjort,28.24,27.62,28.868,28.24,0.0,True,True
1,0.75,37.0,netto,pess,bestaa,46.85,46.159,47.542,46.855,0.005,True,True
1,0.75,37.0,netto,pess,ruin,27.05,26.439,27.67,27.045,-0.005,True,True
1,0.75,37.0,netto,pess,uafgjort,26.1,25.496,26.713,26.1,0.0,True,True
1,0.75,37.0,brutto,opt,bestaa,63.1,62.429,63.766,63.105,0.005,True,True
1,0.75,37.0,brutto,opt,ruin,14.65,14.167,15.147,14.65,0.0,True,True
1,0.75,37.0,brutto,opt,uafgjort,22.25,21.679,22.832,22.245,-0.005,True,True
1,0.75,37.0,brutto,pess,bestaa,62.65,61.977,63.318,62.645,-0.005,True,True
1,0.75,37.0,brutto,pess,ruin,16.43,15.923,16.95,16.435,0.005,True,True
1,0.75,37.0,brutto,pess,uafgjort,20.92,20.362,21.489,20.92,0.0,True,True
1,0.75,40.0,netto,opt,bestaa,86.02,85.532,86.494,86.02,0.0,True,True
1,0.75,40.0,netto,opt,ruin,5.28,4.979,5.599,5.275,-0.005,True,True
1,0.75,40.0,netto,opt,uafgjort,8.71,8.327,9.109,8.705,-0.005,True,True
1,0.75,40.0,netto,pess,bestaa,85.59,85.096,86.07,85.59,0.0,True,True
1,0.75,40.0,netto,pess,ruin,6.18,5.855,6.522,6.18,0.0,True,True
1,0.75,40.0,netto,pess,uafgjort,8.23,7.857,8.619,8.23,0.0,True,True
1,0.75,40.0,brutto,opt,bestaa,93.21,92.853,93.55,93.21,0.0,True,True
1,0.75,40.0,brutto,opt,ruin,2.62,2.408,2.851,2.615,-0.005,True,True
1,0.75,40.0,brutto,opt,uafgjort,4.17,3.902,4.456,4.175,0.005,True,True
1,0.75,40.0,brutto,pess,bestaa,92.8,92.433,93.15,92.795,-0.005,True,True
1,0.75,40.0,brutto,pess,ruin,3.31,3.071,3.567,3.305,-0.005,True,True
1,0.75,40.0,brutto,pess,uafgjort,3.9,3.64,4.177,3.9,0.0,True,True
1,0.75,45.0,netto,opt,bestaa,99.72,99.637,99.784,99.72,0.0,True,True
1,0.75,45.0,netto,opt,ruin,0.2,0.147,0.272,0.2,0.0,True,True
1,0.75,45.0,netto,opt,uafgjort,0.08,0.049,0.13,0.08,0.0,True,True
1,0.75,45.0,netto,pess,bestaa,99.69,99.603,99.758,99.685,-0.005,True,True
1,0.75,45.0,netto,pess,ruin,0.24,0.181,0.318,0.24,0.0,True,True
1,0.75,45.0,netto,pess,uafgjort,0.07,0.042,0.117,0.075,0.005,True,True
1,0.75,45.0,brutto,opt,bestaa,99.86,99.798,99.903,99.865,0.005,True,True
1,0.75,45.0,brutto,opt,ruin,0.12,0.081,0.179,0.115,-0.005,True,True
1,0.75,45.0,brutto,opt,uafgjort,0.02,0.008,0.051,0.02,0.0,True,True
1,0.75,45.0,brutto,pess,bestaa,99.84,99.774,99.887,99.845,0.005,True,True
1,0.75,45.0,brutto,pess,ruin,0.14,0.097,0.202,0.14,0.0,True,True
1,0.75,45.0,brutto,pess,uafgjort,0.01,0.003,0.036,0.015,0.005,True,True
1,1.0,34.0,netto,opt,bestaa,21.27,20.708,21.843,21.27,0.0,True,True
1,1.0,34.0,netto,opt,ruin,72.08,71.454,72.697,72.08,0.0,True,True
1,1.0,34.0,netto,opt,uafgjort,6.65,6.313,7.004,6.65,0.0,True,True
1,1.0,34.0,netto,pess,bestaa,20.45,19.897,21.015,20.455,0.005,True,True
1,1.0,34.0,netto,pess,ruin,74.26,73.649,74.861,74.26,0.0,True,True
1,1.0,34.0,netto,pess,uafgjort,5.29,4.988,5.609,5.285,-0.005,True,True
1,1.0,34.0,brutto,opt,bestaa,30.86,30.224,31.504,30.855,-0.005,True,True
1,1.0,34.0,brutto,opt,ruin,60.8,60.121,61.474,60.795,-0.005,True,True
1,1.0,34.0,brutto,opt,uafgjort,8.35,7.975,8.741,8.35,0.0,True,True
1,1.0,34.0,brutto,pess,bestaa,29.66,29.031,30.297,29.665,0.005,True,True
1,1.0,34.0,brutto,pess,ruin,63.63,62.961,64.294,63.635,0.005,True,True
1,1.0,34.0,brutto,pess,uafgjort,6.7,6.362,7.055,6.7,0.0,True,True
1,1.0,37.0,netto,opt,bestaa,59.38,58.698,60.059,59.375,-0.005,True,True
1,1.0,37.0,netto,opt,ruin,34.55,33.894,35.212,34.555,0.005,True,True
1,1.0,37.0,netto,opt,uafgjort,6.07,5.747,6.409,6.07,0.0,True,True
1,1.0,37.0,netto,pess,bestaa,57.67,56.984,58.353,57.67,0.0,True,True
1,1.0,37.0,netto,pess,ruin,37.56,36.891,38.233,37.56,0.0,True,True
1,1.0,37.0,netto,pess,uafgjort,4.77,4.483,5.074,4.77,0.0,True,True
1,1.0,37.0,brutto,opt,bestaa,70.12,69.482,70.75,70.12,0.0,True,True
1,1.0,37.0,brutto,opt,ruin,24.73,24.137,25.333,24.725,-0.005,True,True
1,1.0,37.0,brutto,opt,uafgjort,5.16,4.862,5.475,5.155,-0.005,True,True
1,1.0,37.0,brutto,pess,bestaa,68.14,67.491,68.782,68.135,-0.005,True,True
1,1.0,37.0,brutto,pess,ruin,27.67,27.054,28.294,27.67,0.0,True,True
1,1.0,37.0,brutto,pess,uafgjort,4.2,3.931,4.487,4.195,-0.005,True,True
1,1.0,40.0,netto,opt,bestaa,88.61,88.162,89.043,88.61,0.0,True,True
1,1.0,40.0,netto,opt,ruin,10.09,9.68,10.515,10.085,-0.005,True,True
1,1.0,40.0,netto,opt,uafgjort,1.3,1.152,1.467,1.305,0.005,True,True
1,1.0,40.0,netto,pess,bestaa,87.05,86.578,87.508,87.05,0.0,True,True
1,1.0,40.0,netto,pess,ruin,11.84,11.4,12.295,11.835,-0.005,True,True
1,1.0,40.0,netto,pess,uafgjort,1.11,0.974,1.265,1.115,0.005,True,True
1,1.0,40.0,brutto,opt,bestaa,92.79,92.423,93.14,92.79,0.0,True,True
1,1.0,40.0,brutto,opt,ruin,6.41,6.079,6.758,6.41,0.0,True,True
1,1.0,40.0,brutto,opt,uafgjort,0.8,0.686,0.933,0.8,0.0,True,True
1,1.0,40.0,brutto,pess,bestaa,91.47,91.075,91.849,91.475,0.005,True,True
1,1.0,40.0,brutto,pess,ruin,7.86,7.495,8.241,7.86,0.0,True,True
1,1.0,40.0,brutto,pess,uafgjort,0.67,0.566,0.793,0.665,-0.005,True,True
1,1.0,45.0,netto,opt,bestaa,99.08,98.938,99.203,99.095,0.015,True,False
1,1.0,45.0,netto,opt,ruin,0.9,0.778,1.041,0.9,0.0,True,True
1,1.0,45.0,netto,opt,uafgjort,0.01,0.003,0.036,0.005,-0.005,True,True
1,1.0,45.0,netto,pess,bestaa,98.83,98.671,98.97,98.835,0.005,True,True
1,1.0,45.0,netto,pess,ruin,1.16,1.021,1.318,1.16,0.0,True,True
1,1.0,45.0,netto,pess,uafgjort,0.01,0.003,0.036,0.005,-0.005,True,True
1,1.0,45.0,brutto,opt,bestaa,99.47,99.359,99.562,99.47,0.0,True,True
1,1.0,45.0,brutto,opt,ruin,0.53,0.438,0.641,0.53,0.0,True,True
1,1.0,45.0,brutto,opt,uafgjort,0.0,0.0,0.019,0.0,0.0,True,True
1,1.0,45.0,brutto,pess,bestaa,99.27,99.142,99.379,99.27,0.0,True,True
1,1.0,45.0,brutto,pess,ruin,0.73,0.621,0.858,0.73,0.0,True,True
1,1.0,45.0,brutto,pess,uafgjort,0.0,0.0,0.019,0.0,0.0,True,True
2,0.5,34.0,netto,opt,bestaa,14.15,13.674,14.64,14.15,0.0,True,True
2,0.5,34.0,netto,opt,ruin,80.83,80.279,81.37,80.83,0.0,True,True
2,0.5,34.0,netto,opt,uafgjort,5.02,4.726,5.331,5.02,0.0,True,True
2,0.5,34.0,netto,pess,bestaa,13.6,13.132,14.082,13.6,0.0,True,True
2,0.5,34.0,netto,pess,ruin,82.54,82.008,83.06,82.54,0.0,True,True
2,0.5,34.0,netto,pess,uafgjort,3.86,3.602,4.136,3.86,0.0,True,True
2,0.5,34.0,brutto,opt,bestaa,30.96,30.323,31.604,30.96,0.0,True,True
2,0.5,34.0,brutto,opt,ruin,61.05,60.372,61.724,61.055,0.005,True,True
2,0.5,34.0,brutto,opt,uafgjort,7.99,7.622,8.374,7.985,-0.005,True,True
2,0.5,34.0,brutto,pess,bestaa,29.71,29.081,30.347,29.715,0.005,True,True
2,0.5,34.0,brutto,pess,ruin,63.88,63.212,64.543,63.875,-0.005,True,True
2,0.5,34.0,brutto,pess,uafgjort,6.41,6.079,6.758,6.41,0.0,True,True
2,0.5,37.0,netto,opt,bestaa,48.0,47.308,48.693,48.0,0.0,True,True
2,0.5,37.0,netto,opt,ruin,45.13,44.441,45.821,45.135,0.005,True,True
2,0.5,37.0,netto,opt,uafgjort,6.87,6.528,7.229,6.865,-0.005,True,True
2,0.5,37.0,netto,pess,bestaa,46.12,45.43,46.812,46.125,0.005,True,True
2,0.5,37.0,netto,pess,ruin,48.44,47.748,49.133,48.435,-0.005,True,True
2,0.5,37.0,netto,pess,uafgjort,5.44,5.134,5.763,5.44,0.0,True,True
2,0.5,37.0,brutto,opt,bestaa,69.81,69.17,70.442,69.81,0.0,True,True
2,0.5,37.0,brutto,opt,ruin,25.11,24.514,25.716,25.105,-0.005,True,True
2,0.5,37.0,brutto,opt,uafgjort,5.08,4.784,5.393,5.085,0.005,True,True
2,0.5,37.0,brutto,pess,bestaa,68.06,67.41,68.703,68.065,0.005,True,True
2,0.5,37.0,brutto,pess,ruin,27.79,27.173,28.415,27.785,-0.005,True,True
2,0.5,37.0,brutto,pess,uafgjort,4.15,3.882,4.435,4.15,0.0,True,True
2,0.5,40.0,netto,opt,bestaa,82.53,81.998,83.05,82.535,0.005,True,True
2,0.5,40.0,netto,opt,ruin,15.16,14.67,15.664,15.165,0.005,True,True
2,0.5,40.0,netto,opt,uafgjort,2.3,2.101,2.517,2.3,0.0,True,True
2,0.5,40.0,netto,pess,bestaa,80.56,80.006,81.103,80.56,0.0,True,True
2,0.5,40.0,netto,pess,ruin,17.69,17.167,18.225,17.69,0.0,True,True
2,0.5,40.0,netto,pess,uafgjort,1.75,1.577,1.941,1.75,0.0,True,True
2,0.5,40.0,brutto,opt,bestaa,92.67,92.301,93.023,92.665,-0.005,True,True
2,0.5,40.0,brutto,opt,ruin,6.59,6.254,6.942,6.595,0.005,True,True
2,0.5,40.0,brutto,opt,uafgjort,0.74,0.63,0.869,0.74,0.0,True,True
2,0.5,40.0,brutto,pess,bestaa,91.47,91.075,91.849,91.465,-0.005,True,True
2,0.5,40.0,brutto,pess,ruin,7.91,7.544,8.292,7.905,-0.005,True,True
2,0.5,40.0,brutto,pess,uafgjort,0.63,0.529,0.75,0.63,0.0,True,True
2,0.5,45.0,netto,opt,bestaa,98.53,98.354,98.688,98.535,0.005,True,True
2,0.5,45.0,netto,opt,ruin,1.45,1.293,1.625,1.445,-0.005,True,True
2,0.5,45.0,netto,opt,uafgjort,0.02,0.008,0.051,0.02,0.0,True,True
2,0.5,45.0,netto,pess,bestaa,98.03,97.828,98.214,98.03,0.0,True,True
2,0.5,45.0,netto,pess,ruin,1.95,1.767,2.151,1.95,0.0,True,True
2,0.5,45.0,netto,pess,uafgjort,0.02,0.008,0.051,0.02,0.0,True,True
2,0.5,45.0,brutto,opt,bestaa,99.56,99.458,99.643,99.56,0.0,True,True
2,0.5,45.0,brutto,opt,ruin,0.44,0.357,0.542,0.44,0.0,True,True
2,0.5,45.0,brutto,opt,uafgjort,0.0,0.0,0.019,0.0,0.0,True,True
2,0.5,45.0,brutto,pess,bestaa,99.28,99.153,99.388,99.285,0.005,True,True
2,0.5,45.0,brutto,pess,ruin,0.71,0.603,0.836,0.715,0.005,True,True
2,0.5,45.0,brutto,pess,uafgjort,0.0,0.0,0.019,0.0,0.0,True,True
2,0.75,34.0,netto,opt,bestaa,22.98,22.402,23.568,22.985,0.005,True,True
2,0.75,34.0,netto,opt,ruin,76.93,76.341,77.509,76.93,0.0,True,True
2,0.75,34.0,netto,opt,uafgjort,0.09,0.057,0.142,0.085,-0.005,True,True
2,0.75,34.0,netto,pess,bestaa,20.95,20.392,21.52,20.955,0.005,True,True
2,0.75,34.0,netto,pess,ruin,79.0,78.43,79.559,79.0,0.0,True,True
2,0.75,34.0,netto,pess,uafgjort,0.04,0.02,0.079,0.045,0.005,True,True
2,0.75,34.0,brutto,opt,bestaa,31.68,31.039,32.328,31.68,0.0,True,True
2,0.75,34.0,brutto,opt,ruin,68.19,67.541,68.832,68.19,0.0,True,True
2,0.75,34.0,brutto,opt,uafgjort,0.13,0.089,0.19,0.13,0.0,True,True
2,0.75,34.0,brutto,pess,bestaa,29.08,28.455,29.713,29.08,0.0,True,True
2,0.75,34.0,brutto,pess,ruin,70.89,70.256,71.516,70.89,0.0,True,True
2,0.75,34.0,brutto,pess,uafgjort,0.03,0.014,0.065,0.03,0.0,True,True
2,0.75,37.0,netto,opt,bestaa,49.67,48.977,50.363,49.675,0.005,True,True
2,0.75,37.0,netto,opt,ruin,50.28,49.587,50.973,50.285,0.005,True,True
2,0.75,37.0,netto,opt,uafgjort,0.04,0.02,0.079,0.04,0.0,True,True
2,0.75,37.0,netto,pess,bestaa,45.76,45.07,46.451,45.755,-0.005,True,True
2,0.75,37.0,netto,pess,ruin,54.23,53.539,54.92,54.235,0.005,True,True
2,0.75,37.0,netto,pess,uafgjort,0.01,0.003,0.036,0.01,0.0,True,True
2,0.75,37.0,brutto,opt,bestaa,60.18,59.5,60.856,60.18,0.0,True,True
2,0.75,37.0,brutto,opt,ruin,39.74,39.064,40.42,39.74,0.0,True,True
2,0.75,37.0,brutto,opt,uafgjort,0.08,0.049,0.13,0.08,0.0,True,True
2,0.75,37.0,brutto,pess,bestaa,55.93,55.241,56.617,55.93,0.0,True,True
2,0.75,37.0,brutto,pess,ruin,44.04,43.353,44.729,44.04,0.0,True,True
2,0.75,37.0,brutto,pess,uafgjort,0.03,0.014,0.065,0.03,0.0,True,True
2,0.75,40.0,netto,opt,bestaa,73.83,73.216,74.435,73.835,0.005,True,True
2,0.75,40.0,netto,opt,ruin,26.13,25.526,26.743,26.13,0.0,True,True
2,0.75,40.0,netto,opt,uafgjort,0.04,0.02,0.079,0.035,-0.005,True,True
2,0.75,40.0,netto,pess,bestaa,69.53,68.888,70.164,69.53,0.0,True,True
2,0.75,40.0,netto,pess,ruin,30.46,29.826,31.102,30.46,0.0,True,True
2,0.75,40.0,netto,pess,uafgjort,0.01,0.003,0.036,0.01,0.0,True,True
2,0.75,40.0,brutto,opt,bestaa,81.28,80.733,81.815,81.28,0.0,True,True
2,0.75,40.0,brutto,opt,ruin,18.71,18.176,19.256,18.715,0.005,True,True
2,0.75,40.0,brutto,opt,uafgjort,0.01,0.003,0.036,0.005,-0.005,True,True
2,0.75,40.0,brutto,pess,bestaa,77.53,76.946,78.103,77.545,0.015,True,False
2,0.75,40.0,brutto,pess,ruin,22.46,21.887,23.044,22.455,-0.005,True,True
2,0.75,40.0,brutto,pess,uafgjort,0.0,0.0,0.019,0.0,0.0,True,True
2,0.75,45.0,netto,opt,bestaa,94.31,93.98,94.623,94.305,-0.005,True,True
2,0.75,45.0,netto,opt,ruin,5.7,5.387,6.03,5.695,-0.005,True,True
2,0.75,45.0,netto,opt,uafgjort,0.0,0.0,0.019,0.0,0.0,True,True
2,0.75,45.0,netto,pess,bestaa,92.41,92.035,92.769,92.41,0.0,True,True
2,0.75,45.0,netto,pess,ruin,7.59,7.231,7.965,7.59,0.0,True,True
2,0.75,45.0,netto,pess,uafgjort,0.0,0.0,0.019,0.0,0.0,True,True
2,0.75,45.0,brutto,opt,bestaa,96.26,95.988,96.514,96.26,0.0,True,True
2,0.75,45.0,brutto,opt,ruin,3.74,3.486,4.012,3.74,0.0,True,True
2,0.75,45.0,brutto,opt,uafgjort,0.0,0.0,0.019,0.0,0.0,True,True
2,0.75,45.0,brutto,pess,bestaa,94.94,94.628,95.235,94.935,-0.005,True,True
2,0.75,45.0,brutto,pess,ruin,5.07,4.774,5.383,5.065,-0.005,True,True
2,0.75,45.0,brutto,pess,uafgjort,0.0,0.0,0.019,0.0,0.0,True,True
2,1.0,34.0,netto,opt,bestaa,26.16,25.556,26.774,26.165,0.005,True,True
2,1.0,34.0,netto,opt,ruin,73.83,73.216,74.435,73.835,0.005,True,True
2,1.0,34.0,netto,opt,uafgjort,0.0,0.0,0.019,0.0,0.0,True,True
2,1.0,34.0,netto,pess,bestaa,23.21,22.63,23.8,23.215,0.005,True,True
2,1.0,34.0,netto,pess,ruin,76.79,76.2,77.37,76.785,-0.005,True,True
2,1.0,34.0,netto,pess,uafgjort,0.0,0.0,0.019,0.0,0.0,True,True
2,1.0,34.0,brutto,opt,bestaa,31.75,31.108,32.399,31.76,0.01,True,False
2,1.0,34.0,brutto,opt,ruin,68.25,67.601,68.892,68.24,-0.01,True,False
2,1.0,34.0,brutto,opt,uafgjort,0.0,0.0,0.019,0.0,0.0,True,True
2,1.0,34.0,brutto,pess,bestaa,28.45,27.829,29.079,28.45,0.0,True,True
2,1.0,34.0,brutto,pess,ruin,71.55,70.921,72.171,71.55,0.0,True,True
2,1.0,34.0,brutto,pess,uafgjort,0.0,0.0,0.019,0.0,0.0,True,True
2,1.0,37.0,netto,opt,bestaa,46.66,45.969,47.352,46.655,-0.005,True,True
2,1.0,37.0,netto,opt,ruin,53.34,52.648,54.031,53.345,0.005,True,True
2,1.0,37.0,netto,opt,uafgjort,0.0,0.0,0.019,0.0,0.0,True,True
2,1.0,37.0,netto,pess,bestaa,41.52,40.839,42.204,41.52,0.0,True,True
2,1.0,37.0,netto,pess,ruin,58.48,57.796,59.161,58.48,0.0,True,True
2,1.0,37.0,netto,pess,uafgjort,0.0,0.0,0.019,0.0,0.0,True,True
2,1.0,37.0,brutto,opt,bestaa,54.0,53.309,54.69,54.0,0.0,True,True
2,1.0,37.0,brutto,opt,ruin,46.0,45.31,46.691,46.0,0.0,True,True
2,1.0,37.0,brutto,opt,uafgjort,0.0,0.0,0.019,0.0,0.0,True,True
2,1.0,37.0,brutto,pess,bestaa,49.11,48.417,49.803,49.11,0.0,True,True
2,1.0,37.0,brutto,pess,ruin,50.89,50.197,51.583,50.89,0.0,True,True
2,1.0,37.0,brutto,pess,uafgjort,0.0,0.0,0.019,0.0,0.0,True,True
2,1.0,40.0,netto,opt,bestaa,67.65,66.998,68.295,67.66,0.01,True,False
2,1.0,40.0,netto,opt,ruin,32.35,31.705,33.002,32.34,-0.01,True,False
2,1.0,40.0,netto,opt,uafgjort,0.0,0.0,0.019,0.0,0.0,True,True
2,1.0,40.0,netto,pess,bestaa,62.03,61.355,62.7,62.03,0.0,True,True
2,1.0,40.0,netto,pess,ruin,37.97,37.3,38.645,37.97,0.0,True,True
2,1.0,40.0,netto,pess,uafgjort,0.0,0.0,0.019,0.0,0.0,True,True
2,1.0,40.0,brutto,opt,bestaa,74.16,73.549,74.762,74.16,0.0,True,True
2,1.0,40.0,brutto,opt,ruin,25.84,25.238,26.451,25.84,0.0,True,True
2,1.0,40.0,brutto,opt,uafgjort,0.0,0.0,0.019,0.0,0.0,True,True
2,1.0,40.0,brutto,pess,bestaa,69.05,68.406,69.687,69.045,-0.005,True,True
2,1.0,40.0,brutto,pess,ruin,30.95,30.313,31.594,30.955,0.005,True,True
2,1.0,40.0,brutto,pess,uafgjort,0.0,0.0,0.019,0.0,0.0,True,True
2,1.0,45.0,netto,opt,bestaa,88.86,88.416,89.289,88.86,0.0,True,True
2,1.0,45.0,netto,opt,ruin,11.14,10.711,11.584,11.14,0.0,True,True
2,1.0,45.0,netto,opt,uafgjort,0.0,0.0,0.019,0.0,0.0,True,True
2,1.0,45.0,netto,pess,bestaa,84.96,84.458,85.449,84.96,0.0,True,True
2,1.0,45.0,netto,pess,ruin,15.04,14.551,15.542,15.04,0.0,True,True
2,1.0,45.0,netto,pess,uafgjort,0.0,0.0,0.019,0.0,0.0,True,True
2,1.0,45.0,brutto,opt,bestaa,92.19,91.81,92.554,92.195,0.005,True,True
2,1.0,45.0,brutto,opt,ruin,7.8,7.436,8.18,7.805,0.005,True,True
2,1.0,45.0,brutto,opt,uafgjort,0.0,0.0,0.019,0.0,0.0,True,True
2,1.0,45.0,brutto,pess,bestaa,89.17,88.732,89.593,89.165,-0.005,True,True
2,1.0,45.0,brutto,pess,ruin,10.84,10.417,11.278,10.835,-0.005,True,True
2,1.0,45.0,brutto,pess,uafgjort,0.0,0.0,0.019,0.0,0.0,True,True
3,0.5,34.0,netto,opt,bestaa,18.83,18.294,19.378,18.83,0.0,True,True
3,0.5,34.0,netto,opt,ruin,81.06,80.511,81.597,81.065,0.005,True,True
3,0.5,34.0,netto,opt,uafgjort,0.1,0.065,0.154,0.105,0.005,True,True
3,0.5,34.0,netto,pess,bestaa,17.16,16.644,17.689,17.165,0.005,True,True
3,0.5,34.0,netto,pess,ruin,82.8,82.271,83.317,82.8,0.0,True,True
3,0.5,34.0,netto,pess,uafgjort,0.04,0.02,0.079,0.035,-0.005,True,True
3,0.5,34.0,brutto,opt,bestaa,31.86,31.218,32.509,31.86,0.0,True,True
3,0.5,34.0,brutto,opt,ruin,67.98,67.33,68.623,67.985,0.005,True,True
3,0.5,34.0,brutto,opt,uafgjort,0.15,0.105,0.214,0.155,0.005,True,True
3,0.5,34.0,brutto,pess,bestaa,29.09,28.465,29.723,29.095,0.005,True,True
3,0.5,34.0,brutto,pess,ruin,70.82,70.186,71.446,70.82,0.0,True,True
3,0.5,34.0,brutto,pess,uafgjort,0.09,0.057,0.142,0.085,-0.005,True,True
3,0.5,37.0,netto,opt,bestaa,44.8,44.112,45.49,44.805,0.005,True,True
3,0.5,37.0,netto,opt,ruin,55.15,54.46,55.838,55.145,-0.005,True,True
3,0.5,37.0,netto,opt,uafgjort,0.05,0.027,0.092,0.05,0.0,True,True
3,0.5,37.0,netto,pess,bestaa,40.89,40.21,41.573,40.89,0.0,True,True
3,0.5,37.0,netto,pess,ruin,59.08,58.397,59.76,59.08,0.0,True,True
3,0.5,37.0,netto,pess,uafgjort,0.03,0.014,0.065,0.03,0.0,True,True
3,0.5,37.0,brutto,opt,bestaa,60.55,59.871,61.225,60.55,0.0,True,True
3,0.5,37.0,brutto,opt,ruin,39.4,38.725,40.079,39.4,0.0,True,True
3,0.5,37.0,brutto,opt,uafgjort,0.05,0.027,0.092,0.05,0.0,True,True
3,0.5,37.0,brutto,pess,bestaa,56.13,55.441,56.816,56.13,0.0,True,True
3,0.5,37.0,brutto,pess,ruin,43.85,43.164,44.539,43.855,0.005,True,True
3,0.5,37.0,brutto,pess,uafgjort,0.02,0.008,0.051,0.015,-0.005,True,True
3,0.5,40.0,netto,opt,bestaa,70.89,70.256,71.516,70.89,0.0,True,True
3,0.5,40.0,netto,opt,ruin,29.09,28.465,29.723,29.085,-0.005,True,True
3,0.5,40.0,netto,opt,uafgjort,0.03,0.014,0.065,0.025,-0.005,True,True
3,0.5,40.0,netto,pess,bestaa,66.8,66.144,67.449,66.79,-0.01,True,False
3,0.5,40.0,netto,pess,ruin,33.2,32.551,33.856,33.195,-0.005,True,True
3,0.5,40.0,netto,pess,uafgjort,0.01,0.003,0.036,0.015,0.005,True,True
3,0.5,40.0,brutto,opt,bestaa,81.63,81.087,82.161,81.64,0.01,True,False
3,0.5,40.0,brutto,opt,ruin,18.36,17.83,18.903,18.355,-0.005,True,True
3,0.5,40.0,brutto,opt,uafgjort,0.01,0.003,0.036,0.005,-0.005,True,True
3,0.5,40.0,brutto,pess,bestaa,77.97,77.39,78.539,77.975,0.005,True,True
3,0.5,40.0,brutto,pess,ruin,22.02,21.451,22.6,22.025,0.005,True,True
3,0.5,40.0,brutto,pess,uafgjort,0.0,0.0,0.019,0.0,0.0,True,True
3,0.5,45.0,netto,opt,bestaa,93.33,92.976,93.668,93.335,0.005,True,True
3,0.5,45.0,netto,opt,ruin,6.67,6.332,7.024,6.665,-0.005,True,True
3,0.5,45.0,netto,opt,uafgjort,0.0,0.0,0.019,0.0,0.0,True,True
3,0.5,45.0,netto,pess,bestaa,91.19,90.789,91.575,91.185,-0.005,True,True
3,0.5,45.0,netto,pess,ruin,8.81,8.425,9.211,8.815,0.005,True,True
3,0.5,45.0,netto,pess,uafgjort,0.0,0.0,0.019,0.0,0.0,True,True
3,0.5,45.0,brutto,opt,bestaa,96.44,96.174,96.688,96.445,0.005,True,True
3,0.5,45.0,brutto,opt,ruin,3.56,3.312,3.826,3.555,-0.005,True,True
3,0.5,45.0,brutto,opt,uafgjort,0.0,0.0,0.019,0.0,0.0,True,True
3,0.5,45.0,brutto,pess,bestaa,95.0,94.689,95.294,95.01,0.01,True,False
3,0.5,45.0,brutto,pess,ruin,5.0,4.706,5.311,4.99,-0.01,True,False
3,0.5,45.0,brutto,pess,uafgjort,0.0,0.0,0.019,0.0,0.0,True,True
3,0.75,34.0,netto,opt,bestaa,24.19,23.602,24.788,24.185,-0.005,True,True
3,0.75,34.0,netto,opt,ruin,75.81,75.212,76.398,75.815,0.005,True,True
3,0.75,34.0,netto,opt,uafgjort,0.0,0.0,0.019,0.0,0.0,True,True
3,0.75,34.0,netto,pess,bestaa,21.08,20.52,21.651,21.07,-0.01,True,False
3,0.75,34.0,netto,pess,ruin,78.92,78.349,79.48,78.93,0.01,True,False
3,0.75,34.0,netto,pess,uafgjort,0.0,0.0,0.019,0.0,0.0,True,True
3,0.75,34.0,brutto,opt,bestaa,28.98,28.355,29.613,28.975,-0.005,True,True
3,0.75,34.0,brutto,opt,ruin,71.03,70.397,71.655,71.025,-0.005,True,True
3,0.75,34.0,brutto,opt,uafgjort,0.0,0.0,0.019,0.0,0.0,True,True
3,0.75,34.0,brutto,pess,bestaa,25.11,24.514,25.716,25.115,0.005,True,True
3,0.75,34.0,brutto,pess,ruin,74.89,74.284,75.486,74.885,-0.005,True,True
3,0.75,34.0,brutto,pess,uafgjort,0.0,0.0,0.019,0.0,0.0,True,True
3,0.75,37.0,netto,opt,bestaa,43.35,42.665,44.038,43.345,-0.005,True,True
3,0.75,37.0,netto,opt,ruin,56.65,55.962,57.335,56.655,0.005,True,True
3,0.75,37.0,netto,opt,uafgjort,0.0,0.0,0.019,0.0,0.0,True,True
3,0.75,37.0,netto,pess,bestaa,38.05,37.379,38.725,38.05,0.0,True,True
3,0.75,37.0,netto,pess,ruin,61.95,61.275,62.621,61.95,0.0,True,True
3,0.75,37.0,netto,pess,uafgjort,0.0,0.0,0.019,0.0,0.0,True,True
3,0.75,37.0,brutto,opt,bestaa,48.37,47.678,49.063,48.35,-0.02,True,False
3,0.75,37.0,brutto,opt,ruin,51.63,50.937,52.322,51.65,0.02,True,False
3,0.75,37.0,brutto,opt,uafgjort,0.0,0.0,0.019,0.0,0.0,True,True
3,0.75,37.0,brutto,pess,bestaa,42.28,41.597,42.966,42.29,0.01,True,False
3,0.75,37.0,brutto,pess,ruin,57.72,57.034,58.403,57.71,-0.01,True,False
3,0.75,37.0,brutto,pess,uafgjort,0.0,0.0,0.019,0.0,0.0,True,True
3,0.75,40.0,netto,opt,bestaa,63.03,62.359,63.696,63.03,0.0,True,True
3,0.75,40.0,netto,opt,ruin,36.97,36.304,37.641,36.97,0.0,True,True
3,0.75,40.0,netto,opt,uafgjort,0.0,0.0,0.019,0.0,0.0,True,True
3,0.75,40.0,netto,pess,bestaa,56.8,56.112,57.485,56.795,-0.005,True,True
3,0.75,40.0,netto,pess,ruin,43.2,42.515,43.888,43.205,0.005,True,True
3,0.75,40.0,netto,pess,uafgjort,0.0,0.0,0.019,0.0,0.0,True,True
3,0.75,40.0,brutto,opt,bestaa,67.11,66.456,67.758,67.115,0.005,True,True
3,0.75,40.0,brutto,opt,ruin,32.89,32.242,33.544,32.885,-0.005,True,True
3,0.75,40.0,brutto,opt,uafgjort,0.0,0.0,0.019,0.0,0.0,True,True
3,0.75,40.0,brutto,pess,bestaa,60.35,59.67,61.026,60.35,0.0,True,True
3,0.75,40.0,brutto,pess,ruin,39.65,38.974,40.33,39.65,0.0,True,True
3,0.75,40.0,brutto,pess,uafgjort,0.0,0.0,0.019,0.0,0.0,True,True
3,0.75,45.0,netto,opt,bestaa,85.48,84.985,85.961,85.475,-0.005,True,True
3,0.75,45.0,netto,opt,ruin,14.52,14.039,15.015,14.525,0.005,True,True
3,0.75,45.0,netto,opt,uafgjort,0.0,0.0,0.019,0.0,0.0,True,True
3,0.75,45.0,netto,pess,bestaa,80.05,79.49,80.598,80.045,-0.005,True,True
3,0.75,45.0,netto,pess,ruin,19.95,19.402,20.51,19.955,0.005,True,True
3,0.75,45.0,netto,pess,uafgjort,0.0,0.0,0.019,0.0,0.0,True,True
3,0.75,45.0,brutto,opt,bestaa,87.09,86.618,87.548,87.09,0.0,True,True
3,0.75,45.0,brutto,opt,ruin,12.91,12.452,13.382,12.91,0.0,True,True
3,0.75,45.0,brutto,opt,uafgjort,0.0,0.0,0.019,0.0,0.0,True,True
3,0.75,45.0,brutto,pess,bestaa,82.08,81.542,82.605,82.09,0.01,True,False
3,0.75,45.0,brutto,pess,ruin,17.91,17.385,18.448,17.91,0.0,True,True
3,0.75,45.0,brutto,pess,uafgjort,0.0,0.0,0.019,0.0,0.0,True,True
3,1.0,34.0,netto,opt,bestaa,26.68,26.072,27.297,26.685,0.005,True,True
3,1.0,34.0,netto,opt,ruin,73.31,72.693,73.919,73.315,0.005,True,True
3,1.0,34.0,netto,opt,uafgjort,0.0,0.0,0.019,0.0,0.0,True,True
3,1.0,34.0,netto,pess,bestaa,22.32,21.748,22.902,22.325,0.005,True,True
3,1.0,34.0,netto,pess,ruin,77.68,77.098,78.252,77.675,-0.005,True,True
3,1.0,34.0,netto,pess,uafgjort,0.0,0.0,0.019,0.0,0.0,True,True
3,1.0,34.0,brutto,opt,bestaa,27.97,27.352,28.596,27.97,0.0,True,True
3,1.0,34.0,brutto,opt,ruin,72.03,71.404,72.648,72.03,0.0,True,True
3,1.0,34.0,brutto,opt,uafgjort,0.0,0.0,0.019,0.0,0.0,True,True
3,1.0,34.0,brutto,pess,bestaa,23.27,22.69,23.861,23.27,0.0,True,True
3,1.0,34.0,brutto,pess,ruin,76.73,76.139,77.31,76.73,0.0,True,True
3,1.0,34.0,brutto,pess,uafgjort,0.0,0.0,0.019,0.0,0.0,True,True
3,1.0,37.0,netto,opt,bestaa,40.61,39.931,41.292,40.605,-0.005,True,True
3,1.0,37.0,netto,opt,ruin,59.39,58.708,60.069,59.395,0.005,True,True
3,1.0,37.0,netto,opt,uafgjort,0.0,0.0,0.019,0.0,0.0,True,True
3,1.0,37.0,netto,pess,bestaa,34.28,33.625,34.941,34.28,0.0,True,True
3,1.0,37.0,netto,pess,ruin,65.72,65.059,66.375,65.72,0.0,True,True
3,1.0,37.0,netto,pess,uafgjort,0.0,0.0,0.019,0.0,0.0,True,True
3,1.0,37.0,brutto,opt,bestaa,42.29,41.607,42.976,42.29,0.0,True,True
3,1.0,37.0,brutto,opt,ruin,57.71,57.024,58.393,57.71,0.0,True,True
3,1.0,37.0,brutto,opt,uafgjort,0.0,0.0,0.019,0.0,0.0,True,True
3,1.0,37.0,brutto,pess,bestaa,35.56,34.899,36.226,35.565,0.005,True,True
3,1.0,37.0,brutto,pess,ruin,64.44,63.774,65.101,64.435,-0.005,True,True
3,1.0,37.0,brutto,pess,uafgjort,0.0,0.0,0.019,0.0,0.0,True,True
3,1.0,40.0,netto,opt,bestaa,57.67,56.984,58.353,57.67,0.0,True,True
3,1.0,40.0,netto,opt,ruin,42.33,41.647,43.016,42.33,0.0,True,True
3,1.0,40.0,netto,opt,uafgjort,0.0,0.0,0.019,0.0,0.0,True,True
3,1.0,40.0,netto,pess,bestaa,49.72,49.027,50.413,49.72,0.0,True,True
3,1.0,40.0,netto,pess,ruin,50.28,49.587,50.973,50.28,0.0,True,True
3,1.0,40.0,netto,pess,uafgjort,0.0,0.0,0.019,0.0,0.0,True,True
3,1.0,40.0,brutto,opt,bestaa,59.12,58.437,59.8,59.12,0.0,True,True
3,1.0,40.0,brutto,opt,ruin,40.88,40.2,41.563,40.88,0.0,True,True
3,1.0,40.0,brutto,opt,uafgjort,0.0,0.0,0.019,0.0,0.0,True,True
3,1.0,40.0,brutto,pess,bestaa,50.85,50.157,51.543,50.85,0.0,True,True
3,1.0,40.0,brutto,pess,ruin,49.15,48.457,49.843,49.15,0.0,True,True
3,1.0,40.0,brutto,pess,uafgjort,0.0,0.0,0.019,0.0,0.0,True,True
3,1.0,45.0,netto,opt,bestaa,78.38,77.804,78.945,78.365,-0.015,True,False
3,1.0,45.0,netto,opt,ruin,21.62,21.055,22.196,21.635,0.015,True,False
3,1.0,45.0,netto,opt,uafgjort,0.0,0.0,0.019,0.0,0.0,True,True
3,1.0,45.0,netto,pess,bestaa,70.98,70.347,71.605,70.97,-0.01,True,False
3,1.0,45.0,netto,pess,ruin,29.02,28.395,29.653,29.03,0.01,True,False
3,1.0,45.0,netto,pess,uafgjort,0.0,0.0,0.019,0.0,0.0,True,True
3,1.0,45.0,brutto,opt,bestaa,79.11,78.541,79.668,79.105,-0.005,True,True
3,1.0,45.0,brutto,opt,ruin,20.89,20.332,21.459,20.895,0.005,True,True
3,1.0,45.0,brutto,opt,uafgjort,0.0,0.0,0.019,0.0,0.0,True,True
3,1.0,45.0,brutto,pess,bestaa,71.59,70.961,72.211,71.59,0.0,True,True
3,1.0,45.0,brutto,pess,ruin,28.41,27.789,29.039,28.41,0.0,True,True
3,1.0,45.0,brutto,pess,uafgjort,0.0,0.0,0.019,0.0,0.0,True,True
