kontrakter,stop_ATR,R_pr_kontrakt_usd,risiko_pr_handel_usd,risiko_pct_af_MLL,omk_R_netto,be_WR_pct,antaget_WR_pct,edge_pp,bestaa_pct_netto_opt,bestaa_CI_netto_opt,ruin_pct_netto_opt,ruin_CI_netto_opt,uafgjort_pct_netto_opt,median_dage_bestaaet,bestaa_pct_netto_pess,bestaa_CI_netto_pess,ruin_pct_netto_pess,ruin_CI_netto_pess,uafgjort_pct_netto_pess,bestaa_pct_brutto_opt,bestaa_CI_brutto_opt,ruin_pct_brutto_opt,ruin_CI_brutto_opt,uafgjort_pct_brutto_opt,bestaa_pct_brutto_pess,bestaa_CI_brutto_pess,ruin_pct_brutto_pess,ruin_CI_brutto_pess,uafgjort_pct_brutto_pess
1,0.5,49.79,52.27,2.61,0.0496,34.99,34.0,-0.99,1.44,"[1.3, 1.6]",41.49,"[40.8, 42.2]",57.08,157.0,1.44,"[1.3, 1.6]",43.53,"[42.8, 44.2]",55.03,5.79,"[5.5, 6.1]",19.05,"[18.5, 19.6]",75.16,5.79,"[5.5, 6.1]",20.58,"[20.0, 21.1]",73.62
1,0.5,49.79,52.27,2.61,0.0496,34.99,37.0,2.01,15.85,"[15.3, 16.4]",9.67,"[9.3, 10.1]",74.48,155.0,15.85,"[15.3, 16.4]",10.73,"[10.3, 11.2]",73.42,35.8,"[35.1, 36.5]",2.67,"[2.5, 2.9]",61.52,35.8,"[35.1, 36.5]",3.04,"[2.8, 3.3]",61.16
1,0.5,49.79,52.27,2.61,0.0496,34.99,40.0,5.01,57.27,"[56.6, 58.0]",1.11,"[1.0, 1.3]",41.61,141.0,57.27,"[56.6, 58.0]",1.31,"[1.2, 1.5]",41.41,79.47,"[78.9, 80.0]",0.17,"[0.1, 0.2]",20.36,79.47,"[78.9, 80.0]",0.2,"[0.2, 0.3]",20.33
1,0.5,49.79,52.27,2.61,0.0496,34.99,45.0,10.01,98.53,"[98.3, 98.7]",0.0,"[0.0, 0.0]",1.48,96.0,98.53,"[98.3, 98.7]",0.0,"[0.0, 0.0]",1.48,99.72,"[99.6, 99.8]",0.0,"[0.0, 0.0]",0.28,99.72,"[99.6, 99.8]",0.0,"[0.0, 0.0]",0.28
1,0.75,74.69,77.16,3.86,0.0331,34.44,34.0,-0.44,10.69,"[10.3, 11.1]",63.85,"[63.2, 64.5]",25.45,129.0,10.55,"[10.1, 11.0]",66.7,"[66.0, 67.4]",22.75,20.18,"[19.6, 20.7]",48.45,"[47.8, 49.1]",31.38,19.96,"[19.4, 20.5]",51.3,"[50.6, 52.0]",28.73
1,0.75,74.69,77.16,3.86,0.0331,34.44,37.0,2.56,47.23,"[46.5, 47.9]",24.53,"[23.9, 25.1]",28.24,122.0,46.85,"[46.2, 47.5]",27.05,"[26.4, 27.7]",26.1,63.1,"[62.4, 63.8]",14.65,"[14.2, 15.1]",22.25,62.65,"[62.0, 63.3]",16.43,"[15.9, 17.0]",20.92
1,0.75,74.69,77.16,3.86,0.0331,34.44,40.0,5.56,86.02,"[85.5, 86.5]",5.28,"[5.0, 5.6]",8.71,99.0,85.59,"[85.1, 86.1]",6.18,"[5.9, 6.5]",8.23,93.21,"[92.9, 93.6]",2.62,"[2.4, 2.8]",4.17,92.8,"[92.4, 93.1]",3.31,"[3.1, 3.6]",3.9
1,0.75,74.69,77.16,3.86,0.0331,34.44,45.0,10.56,99.72,"[99.6, 99.8]",0.2,"[0.1, 0.3]",0.08,61.0,99.69,"[99.6, 99.8]",0.24,"[0.2, 0.3]",0.07,99.86,"[99.8, 99.9]",0.12,"[0.1, 0.2]",0.02,99.84,"[99.8, 99.9]",0.14,"[0.1, 0.2]",0.01
1,1.0,99.59,102.06,5.1,0.0248,34.16,34.0,-0.16,21.27,"[20.7, 21.8]",72.08,"[71.5, 72.7]",6.65,96.0,20.45,"[19.9, 21.0]",74.26,"[73.6, 74.9]",5.29,30.86,"[30.2, 31.5]",60.8,"[60.1, 61.5]",8.35,29.66,"[29.0, 30.3]",63.63,"[63.0, 64.3]",6.7
1,1.0,99.59,102.06,5.1,0.0248,34.16,37.0,2.84,59.38,"[58.7, 60.1]",34.55,"[33.9, 35.2]",6.07,89.0,57.67,"[57.0, 58.4]",37.56,"[36.9, 38.2]",4.77,70.12,"[69.5, 70.8]",24.73,"[24.1, 25.3]",5.16,68.14,"[67.5, 68.8]",27.67,"[27.1, 28.3]",4.2
1,1.0,99.59,102.06,5.1,0.0248,34.16,40.0,5.84,88.61,"[88.2, 89.0]",10.09,"[9.7, 10.5]",1.3,69.0,87.05,"[86.6, 87.5]",11.84,"[11.4, 12.3]",1.11,92.79,"[92.4, 93.1]",6.41,"[6.1, 6.8]",0.8,91.47,"[91.1, 91.9]",7.86,"[7.5, 8.2]",0.67
1,1.0,99.59,102.06,5.1,0.0248,34.16,45.0,10.84,99.08,"[98.9, 99.2]",0.9,"[0.8, 1.0]",0.01,44.0,98.83,"[98.7, 99.0]",1.16,"[1.0, 1.3]",0.01,99.47,"[99.4, 99.6]",0.53,"[0.4, 0.6]",0.0,99.27,"[99.1, 99.4]",0.73,"[0.6, 0.9]",0.0
2,0.5,49.79,104.53,5.23,0.0496,34.99,34.0,-0.99,14.15,"[13.7, 14.6]",80.83,"[80.3, 81.4]",5.02,94.0,13.6,"[13.1, 14.1]",82.54,"[82.0, 83.1]",3.86,30.96,"[30.3, 31.6]",61.05,"[60.4, 61.7]",7.99,29.71,"[29.1, 30.4]",63.88,"[63.2, 64.5]",6.41
2,0.5,49.79,104.53,5.23,0.0496,34.99,37.0,2.01,48.0,"[47.3, 48.7]",45.13,"[44.4, 45.8]",6.87,91.0,46.12,"[45.4, 46.8]",48.44,"[47.7, 49.1]",5.44,69.81,"[69.2, 70.4]",25.11,"[24.5, 25.7]",5.08,68.06,"[67.4, 68.7]",27.79,"[27.2, 28.4]",4.15
2,0.5,49.79,104.53,5.23,0.0496,34.99,40.0,5.01,82.53,"[82.0, 83.1]",15.16,"[14.7, 15.7]",2.3,74.0,80.56,"[80.0, 81.1]",17.69,"[17.2, 18.2]",1.75,92.67,"[92.3, 93.0]",6.59,"[6.3, 6.9]",0.74,91.47,"[91.1, 91.8]",7.91,"[7.5, 8.3]",0.63
2,0.5,49.79,104.53,5.23,0.0496,34.99,45.0,10.01,98.53,"[98.4, 98.7]",1.45,"[1.3, 1.6]",0.02,46.0,98.03,"[97.8, 98.2]",1.95,"[1.8, 2.2]",0.02,99.56,"[99.5, 99.6]",0.44,"[0.4, 0.5]",0.0,99.28,"[99.2, 99.4]",0.71,"[0.6, 0.8]",0.0
2,0.75,74.69,154.33,7.72,0.0331,34.44,34.0,-0.44,22.98,"[22.4, 23.6]",76.93,"[76.3, 77.5]",0.09,49.0,20.95,"[20.4, 21.5]",79.0,"[78.4, 79.6]",0.04,31.68,"[31.0, 32.3]",68.19,"[67.5, 68.8]",0.13,29.08,"[28.5, 29.7]",70.89,"[70.3, 71.5]",0.03
2,0.75,74.69,154.33,7.72,0.0331,34.44,37.0,2.56,49.67,"[49.0, 50.4]",50.28,"[49.6, 51.0]",0.04,46.0,45.76,"[45.1, 46.5]",54.23,"[53.5, 54.9]",0.01,60.18,"[59.5, 60.9]",39.74,"[39.1, 40.4]",0.08,55.93,"[55.2, 56.6]",44.04,"[43.4, 44.7]",0.03
2,0.75,74.69,154.33,7.72,0.0331,34.44,40.0,5.56,73.83,"[73.2, 74.4]",26.13,"[25.5, 26.7]",0.04,40.0,69.53,"[68.9, 70.2]",30.46,"[29.8, 31.1]",0.01,81.28,"[80.7, 81.8]",18.71,"[18.2, 19.3]",0.01,77.53,"[77.0, 78.1]",22.46,"[21.9, 23.0]",0.0
2,0.75,74.69,154.33,7.72,0.0331,34.44,45.0,10.56,94.31,"[94.0, 94.6]",5.7,"[5.4, 6.0]",0.0,28.0,92.41,"[92.0, 92.8]",7.59,"[7.2, 8.0]",0.0,96.26,"[96.0, 96.5]",3.74,"[3.5, 4.0]",0.0,94.94,"[94.6, 95.2]",5.07,"[4.8, 5.4]",0.0
2,1.0,99.59,204.12,10.21,0.0248,34.16,34.0,-0.16,26.16,"[25.6, 26.8]",73.83,"[73.2, 74.4]",0.0,29.0,23.21,"[22.6, 23.8]",76.79,"[76.2, 77.4]",0.0,31.75,"[31.1, 32.4]",68.25,"[67.6, 68.9]",0.0,28.45,"[27.8, 29.1]",71.55,"[70.9, 72.2]",0.0
2,1.0,99.59,204.12,10.21,0.0248,34.16,37.0,2.84,46.66,"[46.0, 47.4]",53.34,"[52.6, 54.0]",0.0,28.0,41.52,"[40.8, 42.2]",58.48,"[57.8, 59.2]",0.0,54.0,"[53.3, 54.7]",46.0,"[45.3, 46.7]",0.0,49.11,"[48.4, 49.8]",50.89,"[50.2, 51.6]",0.0
2,1.0,99.59,204.12,10.21,0.0248,34.16,40.0,5.84,67.65,"[67.0, 68.3]",32.35,"[31.7, 33.0]",0.0,25.0,62.03,"[61.4, 62.7]",37.97,"[37.3, 38.6]",0.0,74.16,"[73.5, 74.8]",25.84,"[25.2, 26.5]",0.0,69.05,"[68.4, 69.7]",30.95,"[30.3, 31.6]",0.0
2,1.0,99.59,204.12,10.21,0.0248,34.16,45.0,10.84,88.86,"[88.4, 89.3]",11.14,"[10.7, 11.6]",0.0,19.0,84.96,"[84.5, 85.4]",15.04,"[14.6, 15.5]",0.0,92.19,"[91.8, 92.6]",7.8,"[7.4, 8.2]",0.0,89.17,"[88.7, 89.6]",10.84,"[10.4, 11.3]",0.0
3,0.5,49.79,156.8,7.84,0.0496,34.99,34.0,-0.99,18.83,"[18.3, 19.4]",81.06,"[80.5, 81.6]",0.1,47.0,17.16,"[16.6, 17.7]",82.8,"[82.3, 83.3]",0.04,31.86,"[31.2, 32.5]",67.98,"[67.3, 68.6]",0.15,29.09,"[28.5, 29.7]",70.82,"[70.2, 71.4]",0.09
3,0.5,49.79,156.8,7.84,0.0496,34.99,37.0,2.01,44.8,"[44.1, 45.5]",55.15,"[54.5, 55.8]",0.05,47.0,40.89,"[40.2, 41.6]",59.08,"[58.4, 59.8]",0.03,60.55,"[59.9, 61.2]",39.4,"[38.7, 40.1]",0.05,56.13,"[55.4, 56.8]",43.85,"[43.2, 44.5]",0.02
3,0.5,49.79,156.8,7.84,0.0496,34.99,40.0,5.01,70.89,"[70.3, 71.5]",29.09,"[28.5, 29.7]",0.03,41.0,66.8,"[66.1, 67.4]",33.2,"[32.5, 33.9]",0.01,81.63,"[81.1, 82.2]",18.36,"[17.8, 18.9]",0.01,77.97,"[77.4, 78.5]",22.02,"[21.5, 22.6]",0.0
3,0.5,49.79,156.8,7.84,0.0496,34.99,45.0,10.01,93.33,"[93.0, 93.7]",6.67,"[6.3, 7.0]",0.0,29.0,91.19,"[90.8, 91.6]",8.81,"[8.4, 9.2]",0.0,96.44,"[96.2, 96.7]",3.56,"[3.3, 3.8]",0.0,95.0,"[94.7, 95.3]",5.0,"[4.7, 5.3]",0.0
3,0.75,74.69,231.49,11.57,0.0331,34.44,34.0,-0.44,24.19,"[23.6, 24.8]",75.81,"[75.2, 76.4]",0.0,23.0,21.08,"[20.5, 21.7]",78.92,"[78.3, 79.5]",0.0,28.98,"[28.4, 29.6]",71.03,"[70.4, 71.6]",0.0,25.11,"[24.5, 25.7]",74.89,"[74.3, 75.5]",0.0
3,0.75,74.69,231.49,11.57,0.0331,34.44,37.0,2.56,43.35,"[42.7, 44.0]",56.65,"[56.0, 57.3]",0.0,23.0,38.05,"[37.4, 38.7]",61.95,"[61.3, 62.6]",0.0,48.37,"[47.7, 49.1]",51.63,"[50.9, 52.3]",0.0,42.28,"[41.6, 43.0]",57.72,"[57.0, 58.4]",0.0
3,0.75,74.69,231.49,11.57,0.0331,34.44,40.0,5.56,63.03,"[62.4, 63.7]",36.97,"[36.3, 37.6]",0.0,21.0,56.8,"[56.1, 57.5]",43.2,"[42.5, 43.9]",0.0,67.11,"[66.5, 67.8]",32.89,"[32.2, 33.5]",0.0,60.35,"[59.7, 61.0]",39.65,"[39.0, 40.3]",0.0
3,0.75,74.69,231.49,11.57,0.0331,34.44,45.0,10.56,85.48,"[85.0, 86.0]",14.52,"[14.0, 15.0]",0.0,17.0,80.05,"[79.5, 80.6]",19.95,"[19.4, 20.5]",0.0,87.09,"[86.6, 87.5]",12.91,"[12.5, 13.4]",0.0,82.08,"[81.5, 82.6]",17.91,"[17.4, 18.5]",0.0
3,1.0,99.59,306.18,15.31,0.0248,34.16,34.0,-0.16,26.68,"[26.1, 27.3]",73.31,"[72.7, 73.9]",0.0,15.0,22.32,"[21.7, 22.9]",77.68,"[77.1, 78.3]",0.0,27.97,"[27.4, 28.6]",72.03,"[71.4, 72.6]",0.0,23.27,"[22.7, 23.9]",76.73,"[76.1, 77.3]",0.0
3,1.0,99.59,306.18,15.31,0.0248,34.16,37.0,2.84,40.61,"[39.9, 41.3]",59.39,"[58.7, 60.1]",0.0,15.0,34.28,"[33.6, 34.9]",65.72,"[65.1, 66.4]",0.0,42.29,"[41.6, 43.0]",57.71,"[57.0, 58.4]",0.0,35.56,"[34.9, 36.2]",64.44,"[63.8, 65.1]",0.0
3,1.0,99.59,306.18,15.31,0.0248,34.16,40.0,5.84,57.67,"[57.0, 58.4]",42.33,"[41.6, 43.0]",0.0,14.0,49.72,"[49.0, 50.4]",50.28,"[49.6, 51.0]",0.0,59.12,"[58.4, 59.8]",40.88,"[40.2, 41.6]",0.0,50.85,"[50.2, 51.5]",49.15,"[48.5, 49.8]",0.0
3,1.0,99.59,306.18,15.31,0.0248,34.16,45.0,10.84,78.38,"[77.8, 78.9]",21.62,"[21.1, 22.2]",0.0,12.0,70.98,"[70.3, 71.6]",29.02,"[28.4, 29.7]",0.0,79.11,"[78.5, 79.7]",20.89,"[20.3, 21.5]",0.0,71.59,"[71.0, 72.2]",28.41,"[27.8, 29.0]",0.0
